swarm.chat.failure {
  requestId: '785c0f16-2721-401d-b950-0f2ef95ddb74',
  durationMs: 51,
  stage: 'chat',
  category: 'server',
  status: 503,
  attempt: 1,
  retryCount: 0,
  timedOut: false,
  aborted: false,
  connectionLost: false
}
swarm.chat.failure {
  requestId: '95dbb786-959c-41a7-b9da-05c8eeeb4bf3',
  durationMs: 60,
  stage: 'plan',
  category: 'rate_limit',
  status: 429,
  attempt: 1,
  retryCount: 0,
  timedOut: false,
  aborted: false,
  connectionLost: false
}
swarm.chat.failure {
  requestId: '29c7fb42-602a-48a4-ad63-b4a560b54bd7',
  durationMs: 91,
  stage: 'review',
  category: 'network',
  status: undefined,
  attempt: 3,
  retryCount: 2,
  timedOut: false,
  aborted: false,
  connectionLost: true
}
swarm.chat.failure {
  requestId: 'dce3517f-9594-41fa-8bb6-65c8ef6599f2',
  durationMs: 8,
  stage: 'plan',
  category: 'server',
  status: 503,
  attempt: 1,
  retryCount: 0,
  timedOut: false,
  aborted: false,
  connectionLost: false
}
swarm.chat.failure {
  requestId: 'ec8d79a4-58a9-423c-ba08-2deeebb8bfe7',
  durationMs: 16,
  stage: 'chat',
  category: 'network',
  status: undefined,
  attempt: 1,
  retryCount: 0,
  timedOut: false,
  aborted: false,
  connectionLost: true
}
swarm.chat.failure {
  requestId: '09bf4d27-cc2b-43bc-8ea5-2015ae878923',
  durationMs: 20,
  stage: 'chat',
  category: 'rate_limit',
  status: 429,
  attempt: 1,
  retryCount: 0,
  timedOut: false,
  aborted: false,
  connectionLost: false
}
swarm.chat.failure {
  requestId: '9d90b3f4-4af8-4d1c-9813-ef1bea486d70',
  durationMs: 8,
  stage: 'chat',
  category: 'server',
  status: 503,
  attempt: 1,
  retryCount: 0,
  timedOut: false,
  aborted: false,
  connectionLost: false
}
swarm.chat.failure {
  requestId: '8ca16b76-7b5f-47c0-8315-551725894992',
  durationMs: 12,
  stage: 'plan',
  category: 'rate_limit',
  status: 429,
  attempt: 1,
  retryCount: 0,
  timedOut: false,
  aborted: false,
  connectionLost: false
}
swarm.chat.failure {
  requestId: '9f15c457-2af2-4cc9-a682-7c1a0ea68519',
  durationMs: 31,
  stage: 'review',
  category: 'network',
  status: undefined,
  attempt: 3,
  retryCount: 2,
  timedOut: false,
  aborted: false,
  connectionLost: true
}
swarm.chat.failure {
  requestId: 'd975c48b-90d9-43ec-899a-076d3d50169a',
  durationMs: 22,
  stage: 'chat',
  category: 'rate_limit',
  status: 429,
  attempt: 1,
  retryCount: 0,
  timedOut: false,
  aborted: false,
  connectionLost: false
}
swarm.chat.failure {
  requestId: 'fff0afa2-e068-45bc-a482-b8421d795c47',
  durationMs: 35,
  stage: 'chat',
  category: 'network',
  status: undefined,
  attempt: 1,
  retryCount: 0,
  timedOut: false,
  aborted: false,
  connectionLost: true
}
swarm.chat.failure {
  requestId: '7dc1cb9c-1d87-4f51-bfde-c5eb992fcda2',
  durationMs: 63,
  stage: 'plan',
  category: 'server',
  status: 503,
  attempt: 1,
  retryCount: 0,
  timedOut: false,
  aborted: false,
  connectionLost: false
}
swarm.chat.failure {
  requestId: 'ba288541-4642-47a7-b609-49209cb40a3f',
  durationMs: 14,
  stage: 'chat',
  category: 'server',
  status: 503,
  attempt: 1,
  retryCount: 0,
  timedOut: false,
  aborted: false,
  connectionLost: false
}
swarm.chat.failure {
  requestId: '2b6e943f-c5f6-4d27-a365-4aba9303c97a',
  durationMs: 17,
  stage: 'plan',
  category: 'rate_limit',
  status: 429,
  attempt: 1,
  retryCount: 0,
  timedOut: false,
  aborted: false,
  connectionLost: false
}
swarm.chat.failure {
  requestId: '72ad0c0d-3161-49d9-9e9d-3d57640b2535',
  durationMs: 27,
  stage: 'review',
  category: 'network',
  status: undefined,
  attempt: 3,
  retryCount: 2,
  timedOut: false,
  aborted: false,
  connectionLost: true
}
swarm.chat.failure {
  requestId: '05e40d9f-1d98-4cc4-9576-7398e6b580ab',
  durationMs: 9,
  stage: 'chat',
  category: 'network',
  status: undefined,
  attempt: 1,
  retryCount: 0,
  timedOut: false,
  aborted: false,
  connectionLost: true
}
swarm.chat.failure {
  requestId: 'c2520133-c981-4f8f-982f-22fc3335ec39',
  durationMs: 14,
  stage: 'chat',
  category: 'rate_limit',
  status: 429,
  attempt: 1,
  retryCount: 0,
  timedOut: false,
  aborted: false,
  connectionLost: false
}
swarm.chat.failure {
  requestId: 'f72b4b50-f5f1-4612-8cca-698fc2970deb',
  durationMs: 17,
  stage: 'plan',
  category: 'server',
  status: 503,
  attempt: 1,
  retryCount: 0,
  timedOut: false,
  aborted: false,
  connectionLost: false
}
swarm.chat.failure {
  requestId: '1db5b878-66cb-474a-a782-3d3015c73534',
  durationMs: 7,
  stage: 'chat',
  category: 'server',
  status: 503,
  attempt: 1,
  retryCount: 0,
  timedOut: false,
  aborted: false,
  connectionLost: false
}
swarm.chat.failure {
  requestId: '3b0cc3c2-d365-4901-a9a4-114beff410df',
  durationMs: 15,
  stage: 'plan',
  category: 'rate_limit',
  status: 429,
  attempt: 1,
  retryCount: 0,
  timedOut: false,
  aborted: false,
  connectionLost: false
}
swarm.chat.failure {
  requestId: 'e92200bd-c422-41d4-aa1e-0cf1f4e9bbe5',
  durationMs: 23,
  stage: 'review',
  category: 'network',
  status: undefined,
  attempt: 3,
  retryCount: 2,
  timedOut: false,
  aborted: false,
  connectionLost: true
}
swarm.chat.failure {
  requestId: 'cbf5b4d0-8eb2-4985-8ba0-47ecde61cc25',
  durationMs: 7,
  stage: 'chat',
  category: 'rate_limit',
  status: 429,
  attempt: 1,
  retryCount: 0,
  timedOut: false,
  aborted: false,
  connectionLost: false
}
swarm.chat.failure {
  requestId: '137c10b4-e804-47e8-b61c-cc5a4d9f72e4',
  durationMs: 17,
  stage: 'chat',
  category: 'network',
  status: undefined,
  attempt: 1,
  retryCount: 0,
  timedOut: false,
  aborted: false,
  connectionLost: true
}
swarm.chat.failure {
  requestId: '3621ba3d-3b75-4757-95e8-0225d53e3b6b',
  durationMs: 20,
  stage: 'plan',
  category: 'server',
  status: 503,
  attempt: 1,
  retryCount: 0,
  timedOut: false,
  aborted: false,
  connectionLost: false
}
swarm.chat.failure {
  requestId: '062aaa34-8a85-4f6f-87d6-0915d59579a1',
  durationMs: 10,
  stage: 'chat',
  category: 'server',
  status: 503,
  attempt: 1,
  retryCount: 0,
  timedOut: false,
  aborted: false,
  connectionLost: false
}
swarm.chat.failure {
  requestId: '85dcb175-dfe3-4ca7-aff0-59411be6d959',
  durationMs: 14,
  stage: 'plan',
  category: 'rate_limit',
  status: 429,
  attempt: 1,
  retryCount: 0,
  timedOut: false,
  aborted: false,
  connectionLost: false
}
swarm.chat.failure {
  requestId: 'd526a0ca-5aa6-45a6-b70c-0b0302b33e56',
  durationMs: 24,
  stage: 'review',
  category: 'network',
  status: undefined,
  attempt: 3,
  retryCount: 2,
  timedOut: false,
  aborted: false,
  connectionLost: true
}
swarm.chat.failure {
  requestId: '6b3bed69-eafa-4acc-886d-c84bcc8f0163',
  durationMs: 8,
  stage: 'chat',
  category: 'network',
  status: undefined,
  attempt: 1,
  retryCount: 0,
  timedOut: false,
  aborted: false,
  connectionLost: true
}
swarm.chat.failure {
  requestId: 'ecf740a9-f7c0-430d-8091-9352722470a1',
  durationMs: 14,
  stage: 'plan',
  category: 'server',
  status: 503,
  attempt: 1,
  retryCount: 0,
  timedOut: false,
  aborted: false,
  connectionLost: false
}
swarm.chat.failure {
  requestId: '395df687-b151-4ad9-ba2f-e98a46031b28',
  durationMs: 16,
  stage: 'chat',
  category: 'rate_limit',
  status: 429,
  attempt: 1,
  retryCount: 0,
  timedOut: false,
  aborted: false,
  connectionLost: false
}
swarm.chat.failure {
  requestId: 'aa7e113d-cd05-43a7-98cd-55ff83316843',
  durationMs: 6,
  stage: 'chat',
  category: 'server',
  status: 503,
  attempt: 1,
  retryCount: 0,
  timedOut: false,
  aborted: false,
  connectionLost: false
}
swarm.chat.failure {
  requestId: 'ca212612-ee4f-4e03-ab07-aeb7333eb26a',
  durationMs: 15,
  stage: 'plan',
  category: 'rate_limit',
  status: 429,
  attempt: 1,
  retryCount: 0,
  timedOut: false,
  aborted: false,
  connectionLost: false
}
swarm.chat.failure {
  requestId: '022ebc77-9fa7-4f52-a6b4-6f1b8c8d504b',
  durationMs: 31,
  stage: 'review',
  category: 'network',
  status: undefined,
  attempt: 3,
  retryCount: 2,
  timedOut: false,
  aborted: false,
  connectionLost: true
}
swarm.chat.failure {
  requestId: '4e441841-7137-4f99-b56a-73d1857dd674',
  durationMs: 12,
  stage: 'chat',
  category: 'rate_limit',
  status: 429,
  attempt: 1,
  retryCount: 0,
  timedOut: false,
  aborted: false,
  connectionLost: false
}
swarm.chat.failure {
  requestId: '81a6c994-e492-4de0-a968-8ec3bdc74190',
  durationMs: 16,
  stage: 'chat',
  category: 'network',
  status: undefined,
  attempt: 1,
  retryCount: 0,
  timedOut: false,
  aborted: false,
  connectionLost: true
}
swarm.chat.failure {
  requestId: '8cf2b8ea-719b-4ad6-85df-b5f190c3ef5f',
  durationMs: 19,
  stage: 'plan',
  category: 'server',
  status: 503,
  attempt: 1,
  retryCount: 0,
  timedOut: false,
  aborted: false,
  connectionLost: false
}
swarm.chat.failure {
  requestId: '4a176a21-9fcf-4310-9838-775f9acd2916',
  durationMs: 27,
  stage: 'chat',
  category: 'server',
  status: 503,
  attempt: 1,
  retryCount: 0,
  timedOut: false,
  aborted: false,
  connectionLost: false
}
swarm.chat.failure {
  requestId: '0b43e751-a736-4d2f-b916-c8786020c104',
  durationMs: 34,
  stage: 'plan',
  category: 'rate_limit',
  status: 429,
  attempt: 1,
  retryCount: 0,
  timedOut: false,
  aborted: false,
  connectionLost: false
}
swarm.chat.failure {
  requestId: '178d4cb7-3c41-403c-8b9b-ae81497ae691',
  durationMs: 62,
  stage: 'review',
  category: 'network',
  status: undefined,
  attempt: 3,
  retryCount: 2,
  timedOut: false,
  aborted: false,
  connectionLost: true
}
swarm.chat.failure {
  requestId: 'd9152310-94be-4adc-bf78-db91ffc22a3d',
  durationMs: 7,
  stage: 'chat',
  category: 'network',
  status: undefined,
  attempt: 1,
  retryCount: 0,
  timedOut: false,
  aborted: false,
  connectionLost: true
}
swarm.chat.failure {
  requestId: '58e1d049-6dd2-416a-8262-96e554fe4126',
  durationMs: 10,
  stage: 'chat',
  category: 'rate_limit',
  status: 429,
  attempt: 1,
  retryCount: 0,
  timedOut: false,
  aborted: false,
  connectionLost: false
}
swarm.chat.failure {
  requestId: 'e6dd0df3-4300-45df-b106-88a1435b9b3d',
  durationMs: 13,
  stage: 'plan',
  category: 'server',
  status: 503,
  attempt: 1,
  retryCount: 0,
  timedOut: false,
  aborted: false,
  connectionLost: false
}
swarm.chat.failure {
  requestId: '724836e6-0d47-496e-a3ec-fbed27c7cdfa',
  durationMs: 7,
  stage: 'chat',
  category: 'server',
  status: 503,
  attempt: 1,
  retryCount: 0,
  timedOut: false,
  aborted: false,
  connectionLost: false
}
swarm.chat.failure {
  requestId: 'e043e9a0-8e07-400b-a2dd-a20e96a32212',
  durationMs: 12,
  stage: 'plan',
  category: 'rate_limit',
  status: 429,
  attempt: 1,
  retryCount: 0,
  timedOut: false,
  aborted: false,
  connectionLost: false
}
swarm.chat.failure {
  requestId: '68ded5ac-c5b6-4f78-a09d-6997e6aae2e0',
  durationMs: 25,
  stage: 'review',
  category: 'network',
  status: undefined,
  attempt: 3,
  retryCount: 2,
  timedOut: false,
  aborted: false,
  connectionLost: true
}
swarm.chat.failure {
  requestId: '110f251d-f0eb-45bf-aebd-5ca1f92ac109',
  durationMs: 6,
  stage: 'chat',
  category: 'rate_limit',
  status: 429,
  attempt: 1,
  retryCount: 0,
  timedOut: false,
  aborted: false,
  connectionLost: false
}
swarm.chat.failure {
  requestId: '0b50fca2-a393-43c0-87c9-840857815bc7',
  durationMs: 11,
  stage: 'chat',
  category: 'network',
  status: undefined,
  attempt: 1,
  retryCount: 0,
  timedOut: false,
  aborted: false,
  connectionLost: true
}
swarm.chat.failure {
  requestId: '84571ab7-3ed3-43b7-a87e-7521be495c59',
  durationMs: 14,
  stage: 'plan',
  category: 'server',
  status: 503,
  attempt: 1,
  retryCount: 0,
  timedOut: false,
  aborted: false,
  connectionLost: false
}
swarm.chat.failure {
  requestId: 'e36cf0f4-369a-408b-839a-8fe66c9bb80a',
  durationMs: 8,
  stage: 'chat',
  category: 'server',
  status: 503,
  attempt: 1,
  retryCount: 0,
  timedOut: false,
  aborted: false,
  connectionLost: false
}
swarm.chat.failure {
  requestId: 'f4238482-49c4-45b5-974b-de7769ea7a66',
  durationMs: 17,
  stage: 'plan',
  category: 'rate_limit',
  status: 429,
  attempt: 1,
  retryCount: 0,
  timedOut: false,
  aborted: false,
  connectionLost: false
}
swarm.chat.failure {
  requestId: 'd927418f-0428-4489-8cf9-9647f2b6994c',
  durationMs: 23,
  stage: 'review',
  category: 'network',
  status: undefined,
  attempt: 3,
  retryCount: 2,
  timedOut: false,
  aborted: false,
  connectionLost: true
}
swarm.chat.failure {
  requestId: '3f58e09e-bc83-4ecc-a211-b18c3d1d2ad7',
  durationMs: 9,
  stage: 'plan',
  category: 'server',
  status: 503,
  attempt: 1,
  retryCount: 0,
  timedOut: false,
  aborted: false,
  connectionLost: false
}
swarm.chat.failure {
  requestId: 'dbb7ae9f-e69e-4cce-be24-d4aebff55eee',
  durationMs: 11,
  stage: 'chat',
  category: 'rate_limit',
  status: 429,
  attempt: 1,
  retryCount: 0,
  timedOut: false,
  aborted: false,
  connectionLost: false
}
swarm.chat.failure {
  requestId: '4114de56-23ca-497e-ab21-8a77f1de3a1f',
  durationMs: 17,
  stage: 'chat',
  category: 'network',
  status: undefined,
  attempt: 1,
  retryCount: 0,
  timedOut: false,
  aborted: false,
  connectionLost: true
}
swarm.chat.failure {
  requestId: '1971779d-1e15-4bf2-8472-61b0e4a55aa1',
  durationMs: 6,
  stage: 'plan',
  category: 'rate_limit',
  status: 429,
  attempt: 1,
  retryCount: 0,
  timedOut: false,
  aborted: false,
  connectionLost: false
}
swarm.chat.failure {
  requestId: '146da2d8-fe1f-4265-8378-3ebf21cc2e70',
  durationMs: 10,
  stage: 'chat',
  category: 'server',
  status: 503,
  attempt: 1,
  retryCount: 0,
  timedOut: false,
  aborted: false,
  connectionLost: false
}
swarm.chat.failure {
  requestId: '967ee614-021e-471c-986f-9ff22c3a7db1',
  durationMs: 21,
  stage: 'review',
  category: 'network',
  status: undefined,
  attempt: 3,
  retryCount: 2,
  timedOut: false,
  aborted: false,
  connectionLost: true
}
swarm.chat.failure {
  requestId: '686501d7-5e14-4fbd-9ca5-62c306a43939',
  durationMs: 8,
  stage: 'chat',
  category: 'network',
  status: undefined,
  attempt: 1,
  retryCount: 0,
  timedOut: false,
  aborted: false,
  connectionLost: true
}
swarm.chat.failure {
  requestId: 'd080d1f6-8c7d-4e4d-8a57-bbb39e212e2f',
  durationMs: 12,
  stage: 'chat',
  category: 'rate_limit',
  status: 429,
  attempt: 1,
  retryCount: 0,
  timedOut: false,
  aborted: false,
  connectionLost: false
}
swarm.chat.failure {
  requestId: '7d826364-bf86-469d-ba83-2f713c341684',
  durationMs: 14,
  stage: 'plan',
  category: 'server',
  status: 503,
  attempt: 1,
  retryCount: 0,
  timedOut: false,
  aborted: false,
  connectionLost: false
}
swarm.chat.failure {
  requestId: '1644e47d-c943-42f7-b1d9-cdf7486b99f7',
  durationMs: 15,
  stage: 'chat',
  category: 'server',
  status: 503,
  attempt: 1,
  retryCount: 0,
  timedOut: false,
  aborted: false,
  connectionLost: false
}
swarm.chat.failure {
  requestId: '107863a9-2734-4336-b2eb-39d50b998888',
  durationMs: 19,
  stage: 'plan',
  category: 'rate_limit',
  status: 429,
  attempt: 1,
  retryCount: 0,
  timedOut: false,
  aborted: false,
  connectionLost: false
}
swarm.chat.failure {
  requestId: 'c65dbae5-6eda-4f23-800d-cdfd1a5539b5',
  durationMs: 31,
  stage: 'review',
  category: 'network',
  status: undefined,
  attempt: 3,
  retryCount: 2,
  timedOut: false,
  aborted: false,
  connectionLost: true
}
swarm.chat.failure {
  requestId: '3b65942b-b6f8-4b44-8e46-cca1efb4748f',
  durationMs: 6,
  stage: 'chat',
  category: 'network',
  status: undefined,
  attempt: 1,
  retryCount: 0,
  timedOut: false,
  aborted: false,
  connectionLost: true
}
swarm.chat.failure {
  requestId: 'd4a5f709-4e5f-4b5d-9ec4-595a19afd6d0',
  durationMs: 10,
  stage: 'plan',
  category: 'server',
  status: 503,
  attempt: 1,
  retryCount: 0,
  timedOut: false,
  aborted: false,
  connectionLost: false
}
swarm.chat.failure {
  requestId: 'a7f6cc89-f538-4549-ac24-c96fd3ba6c56',
  durationMs: 13,
  stage: 'chat',
  category: 'rate_limit',
  status: 429,
  attempt: 1,
  retryCount: 0,
  timedOut: false,
  aborted: false,
  connectionLost: false
}
swarm.chat.failure {
  requestId: 'ce28d909-d878-4379-a434-717fe5822419',
  durationMs: 19,
  stage: 'chat',
  category: 'server',
  status: 503,
  attempt: 1,
  retryCount: 0,
  timedOut: false,
  aborted: false,
  connectionLost: false
}
swarm.chat.failure {
  requestId: '4a19a9d0-a202-4596-99e7-5f8caacc2c9f',
  durationMs: 29,
  stage: 'plan',
  category: 'rate_limit',
  status: 429,
  attempt: 1,
  retryCount: 0,
  timedOut: false,
  aborted: false,
  connectionLost: false
}
swarm.chat.failure {
  requestId: '186ae3d1-7e20-490c-83f4-fb18b79c8e4d',
  durationMs: 49,
  stage: 'review',
  category: 'network',
  status: undefined,
  attempt: 3,
  retryCount: 2,
  timedOut: false,
  aborted: false,
  connectionLost: true
}
swarm.chat.failure {
  requestId: 'ea8e6f85-5d0b-4081-83dc-d86617112e8a',
  durationMs: 8,
  stage: 'chat',
  category: 'rate_limit',
  status: 429,
  attempt: 1,
  retryCount: 0,
  timedOut: false,
  aborted: false,
  connectionLost: false
}
swarm.chat.failure {
  requestId: '77a2fafa-f66c-4a6b-9020-0adea08d64b2',
  durationMs: 13,
  stage: 'chat',
  category: 'network',
  status: undefined,
  attempt: 1,
  retryCount: 0,
  timedOut: false,
  aborted: false,
  connectionLost: true
}
swarm.chat.failure {
  requestId: '4ff9715d-5d77-4d57-b0ce-c30e50ae5212',
  durationMs: 16,
  stage: 'plan',
  category: 'server',
  status: 503,
  attempt: 1,
  retryCount: 0,
  timedOut: false,
  aborted: false,
  connectionLost: false
}
swarm.chat.failure {
  requestId: '073acb50-429f-4749-be1e-90ba8c760a52',
  durationMs: 12,
  stage: 'chat',
  category: 'server',
  status: 503,
  attempt: 1,
  retryCount: 0,
  timedOut: false,
  aborted: false,
  connectionLost: false
}
swarm.chat.failure {
  requestId: 'fa271606-cc5b-4c2a-8986-018aeba6707f',
  durationMs: 16,
  stage: 'plan',
  category: 'rate_limit',
  status: 429,
  attempt: 1,
  retryCount: 0,
  timedOut: false,
  aborted: false,
  connectionLost: false
}
swarm.chat.failure {
  requestId: '1119d0eb-66d9-4cec-87b9-6c14a3b94d98',
  durationMs: 25,
  stage: 'review',
  category: 'network',
  status: undefined,
  attempt: 3,
  retryCount: 2,
  timedOut: false,
  aborted: false,
  connectionLost: true
}
swarm.chat.failure {
  requestId: '9e8a882e-bf25-4da5-bef4-cfeaf0755afb',
  durationMs: 8,
  stage: 'chat',
  category: 'network',
  status: undefined,
  attempt: 1,
  retryCount: 0,
  timedOut: false,
  aborted: false,
  connectionLost: true
}
swarm.chat.failure {
  requestId: 'b39755d3-e200-44a0-8942-2e7366109ede',
  durationMs: 10,
  stage: 'chat',
  category: 'rate_limit',
  status: 429,
  attempt: 1,
  retryCount: 0,
  timedOut: false,
  aborted: false,
  connectionLost: false
}
swarm.chat.failure {
  requestId: '6cfdd482-bafa-447a-a10a-21acaa7230a1',
  durationMs: 15,
  stage: 'plan',
  category: 'server',
  status: 503,
  attempt: 1,
  retryCount: 0,
  timedOut: false,
  aborted: false,
  connectionLost: false
}
swarm.chat.failure {
  requestId: 'fade4cad-fb0c-4768-96f8-31fec5688aef',
  durationMs: 8,
  stage: 'chat',
  category: 'server',
  status: 503,
  attempt: 1,
  retryCount: 0,
  timedOut: false,
  aborted: false,
  connectionLost: false
}
swarm.chat.failure {
  requestId: 'dbaf7808-4abc-4e18-933a-20da8b840814',
  durationMs: 11,
  stage: 'plan',
  category: 'rate_limit',
  status: 429,
  attempt: 1,
  retryCount: 0,
  timedOut: false,
  aborted: false,
  connectionLost: false
}
swarm.chat.failure {
  requestId: '7d2d0d0c-386e-4732-8fa3-095c29aee03a',
  durationMs: 24,
  stage: 'review',
  category: 'network',
  status: undefined,
  attempt: 3,
  retryCount: 2,
  timedOut: false,
  aborted: false,
  connectionLost: true
}
swarm.chat.failure {
  requestId: '4e5a7de7-288d-4cc6-aa6e-855fb52c95b1',
  durationMs: 7,
  stage: 'chat',
  category: 'rate_limit',
  status: 429,
  attempt: 1,
  retryCount: 0,
  timedOut: false,
  aborted: false,
  connectionLost: false
}
swarm.chat.failure {
  requestId: 'beb37ff0-9bf1-4add-b25c-339e2b271135',
  durationMs: 11,
  stage: 'plan',
  category: 'server',
  status: 503,
  attempt: 1,
  retryCount: 0,
  timedOut: false,
  aborted: false,
  connectionLost: false
}
swarm.chat.failure {
  requestId: 'b84b07d3-9b33-4ae4-8b81-625ae03b0a45',
  durationMs: 19,
  stage: 'chat',
  category: 'network',
  status: undefined,
  attempt: 1,
  retryCount: 0,
  timedOut: false,
  aborted: false,
  connectionLost: true
}
swarm.chat.failure {
  requestId: 'd3796aac-3c62-46d4-9a3d-c81ad6e3e054',
  durationMs: 13,
  stage: 'plan',
  category: 'rate_limit',
  status: 429,
  attempt: 1,
  retryCount: 0,
  timedOut: false,
  aborted: false,
  connectionLost: false
}
swarm.chat.failure {
  requestId: '252c69cd-eeb0-4c0d-9f44-acfee3827d18',
  durationMs: 20,
  stage: 'chat',
  category: 'server',
  status: 503,
  attempt: 1,
  retryCount: 0,
  timedOut: false,
  aborted: false,
  connectionLost: false
}
swarm.chat.failure {
  requestId: '40a76940-08c7-42da-a950-a1083f6f5691',
  durationMs: 28,
  stage: 'review',
  category: 'network',
  status: undefined,
  attempt: 3,
  retryCount: 2,
  timedOut: false,
  aborted: false,
  connectionLost: true
}
swarm.chat.failure {
  requestId: '6db8f50c-a0ab-4728-b262-3a38c41f3b24',
  durationMs: 7,
  stage: 'chat',
  category: 'network',
  status: undefined,
  attempt: 1,
  retryCount: 0,
  timedOut: false,
  aborted: false,
  connectionLost: true
}
swarm.chat.failure {
  requestId: 'e3444b99-bccd-4c18-9e11-c59c00fe5aff',
  durationMs: 10,
  stage: 'chat',
  category: 'rate_limit',
  status: 429,
  attempt: 1,
  retryCount: 0,
  timedOut: false,
  aborted: false,
  connectionLost: false
}
swarm.chat.failure {
  requestId: 'e49b4543-2ef2-4b31-b63f-3a82de08274b',
  durationMs: 14,
  stage: 'plan',
  category: 'server',
  status: 503,
  attempt: 1,
  retryCount: 0,
  timedOut: false,
  aborted: false,
  connectionLost: false
}
swarm.chat.failure {
  requestId: '0aac03bd-8bee-4359-9b27-bd8a2c0a71bc',
  durationMs: 7,
  stage: 'chat',
  category: 'server',
  status: 503,
  attempt: 1,
  retryCount: 0,
  timedOut: false,
  aborted: false,
  connectionLost: false
}
swarm.chat.failure {
  requestId: 'e14f757f-fb88-4c35-a417-67dd52403ee2',
  durationMs: 12,
  stage: 'plan',
  category: 'rate_limit',
  status: 429,
  attempt: 1,
  retryCount: 0,
  timedOut: false,
  aborted: false,
  connectionLost: false
}
swarm.chat.failure {
  requestId: 'c8017eb4-fe4d-4504-9cb3-1395c2dc0b88',
  durationMs: 26,
  stage: 'review',
  category: 'network',
  status: undefined,
  attempt: 3,
  retryCount: 2,
  timedOut: false,
  aborted: false,
  connectionLost: true
}
swarm.chat.failure {
  requestId: '6e7ed5d4-c186-4b04-8ba1-150046f16c7a',
  durationMs: 7,
  stage: 'chat',
  category: 'rate_limit',
  status: 429,
  attempt: 1,
  retryCount: 0,
  timedOut: false,
  aborted: false,
  connectionLost: false
}
swarm.chat.failure {
  requestId: 'dc9c3a46-eace-402f-81b4-94d9c5001ce4',
  durationMs: 14,
  stage: 'chat',
  category: 'network',
  status: undefined,
  attempt: 1,
  retryCount: 0,
  timedOut: false,
  aborted: false,
  connectionLost: true
}
swarm.chat.failure {
  requestId: '0138589c-008b-47b5-aba3-207804bdd154',
  durationMs: 17,
  stage: 'plan',
  category: 'server',
  status: 503,
  attempt: 1,
  retryCount: 0,
  timedOut: false,
  aborted: false,
  connectionLost: false
}
swarm.chat.failure {
  requestId: '35105720-18b9-4167-9382-0200916d3bfa',
  durationMs: 7,
  stage: 'chat',
  category: 'server',
  status: 503,
  attempt: 1,
  retryCount: 0,
  timedOut: false,
  aborted: false,
  connectionLost: false
}
swarm.chat.failure {
  requestId: '0ad184e8-cfe0-4bc3-8153-f8e489711088',
  durationMs: 14,
  stage: 'plan',
  category: 'rate_limit',
  status: 429,
  attempt: 1,
  retryCount: 0,
  timedOut: false,
  aborted: false,
  connectionLost: false
}
swarm.chat.failure {
  requestId: '2c4ba411-e40c-4c6c-8d54-b63eeba49d36',
  durationMs: 21,
  stage: 'review',
  category: 'network',
  status: undefined,
  attempt: 3,
  retryCount: 2,
  timedOut: false,
  aborted: false,
  connectionLost: true
}
swarm.chat.failure {
  requestId: 'c200115b-87d1-44e4-83f6-64bfb9e6e8ce',
  durationMs: 16,
  stage: 'chat',
  category: 'network',
  status: undefined,
  attempt: 1,
  retryCount: 0,
  timedOut: false,
  aborted: false,
  connectionLost: true
}
swarm.chat.failure {
  requestId: 'a6019e15-6720-4e7f-a9f5-583767ed6cf2',
  durationMs: 25,
  stage: 'plan',
  category: 'server',
  status: 503,
  attempt: 1,
  retryCount: 0,
  timedOut: false,
  aborted: false,
  connectionLost: false
}
swarm.chat.failure {
  requestId: '30427224-51d6-46a1-a7ba-7013128c74b0',
  durationMs: 38,
  stage: 'chat',
  category: 'rate_limit',
  status: 429,
  attempt: 1,
  retryCount: 0,
  timedOut: false,
  aborted: false,
  connectionLost: false
}
swarm.chat.failure {
  requestId: '5a9775b9-5e2e-451e-8893-425aabacad63',
  durationMs: 10,
  stage: 'chat',
  category: 'server',
  status: 503,
  attempt: 1,
  retryCount: 0,
  timedOut: false,
  aborted: false,
  connectionLost: false
}
swarm.chat.failure {
  requestId: 'c5e60034-dba8-48dd-9159-7c80d4984534',
  durationMs: 16,
  stage: 'plan',
  category: 'rate_limit',
  status: 429,
  attempt: 1,
  retryCount: 0,
  timedOut: false,
  aborted: false,
  connectionLost: false
}
swarm.chat.failure {
  requestId: '32af17ff-9156-4677-94d0-2c21fd22f9dd',
  durationMs: 36,
  stage: 'review',
  category: 'network',
  status: undefined,
  attempt: 3,
  retryCount: 2,
  timedOut: false,
  aborted: false,
  connectionLost: true
}
swarm.chat.failure {
  requestId: 'd4bbdada-e925-4b22-8fd0-a5610a417dbe',
  durationMs: 9,
  stage: 'chat',
  category: 'rate_limit',
  status: 429,
  attempt: 1,
  retryCount: 0,
  timedOut: false,
  aborted: false,
  connectionLost: false
}
swarm.chat.failure {
  requestId: '9590ddec-bb12-4b48-9620-1463b95f05b7',
  durationMs: 14,
  stage: 'chat',
  category: 'network',
  status: undefined,
  attempt: 1,
  retryCount: 0,
  timedOut: false,
  aborted: false,
  connectionLost: true
}
swarm.chat.failure {
  requestId: '62038f5a-7039-40bf-abbe-0829b0712c99',
  durationMs: 17,
  stage: 'plan',
  category: 'server',
  status: 503,
  attempt: 1,
  retryCount: 0,
  timedOut: false,
  aborted: false,
  connectionLost: false
}
swarm.chat.failure {
  requestId: '276804cf-2cbe-427a-8918-81808230639d',
  durationMs: 20,
  stage: 'chat',
  category: 'server',
  status: 503,
  attempt: 1,
  retryCount: 0,
  timedOut: false,
  aborted: false,
  connectionLost: false
}
swarm.chat.failure {
  requestId: '4ea25367-1d4f-41e0-8453-807ccb91a9d4',
  durationMs: 30,
  stage: 'plan',
  category: 'rate_limit',
  status: 429,
  attempt: 1,
  retryCount: 0,
  timedOut: false,
  aborted: false,
  connectionLost: false
}
swarm.chat.failure {
  requestId: 'b11a9c20-660b-456f-a2d3-e47daafe20f2',
  durationMs: 52,
  stage: 'review',
  category: 'network',
  status: undefined,
  attempt: 3,
  retryCount: 2,
  timedOut: false,
  aborted: false,
  connectionLost: true
}
swarm.chat.failure {
  requestId: 'cbfa55b4-f5df-491f-b904-8ef0975fa99c',
  durationMs: 7,
  stage: 'plan',
  category: 'server',
  status: 503,
  attempt: 1,
  retryCount: 0,
  timedOut: false,
  aborted: false,
  connectionLost: false
}
swarm.chat.failure {
  requestId: '4d3e8ea4-6366-4867-ace9-cd97f6bef90c',
  durationMs: 15,
  stage: 'chat',
  category: 'network',
  status: undefined,
  attempt: 1,
  retryCount: 0,
  timedOut: false,
  aborted: false,
  connectionLost: true
}
swarm.chat.failure {
  requestId: '2806d704-34c7-4201-afd2-3282475b7c9a',
  durationMs: 20,
  stage: 'chat',
  category: 'rate_limit',
  status: 429,
  attempt: 1,
  retryCount: 0,
  timedOut: false,
  aborted: false,
  connectionLost: false
}
swarm.chat.failure {
  requestId: 'c79d3b06-b559-4f44-b6fd-a1be84c59fa4',
  durationMs: 6,
  stage: 'plan',
  category: 'rate_limit',
  status: 429,
  attempt: 1,
  retryCount: 0,
  timedOut: false,
  aborted: false,
  connectionLost: false
}
swarm.chat.failure {
  requestId: 'd9093eda-8300-4fd2-97af-938e642d311a',
  durationMs: 12,
  stage: 'chat',
  category: 'server',
  status: 503,
  attempt: 1,
  retryCount: 0,
  timedOut: false,
  aborted: false,
  connectionLost: false
}
swarm.chat.failure {
  requestId: '4a75fcd8-1c7b-4d04-b433-5907ebb5326e',
  durationMs: 22,
  stage: 'review',
  category: 'network',
  status: undefined,
  attempt: 3,
  retryCount: 2,
  timedOut: false,
  aborted: false,
  connectionLost: true
}
swarm.chat.failure {
  requestId: '109d77f5-e7d0-4f0d-b396-e41b08baff1e',
  durationMs: 8,
  stage: 'chat',
  category: 'rate_limit',
  status: 429,
  attempt: 1,
  retryCount: 0,
  timedOut: false,
  aborted: false,
  connectionLost: false
}
swarm.chat.failure {
  requestId: 'd9945673-7da9-42cc-9eed-23db1d8404d3',
  durationMs: 10,
  stage: 'plan',
  category: 'server',
  status: 503,
  attempt: 1,
  retryCount: 0,
  timedOut: false,
  aborted: false,
  connectionLost: false
}
swarm.chat.failure {
  requestId: 'f7048800-68f3-4ddb-928a-c5c45b49585a',
  durationMs: 17,
  stage: 'chat',
  category: 'network',
  status: undefined,
  attempt: 1,
  retryCount: 0,
  timedOut: false,
  aborted: false,
  connectionLost: true
}
swarm.chat.failure {
  requestId: 'fa5ff577-1fbe-4c59-bf8b-49c7c3b3839c',
  durationMs: 11,
  stage: 'plan',
  category: 'rate_limit',
  status: 429,
  attempt: 1,
  retryCount: 0,
  timedOut: false,
  aborted: false,
  connectionLost: false
}
swarm.chat.failure {
  requestId: '221cb82a-5dd2-47fd-990a-5d07fe834839',
  durationMs: 15,
  stage: 'chat',
  category: 'server',
  status: 503,
  attempt: 1,
  retryCount: 0,
  timedOut: false,
  aborted: false,
  connectionLost: false
}
swarm.chat.failure {
  requestId: 'e021d9e0-d783-4f23-b95b-db21029f25db',
  durationMs: 19,
  stage: 'review',
  category: 'network',
  status: undefined,
  attempt: 3,
  retryCount: 2,
  timedOut: false,
  aborted: false,
  connectionLost: true
}
swarm.chat.failure {
  requestId: 'b71a7d32-cd35-45bf-9c47-6bacd11eb5aa',
  durationMs: 8,
  stage: 'chat',
  category: 'network',
  status: undefined,
  attempt: 1,
  retryCount: 0,
  timedOut: false,
  aborted: false,
  connectionLost: true
}
swarm.chat.failure {
  requestId: '0b30bddd-5f5e-4afe-bc68-709ce489bb94',
  durationMs: 11,
  stage: 'chat',
  category: 'rate_limit',
  status: 429,
  attempt: 1,
  retryCount: 0,
  timedOut: false,
  aborted: false,
  connectionLost: false
}
swarm.chat.failure {
  requestId: 'aaf65d7d-f4e6-4120-ac47-390a4a7971e4',
  durationMs: 14,
  stage: 'plan',
  category: 'server',
  status: 503,
  attempt: 1,
  retryCount: 0,
  timedOut: false,
  aborted: false,
  connectionLost: false
}
swarm.chat.failure {
  requestId: 'cf470f29-8f4d-4be4-a61e-f1de502228cc',
  durationMs: 6,
  stage: 'chat',
  category: 'server',
  status: 503,
  attempt: 1,
  retryCount: 0,
  timedOut: false,
  aborted: false,
  connectionLost: false
}
swarm.chat.failure {
  requestId: '6a4b6346-3155-4e27-beac-9ed03ab2f0bd',
  durationMs: 12,
  stage: 'plan',
  category: 'rate_limit',
  status: 429,
  attempt: 1,
  retryCount: 0,
  timedOut: false,
  aborted: false,
  connectionLost: false
}
swarm.chat.failure {
  requestId: 'f78cf354-4c96-47f1-9abc-6608a927100c',
  durationMs: 24,
  stage: 'review',
  category: 'network',
  status: undefined,
  attempt: 3,
  retryCount: 2,
  timedOut: false,
  aborted: false,
  connectionLost: true
}
swarm.chat.failure {
  requestId: '6696ce48-f5ac-481c-9907-ba14b3ceb7a5',
  durationMs: 8,
  stage: 'chat',
  category: 'rate_limit',
  status: 429,
  attempt: 1,
  retryCount: 0,
  timedOut: false,
  aborted: false,
  connectionLost: false
}
swarm.chat.failure {
  requestId: '5b4ef69a-2899-4d9d-86cc-fc6caa52c0cf',
  durationMs: 11,
  stage: 'chat',
  category: 'network',
  status: undefined,
  attempt: 1,
  retryCount: 0,
  timedOut: false,
  aborted: false,
  connectionLost: true
}
swarm.chat.failure {
  requestId: 'd2c29e49-7db2-4c4a-9426-32933c805272',
  durationMs: 14,
  stage: 'plan',
  category: 'server',
  status: 503,
  attempt: 1,
  retryCount: 0,
  timedOut: false,
  aborted: false,
  connectionLost: false
}
swarm.chat.failure {
  requestId: 'cdd2e4b4-5cd1-4613-a679-653b92fe7dc9',
  durationMs: 11,
  stage: 'chat',
  category: 'server',
  status: 503,
  attempt: 1,
  retryCount: 0,
  timedOut: false,
  aborted: false,
  connectionLost: false
}
swarm.chat.failure {
  requestId: '1b5aebd3-0307-42a1-9506-2c3d5f1307f7',
  durationMs: 14,
  stage: 'plan',
  category: 'rate_limit',
  status: 429,
  attempt: 1,
  retryCount: 0,
  timedOut: false,
  aborted: false,
  connectionLost: false
}
swarm.chat.failure {
  requestId: '7597cbd7-d2ef-4eac-b720-9324690688ca',
  durationMs: 23,
  stage: 'review',
  category: 'network',
  status: undefined,
  attempt: 3,
  retryCount: 2,
  timedOut: false,
  aborted: false,
  connectionLost: true
}
swarm.chat.failure {
  requestId: 'f9591ac7-8ae4-4102-a863-9a10114286fd',
  durationMs: 7,
  stage: 'chat',
  category: 'network',
  status: undefined,
  attempt: 1,
  retryCount: 0,
  timedOut: false,
  aborted: false,
  connectionLost: true
}
swarm.chat.failure {
  requestId: 'bcddeb6c-11a0-4812-b7af-f2368fc0c010',
  durationMs: 10,
  stage: 'chat',
  category: 'rate_limit',
  status: 429,
  attempt: 1,
  retryCount: 0,
  timedOut: false,
  aborted: false,
  connectionLost: false
}
swarm.chat.failure {
  requestId: '4a7e9860-43e8-4f29-8936-5656d89095f7',
  durationMs: 13,
  stage: 'plan',
  category: 'server',
  status: 503,
  attempt: 1,
  retryCount: 0,
  timedOut: false,
  aborted: false,
  connectionLost: false
}
swarm.chat.failure {
  requestId: '2f99d1e3-d0a7-47fc-bf91-4c96386c308f',
  durationMs: 7,
  stage: 'chat',
  category: 'server',
  status: 503,
  attempt: 1,
  retryCount: 0,
  timedOut: false,
  aborted: false,
  connectionLost: false
}
swarm.chat.failure {
  requestId: '8e0c5a9f-cefe-413c-bb11-ea00a582f74b',
  durationMs: 11,
  stage: 'plan',
  category: 'rate_limit',
  status: 429,
  attempt: 1,
  retryCount: 0,
  timedOut: false,
  aborted: false,
  connectionLost: false
}
swarm.chat.failure {
  requestId: '336dd79b-2fc4-4432-8ab1-4f206de5d52e',
  durationMs: 21,
  stage: 'review',
  category: 'network',
  status: undefined,
  attempt: 3,
  retryCount: 2,
  timedOut: false,
  aborted: false,
  connectionLost: true
}
swarm.chat.failure {
  requestId: '370d1ff4-7946-412f-b7e5-7c5d54aafde7',
  durationMs: 7,
  stage: 'chat',
  category: 'rate_limit',
  status: 429,
  attempt: 1,
  retryCount: 0,
  timedOut: false,
  aborted: false,
  connectionLost: false
}
swarm.chat.failure {
  requestId: 'f500fb66-fa04-466a-ad90-5626490e1251',
  durationMs: 11,
  stage: 'chat',
  category: 'network',
  status: undefined,
  attempt: 1,
  retryCount: 0,
  timedOut: false,
  aborted: false,
  connectionLost: true
}
swarm.chat.failure {
  requestId: '210b7df7-5775-4566-854d-58648aaadbc9',
  durationMs: 13,
  stage: 'plan',
  category: 'server',
  status: 503,
  attempt: 1,
  retryCount: 0,
  timedOut: false,
  aborted: false,
  connectionLost: false
}
swarm.chat.failure {
  requestId: '9275461b-9237-4149-8b3d-913becf78d6f',
  durationMs: 7,
  stage: 'chat',
  category: 'server',
  status: 503,
  attempt: 1,
  retryCount: 0,
  timedOut: false,
  aborted: false,
  connectionLost: false
}
swarm.chat.failure {
  requestId: 'dccfa03b-8c23-401e-9e0b-86ebfa7a1afa',
  durationMs: 13,
  stage: 'plan',
  category: 'rate_limit',
  status: 429,
  attempt: 1,
  retryCount: 0,
  timedOut: false,
  aborted: false,
  connectionLost: false
}
swarm.chat.failure {
  requestId: 'b916af37-b663-4ee2-98e9-94ab60543076',
  durationMs: 19,
  stage: 'review',
  category: 'network',
  status: undefined,
  attempt: 3,
  retryCount: 2,
  timedOut: false,
  aborted: false,
  connectionLost: true
}
swarm.chat.failure {
  requestId: 'd9689fdd-f371-400d-bc63-c38cd847ed40',
  durationMs: 7,
  stage: 'plan',
  category: 'server',
  status: 503,
  attempt: 1,
  retryCount: 0,
  timedOut: false,
  aborted: false,
  connectionLost: false
}
swarm.chat.failure {
  requestId: '36168084-b52a-481c-9ce0-9e099f5ea431',
  durationMs: 10,
  stage: 'chat',
  category: 'rate_limit',
  status: 429,
  attempt: 1,
  retryCount: 0,
  timedOut: false,
  aborted: false,
  connectionLost: false
}
swarm.chat.failure {
  requestId: '6b4db4a5-2c76-4820-93ef-5198777b957a',
  durationMs: 14,
  stage: 'chat',
  category: 'network',
  status: undefined,
  attempt: 1,
  retryCount: 0,
  timedOut: false,
  aborted: false,
  connectionLost: true
}
swarm.chat.failure {
  requestId: 'd2319ce9-a61e-4ec3-8a8b-77c2502586ef',
  durationMs: 5,
  stage: 'plan',
  category: 'rate_limit',
  status: 429,
  attempt: 1,
  retryCount: 0,
  timedOut: false,
  aborted: false,
  connectionLost: false
}
swarm.chat.failure {
  requestId: 'bd50c12b-6461-4f38-b5b0-b06d1f772d23',
  durationMs: 10,
  stage: 'chat',
  category: 'server',
  status: 503,
  attempt: 1,
  retryCount: 0,
  timedOut: false,
  aborted: false,
  connectionLost: false
}
swarm.chat.failure {
  requestId: '757e15de-e0f0-4ccb-bf69-8b27a72a8599',
  durationMs: 22,
  stage: 'review',
  category: 'network',
  status: undefined,
  attempt: 3,
  retryCount: 2,
  timedOut: false,
  aborted: false,
  connectionLost: true
}
swarm.chat.failure {
  requestId: '5095eb41-17aa-4d7f-8f1d-16f9ddb46bb0',
  durationMs: 7,
  stage: 'chat',
  category: 'network',
  status: undefined,
  attempt: 1,
  retryCount: 0,
  timedOut: false,
  aborted: false,
  connectionLost: true
}
swarm.chat.failure {
  requestId: '57a69211-2806-4d9d-a095-8ebf03e9de17',
  durationMs: 11,
  stage: 'chat',
  category: 'rate_limit',
  status: 429,
  attempt: 1,
  retryCount: 0,
  timedOut: false,
  aborted: false,
  connectionLost: false
}
swarm.chat.failure {
  requestId: 'a9576e95-433a-4270-a01e-e18886dfbad9',
  durationMs: 12,
  stage: 'plan',
  category: 'server',
  status: 503,
  attempt: 1,
  retryCount: 0,
  timedOut: false,
  aborted: false,
  connectionLost: false
}
swarm.chat.failure {
  requestId: '5b0e5a74-7f21-453c-a09f-4104ab3d96c3',
  durationMs: 12,
  stage: 'chat',
  category: 'server',
  status: 503,
  attempt: 1,
  retryCount: 0,
  timedOut: false,
  aborted: false,
  connectionLost: false
}
swarm.chat.failure {
  requestId: 'a2e4e7e0-5d23-495e-af4d-b1bbc28594e4',
  durationMs: 15,
  stage: 'plan',
  category: 'rate_limit',
  status: 429,
  attempt: 1,
  retryCount: 0,
  timedOut: false,
  aborted: false,
  connectionLost: false
}
swarm.chat.failure {
  requestId: '85b4c6bf-4dc7-4b7a-a196-614bddae50ab',
  durationMs: 23,
  stage: 'review',
  category: 'network',
  status: undefined,
  attempt: 3,
  retryCount: 2,
  timedOut: false,
  aborted: false,
  connectionLost: true
}
swarm.chat.failure {
  requestId: 'f10d7b70-045c-4bed-9ea7-300808f3c5fb',
  durationMs: 7,
  stage: 'plan',
  category: 'server',
  status: 503,
  attempt: 1,
  retryCount: 0,
  timedOut: false,
  aborted: false,
  connectionLost: false
}
swarm.chat.failure {
  requestId: 'e20c1ce4-192b-47fe-b492-dbc6f9d8fd10',
  durationMs: 9,
  stage: 'chat',
  category: 'rate_limit',
  status: 429,
  attempt: 1,
  retryCount: 0,
  timedOut: false,
  aborted: false,
  connectionLost: false
}
swarm.chat.failure {
  requestId: '7195b717-086e-449f-9131-7d72f9830959',
  durationMs: 13,
  stage: 'chat',
  category: 'network',
  status: undefined,
  attempt: 1,
  retryCount: 0,
  timedOut: false,
  aborted: false,
  connectionLost: true
}
swarm.chat.failure {
  requestId: 'f629f2b7-6c58-4d33-a13e-a8227a2611f5',
  durationMs: 10,
  stage: 'plan',
  category: 'rate_limit',
  status: 429,
  attempt: 1,
  retryCount: 0,
  timedOut: false,
  aborted: false,
  connectionLost: false
}
swarm.chat.failure {
  requestId: '20a46bc2-857e-42e4-9f5f-31ee3d94b99f',
  durationMs: 19,
  stage: 'chat',
  category: 'server',
  status: 503,
  attempt: 1,
  retryCount: 0,
  timedOut: false,
  aborted: false,
  connectionLost: false
}
swarm.chat.failure {
  requestId: '2e4d8e39-73b7-40c5-b8da-5fc4b8773713',
  durationMs: 37,
  stage: 'review',
  category: 'network',
  status: undefined,
  attempt: 3,
  retryCount: 2,
  timedOut: false,
  aborted: false,
  connectionLost: true
}
swarm.chat.failure {
  requestId: '02587412-3f3c-47a5-a2da-198b678f4374',
  durationMs: 8,
  stage: 'chat',
  category: 'rate_limit',
  status: 429,
  attempt: 1,
  retryCount: 0,
  timedOut: false,
  aborted: false,
  connectionLost: false
}
swarm.chat.failure {
  requestId: '8bd77be5-dd72-486b-b5c0-3468eda04a9b',
  durationMs: 11,
  stage: 'chat',
  category: 'network',
  status: undefined,
  attempt: 1,
  retryCount: 0,
  timedOut: false,
  aborted: false,
  connectionLost: true
}
swarm.chat.failure {
  requestId: '99bb5adc-724b-46af-b5a9-0ac0eefee5e7',
  durationMs: 15,
  stage: 'plan',
  category: 'server',
  status: 503,
  attempt: 1,
  retryCount: 0,
  timedOut: false,
  aborted: false,
  connectionLost: false
}
swarm.chat.failure {
  requestId: '79adc92d-c37b-4dee-9659-37de7470ecff',
  durationMs: 10,
  stage: 'chat',
  category: 'server',
  status: 503,
  attempt: 1,
  retryCount: 0,
  timedOut: false,
  aborted: false,
  connectionLost: false
}
swarm.chat.failure {
  requestId: '3329a0a9-cb58-4a73-a495-36390214c950',
  durationMs: 13,
  stage: 'plan',
  category: 'rate_limit',
  status: 429,
  attempt: 1,
  retryCount: 0,
  timedOut: false,
  aborted: false,
  connectionLost: false
}
swarm.chat.failure {
  requestId: 'f2de4448-1024-431f-9605-6ca0faa0e444',
  durationMs: 22,
  stage: 'review',
  category: 'network',
  status: undefined,
  attempt: 3,
  retryCount: 2,
  timedOut: false,
  aborted: false,
  connectionLost: true
}
swarm.chat.failure {
  requestId: '844f0403-9399-4926-9335-562b3060365f',
  durationMs: 7,
  stage: 'chat',
  category: 'network',
  status: undefined,
  attempt: 1,
  retryCount: 0,
  timedOut: false,
  aborted: false,
  connectionLost: true
}
swarm.chat.failure {
  requestId: 'f141f2a0-0774-4349-90cd-7b2c532353d2',
  durationMs: 10,
  stage: 'chat',
  category: 'rate_limit',
  status: 429,
  attempt: 1,
  retryCount: 0,
  timedOut: false,
  aborted: false,
  connectionLost: false
}
swarm.chat.failure {
  requestId: '94071f4d-318b-4244-ab7a-833e4ea6e2c4',
  durationMs: 13,
  stage: 'plan',
  category: 'server',
  status: 503,
  attempt: 1,
  retryCount: 0,
  timedOut: false,
  aborted: false,
  connectionLost: false
}
swarm.chat.failure {
  requestId: '775d9917-90c5-4b01-b782-b91bdda80d89',
  durationMs: 6,
  stage: 'chat',
  category: 'server',
  status: 503,
  attempt: 1,
  retryCount: 0,
  timedOut: false,
  aborted: false,
  connectionLost: false
}
swarm.chat.failure {
  requestId: '5d7eb403-4e25-40f8-adf7-9ce8d9807342',
  durationMs: 11,
  stage: 'plan',
  category: 'rate_limit',
  status: 429,
  attempt: 1,
  retryCount: 0,
  timedOut: false,
  aborted: false,
  connectionLost: false
}
swarm.chat.failure {
  requestId: '4d1392dd-eb7d-44c1-91ac-02bdf557e85b',
  durationMs: 23,
  stage: 'review',
  category: 'network',
  status: undefined,
  attempt: 3,
  retryCount: 2,
  timedOut: false,
  aborted: false,
  connectionLost: true
}
swarm.chat.failure {
  requestId: 'dbc5e86e-0575-498b-986f-9317597b99c0',
  durationMs: 7,
  stage: 'chat',
  category: 'rate_limit',
  status: 429,
  attempt: 1,
  retryCount: 0,
  timedOut: false,
  aborted: false,
  connectionLost: false
}
swarm.chat.failure {
  requestId: '1176c43b-0d1a-4ea0-9628-e64ecceedca3',
  durationMs: 10,
  stage: 'chat',
  category: 'network',
  status: undefined,
  attempt: 1,
  retryCount: 0,
  timedOut: false,
  aborted: false,
  connectionLost: true
}
swarm.chat.failure {
  requestId: 'b9a08887-d6fb-4eeb-a2e7-e39a4a2f70bd',
  durationMs: 15,
  stage: 'plan',
  category: 'server',
  status: 503,
  attempt: 1,
  retryCount: 0,
  timedOut: false,
  aborted: false,
  connectionLost: false
}
swarm.chat.failure {
  requestId: 'a61d5c1a-4523-49f8-b1a5-79d0f7055b56',
  durationMs: 9,
  stage: 'chat',
  category: 'server',
  status: 503,
  attempt: 1,
  retryCount: 0,
  timedOut: false,
  aborted: false,
  connectionLost: false
}
swarm.chat.failure {
  requestId: 'cb8c6e5b-2c15-40bb-afba-61545a442b7f',
  durationMs: 20,
  stage: 'plan',
  category: 'rate_limit',
  status: 429,
  attempt: 1,
  retryCount: 0,
  timedOut: false,
  aborted: false,
  connectionLost: false
}
swarm.chat.failure {
  requestId: '3f78c587-22c1-4603-908a-3dc7b8e03862',
  durationMs: 26,
  stage: 'review',
  category: 'network',
  status: undefined,
  attempt: 3,
  retryCount: 2,
  timedOut: false,
  aborted: false,
  connectionLost: true
}
swarm.chat.failure {
  requestId: 'e07b413e-af75-4c2c-9a80-2c5760564760',
  durationMs: 6,
  stage: 'chat',
  category: 'network',
  status: undefined,
  attempt: 1,
  retryCount: 0,
  timedOut: false,
  aborted: false,
  connectionLost: true
}
swarm.chat.failure {
  requestId: 'eb44ef89-fbbe-4ec1-a305-08c609ccd60e',
  durationMs: 9,
  stage: 'chat',
  category: 'rate_limit',
  status: 429,
  attempt: 1,
  retryCount: 0,
  timedOut: false,
  aborted: false,
  connectionLost: false
}
swarm.chat.failure {
  requestId: '69958b14-5524-4a9d-bd14-2857b0f94035',
  durationMs: 15,
  stage: 'plan',
  category: 'server',
  status: 503,
  attempt: 1,
  retryCount: 0,
  timedOut: false,
  aborted: false,
  connectionLost: false
}
swarm.chat.failure {
  requestId: 'bc3121fa-a73e-48b2-a59e-4bfb42544a0e',
  durationMs: 11,
  stage: 'chat',
  category: 'server',
  status: 503,
  attempt: 1,
  retryCount: 0,
  timedOut: false,
  aborted: false,
  connectionLost: false
}
swarm.chat.failure {
  requestId: 'faf2b3a7-24f8-4702-bc85-71a7ae57ad0f',
  durationMs: 16,
  stage: 'plan',
  category: 'rate_limit',
  status: 429,
  attempt: 1,
  retryCount: 0,
  timedOut: false,
  aborted: false,
  connectionLost: false
}
swarm.chat.failure {
  requestId: '1a2e8cfb-a455-4a11-8407-09a2a66614d8',
  durationMs: 28,
  stage: 'review',
  category: 'network',
  status: undefined,
  attempt: 3,
  retryCount: 2,
  timedOut: false,
  aborted: false,
  connectionLost: true
}
swarm.chat.failure {
  requestId: '87b8029e-630e-48dc-9669-abf17d7bf4ae',
  durationMs: 5,
  stage: 'chat',
  category: 'rate_limit',
  status: 429,
  attempt: 1,
  retryCount: 0,
  timedOut: false,
  aborted: false,
  connectionLost: false
}
swarm.chat.failure {
  requestId: '21b8ecbd-5b03-4bd9-96cb-3b38603dbbd0',
  durationMs: 9,
  stage: 'chat',
  category: 'network',
  status: undefined,
  attempt: 1,
  retryCount: 0,
  timedOut: false,
  aborted: false,
  connectionLost: true
}
swarm.chat.failure {
  requestId: 'acc0fdb2-5d5e-4790-84fc-79fdf8566f6f',
  durationMs: 12,
  stage: 'plan',
  category: 'server',
  status: 503,
  attempt: 1,
  retryCount: 0,
  timedOut: false,
  aborted: false,
  connectionLost: false
}
swarm.chat.failure {
  requestId: 'c5f71ab7-6b0e-4875-b47c-46b3f6bf8697',
  durationMs: 8,
  stage: 'chat',
  category: 'server',
  status: 503,
  attempt: 1,
  retryCount: 0,
  timedOut: false,
  aborted: false,
  connectionLost: false
}
swarm.chat.failure {
  requestId: '22e764d1-328e-495a-80f3-17666a84df32',
  durationMs: 16,
  stage: 'plan',
  category: 'rate_limit',
  status: 429,
  attempt: 1,
  retryCount: 0,
  timedOut: false,
  aborted: false,
  connectionLost: false
}
swarm.chat.failure {
  requestId: '8f0b19c1-4ed3-485c-a16f-86562fe29314',
  durationMs: 23,
  stage: 'review',
  category: 'network',
  status: undefined,
  attempt: 3,
  retryCount: 2,
  timedOut: false,
  aborted: false,
  connectionLost: true
}
swarm.chat.failure {
  requestId: 'ba0bb1b6-6dc1-4320-8f11-bbbd4c96085f',
  durationMs: 8,
  stage: 'plan',
  category: 'server',
  status: 503,
  attempt: 1,
  retryCount: 0,
  timedOut: false,
  aborted: false,
  connectionLost: false
}
swarm.chat.failure {
  requestId: '3493e1f6-8de9-4170-84df-38a131038a4a',
  durationMs: 13,
  stage: 'chat',
  category: 'network',
  status: undefined,
  attempt: 1,
  retryCount: 0,
  timedOut: false,
  aborted: false,
  connectionLost: true
}
swarm.chat.failure {
  requestId: 'f7e958b1-e05d-45e1-a4bd-1ab32cc86521',
  durationMs: 19,
  stage: 'chat',
  category: 'rate_limit',
  status: 429,
  attempt: 1,
  retryCount: 0,
  timedOut: false,
  aborted: false,
  connectionLost: false
}
swarm.chat.failure {
  requestId: '5ac13c6e-9a2c-42bd-8d18-85218e3ddfc2',
  durationMs: 9,
  stage: 'chat',
  category: 'server',
  status: 503,
  attempt: 1,
  retryCount: 0,
  timedOut: false,
  aborted: false,
  connectionLost: false
}
swarm.chat.failure {
  requestId: '4e8f1db1-5dbe-4470-8432-2ad03ec6eaa6',
  durationMs: 13,
  stage: 'plan',
  category: 'rate_limit',
  status: 429,
  attempt: 1,
  retryCount: 0,
  timedOut: false,
  aborted: false,
  connectionLost: false
}
swarm.chat.failure {
  requestId: '09603bf3-97f0-44f1-8492-7094c6167480',
  durationMs: 35,
  stage: 'review',
  category: 'network',
  status: undefined,
  attempt: 3,
  retryCount: 2,
  timedOut: false,
  aborted: false,
  connectionLost: true
}
swarm.chat.failure {
  requestId: 'bb9c7ed4-8324-4a3d-a671-318c800c7570',
  durationMs: 6,
  stage: 'chat',
  category: 'rate_limit',
  status: 429,
  attempt: 1,
  retryCount: 0,
  timedOut: false,
  aborted: false,
  connectionLost: false
}
swarm.chat.failure {
  requestId: 'dac6aefe-9412-4671-8af1-975f44e02011',
  durationMs: 9,
  stage: 'plan',
  category: 'server',
  status: 503,
  attempt: 1,
  retryCount: 0,
  timedOut: false,
  aborted: false,
  connectionLost: false
}
swarm.chat.failure {
  requestId: '69078fa6-6c6d-4087-8b6f-e487cc5fadad',
  durationMs: 13,
  stage: 'chat',
  category: 'network',
  status: undefined,
  attempt: 1,
  retryCount: 0,
  timedOut: false,
  aborted: false,
  connectionLost: true
}
swarm.chat.failure {
  requestId: '7592864e-3e8e-43f2-a8a1-b50d59759ac8',
  durationMs: 9,
  stage: 'chat',
  category: 'server',
  status: 503,
  attempt: 1,
  retryCount: 0,
  timedOut: false,
  aborted: false,
  connectionLost: false
}
swarm.chat.failure {
  requestId: '0c17c049-37a1-4b91-9f1e-d7da3e1b9c24',
  durationMs: 13,
  stage: 'plan',
  category: 'rate_limit',
  status: 429,
  attempt: 1,
  retryCount: 0,
  timedOut: false,
  aborted: false,
  connectionLost: false
}
swarm.chat.failure {
  requestId: '525d317b-3caa-48df-bc63-0f0b297d5745',
  durationMs: 29,
  stage: 'review',
  category: 'network',
  status: undefined,
  attempt: 3,
  retryCount: 2,
  timedOut: false,
  aborted: false,
  connectionLost: true
}
swarm.chat.failure {
  requestId: '480253ea-85ea-4309-8198-81dd344dae61',
  durationMs: 7,
  stage: 'chat',
  category: 'network',
  status: undefined,
  attempt: 1,
  retryCount: 0,
  timedOut: false,
  aborted: false,
  connectionLost: true
}
swarm.chat.failure {
  requestId: '569b19d6-9d03-4288-a916-f3512307fe47',
  durationMs: 14,
  stage: 'plan',
  category: 'server',
  status: 503,
  attempt: 1,
  retryCount: 0,
  timedOut: false,
  aborted: false,
  connectionLost: false
}
swarm.chat.failure {
  requestId: '2bad95b7-077f-4518-9407-8a7a8bf0313b',
  durationMs: 15,
  stage: 'chat',
  category: 'rate_limit',
  status: 429,
  attempt: 1,
  retryCount: 0,
  timedOut: false,
  aborted: false,
  connectionLost: false
}
swarm.chat.failure {
  requestId: 'bc7b5653-1662-4bf2-9f9f-10229386e8f2',
  durationMs: 5,
  stage: 'chat',
  category: 'server',
  status: 503,
  attempt: 1,
  retryCount: 0,
  timedOut: false,
  aborted: false,
  connectionLost: false
}
swarm.chat.failure {
  requestId: 'd2a75060-2b5e-4234-88e1-09e93f1b0f53',
  durationMs: 12,
  stage: 'plan',
  category: 'rate_limit',
  status: 429,
  attempt: 1,
  retryCount: 0,
  timedOut: false,
  aborted: false,
  connectionLost: false
}
swarm.chat.failure {
  requestId: 'b1a75760-2a92-4126-a01a-ee3c35b75740',
  durationMs: 23,
  stage: 'review',
  category: 'network',
  status: undefined,
  attempt: 3,
  retryCount: 2,
  timedOut: false,
  aborted: false,
  connectionLost: true
}
swarm.chat.failure {
  requestId: '01699cae-127d-4fa3-ae9a-aab358746ba2',
  durationMs: 8,
  stage: 'chat',
  category: 'rate_limit',
  status: 429,
  attempt: 1,
  retryCount: 0,
  timedOut: false,
  aborted: false,
  connectionLost: false
}
swarm.chat.failure {
  requestId: 'dad062c8-975b-4a69-9a2e-96837d743f17',
  durationMs: 9,
  stage: 'chat',
  category: 'network',
  status: undefined,
  attempt: 1,
  retryCount: 0,
  timedOut: false,
  aborted: false,
  connectionLost: true
}
swarm.chat.failure {
  requestId: 'b922889f-53b0-4486-8fc2-8bb3b0aa2b00',
  durationMs: 13,
  stage: 'plan',
  category: 'server',
  status: 503,
  attempt: 1,
  retryCount: 0,
  timedOut: false,
  aborted: false,
  connectionLost: false
}
swarm.chat.failure {
  requestId: '7289993c-e366-4054-b868-391d5426dd13',
  durationMs: 10,
  stage: 'chat',
  category: 'server',
  status: 503,
  attempt: 1,
  retryCount: 0,
  timedOut: false,
  aborted: false,
  connectionLost: false
}
swarm.chat.failure {
  requestId: 'c4a79add-f1a4-4f8d-9ac7-3e3a16ff47e0',
  durationMs: 13,
  stage: 'plan',
  category: 'rate_limit',
  status: 429,
  attempt: 1,
  retryCount: 0,
  timedOut: false,
  aborted: false,
  connectionLost: false
}
swarm.chat.failure {
  requestId: 'b1d41675-7056-480a-8ad5-c7b0c95dcefb',
  durationMs: 22,
  stage: 'review',
  category: 'network',
  status: undefined,
  attempt: 3,
  retryCount: 2,
  timedOut: false,
  aborted: false,
  connectionLost: true
}
swarm.chat.failure {
  requestId: '9d8620e1-81bb-48ca-8994-986caf23241a',
  durationMs: 7,
  stage: 'chat',
  category: 'network',
  status: undefined,
  attempt: 1,
  retryCount: 0,
  timedOut: false,
  aborted: false,
  connectionLost: true
}
swarm.chat.failure {
  requestId: '4fb4ebf8-ab43-47af-af2f-7a01398f1c2d',
  durationMs: 9,
  stage: 'plan',
  category: 'server',
  status: 503,
  attempt: 1,
  retryCount: 0,
  timedOut: false,
  aborted: false,
  connectionLost: false
}
swarm.chat.failure {
  requestId: '25116ca1-3443-4c2d-83a6-4d6452f4944b',
  durationMs: 14,
  stage: 'chat',
  category: 'rate_limit',
  status: 429,
  attempt: 1,
  retryCount: 0,
  timedOut: false,
  aborted: false,
  connectionLost: false
}
swarm.chat.failure {
  requestId: '37de65f5-683d-4267-abb1-8c96d86b85d3',
  durationMs: 5,
  stage: 'chat',
  category: 'server',
  status: 503,
  attempt: 1,
  retryCount: 0,
  timedOut: false,
  aborted: false,
  connectionLost: false
}
swarm.chat.failure {
  requestId: 'a4c68744-2ed6-4b7a-9187-97aaf04417d3',
  durationMs: 12,
  stage: 'plan',
  category: 'rate_limit',
  status: 429,
  attempt: 1,
  retryCount: 0,
  timedOut: false,
  aborted: false,
  connectionLost: false
}
swarm.chat.failure {
  requestId: '4d3afae0-af70-4202-a824-0cd07a7fcef0',
  durationMs: 22,
  stage: 'review',
  category: 'network',
  status: undefined,
  attempt: 3,
  retryCount: 2,
  timedOut: false,
  aborted: false,
  connectionLost: true
}
swarm.chat.failure {
  requestId: '76614cf2-3c5c-40cd-8060-a02bad2c29a3',
  durationMs: 6,
  stage: 'chat',
  category: 'rate_limit',
  status: 429,
  attempt: 1,
  retryCount: 0,
  timedOut: false,
  aborted: false,
  connectionLost: false
}
swarm.chat.failure {
  requestId: 'd8df79cb-efd9-44df-bf6a-b27a360ce5a7',
  durationMs: 10,
  stage: 'chat',
  category: 'network',
  status: undefined,
  attempt: 1,
  retryCount: 0,
  timedOut: false,
  aborted: false,
  connectionLost: true
}
swarm.chat.failure {
  requestId: 'c259e2dd-28f6-4ad4-b1a9-5685aeca8034',
  durationMs: 13,
  stage: 'plan',
  category: 'server',
  status: 503,
  attempt: 1,
  retryCount: 0,
  timedOut: false,
  aborted: false,
  connectionLost: false
}
swarm.chat.failure {
  requestId: '6a5d8c3e-f52f-475d-8d53-ae3f9c7083ad',
  durationMs: 7,
  stage: 'chat',
  category: 'server',
  status: 503,
  attempt: 1,
  retryCount: 0,
  timedOut: false,
  aborted: false,
  connectionLost: false
}
swarm.chat.failure {
  requestId: '6427a41c-885e-44ce-98f7-70b6a902f6a5',
  durationMs: 18,
  stage: 'plan',
  category: 'rate_limit',
  status: 429,
  attempt: 1,
  retryCount: 0,
  timedOut: false,
  aborted: false,
  connectionLost: false
}
swarm.chat.failure {
  requestId: '9f12b4f6-c076-488a-8544-cfa41bceaa71',
  durationMs: 22,
  stage: 'review',
  category: 'network',
  status: undefined,
  attempt: 3,
  retryCount: 2,
  timedOut: false,
  aborted: false,
  connectionLost: true
}
swarm.chat.failure {
  requestId: '97289ec2-887d-4df3-a2f0-50e9e1d59b30',
  durationMs: 6,
  stage: 'chat',
  category: 'network',
  status: undefined,
  attempt: 1,
  retryCount: 0,
  timedOut: false,
  aborted: false,
  connectionLost: true
}
swarm.chat.failure {
  requestId: '1e77151d-bfe5-4555-b4a1-ac62fc36ae93',
  durationMs: 9,
  stage: 'chat',
  category: 'rate_limit',
  status: 429,
  attempt: 1,
  retryCount: 0,
  timedOut: false,
  aborted: false,
  connectionLost: false
}
swarm.chat.failure {
  requestId: '7058ef25-4e43-4e30-93d0-c488de734a70',
  durationMs: 12,
  stage: 'plan',
  category: 'server',
  status: 503,
  attempt: 1,
  retryCount: 0,
  timedOut: false,
  aborted: false,
  connectionLost: false
}
swarm.chat.failure {
  requestId: '192c7ab2-d998-4692-8ffb-a739d909a302',
  durationMs: 6,
  stage: 'chat',
  category: 'server',
  status: 503,
  attempt: 1,
  retryCount: 0,
  timedOut: false,
  aborted: false,
  connectionLost: false
}
swarm.chat.failure {
  requestId: 'f72f0d44-4168-4a5c-8251-82b70dffa556',
  durationMs: 9,
  stage: 'plan',
  category: 'rate_limit',
  status: 429,
  attempt: 1,
  retryCount: 0,
  timedOut: false,
  aborted: false,
  connectionLost: false
}
swarm.chat.failure {
  requestId: '3125ee19-f9c3-4a7c-aeb4-70ec6f0879bb',
  durationMs: 30,
  stage: 'review',
  category: 'network',
  status: undefined,
  attempt: 3,
  retryCount: 2,
  timedOut: false,
  aborted: false,
  connectionLost: true
}
swarm.chat.failure {
  requestId: '853805c5-94cf-41cd-b900-7945cefa16dd',
  durationMs: 15,
  stage: 'chat',
  category: 'rate_limit',
  status: 429,
  attempt: 1,
  retryCount: 0,
  timedOut: false,
  aborted: false,
  connectionLost: false
}
swarm.chat.failure {
  requestId: '9885b0ab-67a2-44cd-ada9-60eb5e3c0552',
  durationMs: 25,
  stage: 'chat',
  category: 'network',
  status: undefined,
  attempt: 1,
  retryCount: 0,
  timedOut: false,
  aborted: false,
  connectionLost: true
}
swarm.chat.failure {
  requestId: '46cd8ecc-d36b-4eca-b2d4-52f8a3012a9a',
  durationMs: 32,
  stage: 'plan',
  category: 'server',
  status: 503,
  attempt: 1,
  retryCount: 0,
  timedOut: false,
  aborted: false,
  connectionLost: false
}
swarm.chat.failure {
  requestId: 'b61b05d5-2f90-4416-80b0-52d388beac2d',
  durationMs: 11,
  stage: 'chat',
  category: 'server',
  status: 503,
  attempt: 1,
  retryCount: 0,
  timedOut: false,
  aborted: false,
  connectionLost: false
}
swarm.chat.failure {
  requestId: 'f714c629-ba1a-4a63-9b36-c16631c732ea',
  durationMs: 14,
  stage: 'plan',
  category: 'rate_limit',
  status: 429,
  attempt: 1,
  retryCount: 0,
  timedOut: false,
  aborted: false,
  connectionLost: false
}
swarm.chat.failure {
  requestId: '1f826625-0699-468a-9d05-2d9bb6284647',
  durationMs: 23,
  stage: 'review',
  category: 'network',
  status: undefined,
  attempt: 3,
  retryCount: 2,
  timedOut: false,
  aborted: false,
  connectionLost: true
}
swarm.chat.failure {
  requestId: '7295181e-e1a4-43bb-bf4d-a436e30ebd7a',
  durationMs: 8,
  stage: 'chat',
  category: 'network',
  status: undefined,
  attempt: 1,
  retryCount: 0,
  timedOut: false,
  aborted: false,
  connectionLost: true
}
swarm.chat.failure {
  requestId: '25927bcb-94dd-43d1-8f9d-8b198e5c7943',
  durationMs: 11,
  stage: 'chat',
  category: 'rate_limit',
  status: 429,
  attempt: 1,
  retryCount: 0,
  timedOut: false,
  aborted: false,
  connectionLost: false
}
swarm.chat.failure {
  requestId: '62c08aeb-d58a-4b2f-a16a-40736d8b9f53',
  durationMs: 17,
  stage: 'plan',
  category: 'server',
  status: 503,
  attempt: 1,
  retryCount: 0,
  timedOut: false,
  aborted: false,
  connectionLost: false
}
swarm.chat.failure {
  requestId: '4a9ceba1-93a3-4e3c-9564-ed1843dbeb5e',
  durationMs: 8,
  stage: 'chat',
  category: 'server',
  status: 503,
  attempt: 1,
  retryCount: 0,
  timedOut: false,
  aborted: false,
  connectionLost: false
}
swarm.chat.failure {
  requestId: 'b1555f99-f88e-41e7-be48-dccdaf4be2c6',
  durationMs: 11,
  stage: 'plan',
  category: 'rate_limit',
  status: 429,
  attempt: 1,
  retryCount: 0,
  timedOut: false,
  aborted: false,
  connectionLost: false
}
swarm.chat.failure {
  requestId: '164cb8d9-faac-4318-acf1-6dd6d72eb914',
  durationMs: 21,
  stage: 'review',
  category: 'network',
  status: undefined,
  attempt: 3,
  retryCount: 2,
  timedOut: false,
  aborted: false,
  connectionLost: true
}
swarm.chat.failure {
  requestId: 'e158944a-d115-4269-aaab-1184e5c91b7d',
  durationMs: 8,
  stage: 'chat',
  category: 'rate_limit',
  status: 429,
  attempt: 1,
  retryCount: 0,
  timedOut: false,
  aborted: false,
  connectionLost: false
}
swarm.chat.failure {
  requestId: '37d23f27-5746-4045-9e9e-75e5d7eca5ee',
  durationMs: 13,
  stage: 'chat',
  category: 'network',
  status: undefined,
  attempt: 1,
  retryCount: 0,
  timedOut: false,
  aborted: false,
  connectionLost: true
}
swarm.chat.failure {
  requestId: 'ca1f0cf6-f420-4141-b045-91f8131b5a54',
  durationMs: 15,
  stage: 'plan',
  category: 'server',
  status: 503,
  attempt: 1,
  retryCount: 0,
  timedOut: false,
  aborted: false,
  connectionLost: false
}
swarm.chat.failure {
  requestId: '31699a2c-094d-4df1-8b09-c5195bfbc2b3',
  durationMs: 7,
  stage: 'chat',
  category: 'server',
  status: 503,
  attempt: 1,
  retryCount: 0,
  timedOut: false,
  aborted: false,
  connectionLost: false
}
swarm.chat.failure {
  requestId: '98d3e8cc-4f34-455e-8bcf-751ef9ca3372',
  durationMs: 15,
  stage: 'plan',
  category: 'rate_limit',
  status: 429,
  attempt: 1,
  retryCount: 0,
  timedOut: false,
  aborted: false,
  connectionLost: false
}
swarm.chat.failure {
  requestId: '1ba18efb-7ed3-4516-87ad-9e39123e30de',
  durationMs: 19,
  stage: 'review',
  category: 'network',
  status: undefined,
  attempt: 3,
  retryCount: 2,
  timedOut: false,
  aborted: false,
  connectionLost: true
}
swarm.chat.failure {
  requestId: 'dda94a69-c22b-47d5-aff1-cb3b9c226c25',
  durationMs: 7,
  stage: 'chat',
  category: 'network',
  status: undefined,
  attempt: 1,
  retryCount: 0,
  timedOut: false,
  aborted: false,
  connectionLost: true
}
swarm.chat.failure {
  requestId: '7f86b574-ecbb-4e6d-87cb-acc2329b9c31',
  durationMs: 9,
  stage: 'chat',
  category: 'rate_limit',
  status: 429,
  attempt: 1,
  retryCount: 0,
  timedOut: false,
  aborted: false,
  connectionLost: false
}
swarm.chat.failure {
  requestId: '45988a49-47b5-4699-b837-78e08a301643',
  durationMs: 14,
  stage: 'plan',
  category: 'server',
  status: 503,
  attempt: 1,
  retryCount: 0,
  timedOut: false,
  aborted: false,
  connectionLost: false
}
swarm.chat.failure {
  requestId: '6a1cdcc5-f6ee-4e3d-a18b-35afb69fa416',
  durationMs: 5,
  stage: 'chat',
  category: 'server',
  status: 503,
  attempt: 1,
  retryCount: 0,
  timedOut: false,
  aborted: false,
  connectionLost: false
}
swarm.chat.failure {
  requestId: '38b1fd91-bb3f-4c4e-bdf6-4deb35aee881',
  durationMs: 13,
  stage: 'plan',
  category: 'rate_limit',
  status: 429,
  attempt: 1,
  retryCount: 0,
  timedOut: false,
  aborted: false,
  connectionLost: false
}
swarm.chat.failure {
  requestId: 'ca6ef85a-48ee-40ae-a93b-f222e532f5e6',
  durationMs: 19,
  stage: 'review',
  category: 'network',
  status: undefined,
  attempt: 3,
  retryCount: 2,
  timedOut: false,
  aborted: false,
  connectionLost: true
}
swarm.chat.failure {
  requestId: 'acd941d9-dfef-4b4e-9393-3f8a6320359a',
  durationMs: 6,
  stage: 'chat',
  category: 'rate_limit',
  status: 429,
  attempt: 1,
  retryCount: 0,
  timedOut: false,
  aborted: false,
  connectionLost: false
}
swarm.chat.failure {
  requestId: 'b0b33ae4-8096-4ac8-be3f-4ddbd1bc6552',
  durationMs: 10,
  stage: 'chat',
  category: 'network',
  status: undefined,
  attempt: 1,
  retryCount: 0,
  timedOut: false,
  aborted: false,
  connectionLost: true
}
swarm.chat.failure {
  requestId: '364726bf-0a74-438d-97f5-35cdc5576e25',
  durationMs: 16,
  stage: 'plan',
  category: 'server',
  status: 503,
  attempt: 1,
  retryCount: 0,
  timedOut: false,
  aborted: false,
  connectionLost: false
}
swarm.chat.failure {
  requestId: '50f7b741-139d-4a30-908c-a1d3901ccb59',
  durationMs: 7,
  stage: 'chat',
  category: 'server',
  status: 503,
  attempt: 1,
  retryCount: 0,
  timedOut: false,
  aborted: false,
  connectionLost: false
}
swarm.chat.failure {
  requestId: 'c1579852-01fd-483b-8a46-7bd011d4aa3c',
  durationMs: 13,
  stage: 'plan',
  category: 'rate_limit',
  status: 429,
  attempt: 1,
  retryCount: 0,
  timedOut: false,
  aborted: false,
  connectionLost: false
}
swarm.chat.failure {
  requestId: '81793db1-9041-4f6f-a74a-6c15eeeb5dc1',
  durationMs: 23,
  stage: 'review',
  category: 'network',
  status: undefined,
  attempt: 3,
  retryCount: 2,
  timedOut: false,
  aborted: false,
  connectionLost: true
}
swarm.chat.failure {
  requestId: '5ad44784-5055-4d8f-9168-02488bcf1fe4',
  durationMs: 6,
  stage: 'plan',
  category: 'server',
  status: 503,
  attempt: 1,
  retryCount: 0,
  timedOut: false,
  aborted: false,
  connectionLost: false
}
swarm.chat.failure {
  requestId: '21ce8acd-ed81-4e56-af88-3cc6aac4ce3a',
  durationMs: 9,
  stage: 'chat',
  category: 'network',
  status: undefined,
  attempt: 1,
  retryCount: 0,
  timedOut: false,
  aborted: false,
  connectionLost: true
}
swarm.chat.failure {
  requestId: '80999a87-158f-4461-903f-892aa8bb7c8f',
  durationMs: 11,
  stage: 'chat',
  category: 'rate_limit',
  status: 429,
  attempt: 1,
  retryCount: 0,
  timedOut: false,
  aborted: false,
  connectionLost: false
}
swarm.chat.failure {
  requestId: '3cd07e6c-3cac-476d-8ca4-d8ec17195196',
  durationMs: 9,
  stage: 'plan',
  category: 'rate_limit',
  status: 429,
  attempt: 1,
  retryCount: 0,
  timedOut: false,
  aborted: false,
  connectionLost: false
}
swarm.chat.failure {
  requestId: '7723729e-d912-406b-b788-f26525aa49b3',
  durationMs: 13,
  stage: 'chat',
  category: 'server',
  status: 503,
  attempt: 1,
  retryCount: 0,
  timedOut: false,
  aborted: false,
  connectionLost: false
}
swarm.chat.failure {
  requestId: '51938f60-e921-4d35-99b7-e51fd5a3f56c',
  durationMs: 26,
  stage: 'review',
  category: 'network',
  status: undefined,
  attempt: 3,
  retryCount: 2,
  timedOut: false,
  aborted: false,
  connectionLost: true
}
swarm.chat.failure {
  requestId: '7c1b287b-a607-4f65-9912-7922d39136e0',
  durationMs: 6,
  stage: 'chat',
  category: 'network',
  status: undefined,
  attempt: 1,
  retryCount: 0,
  timedOut: false,
  aborted: false,
  connectionLost: true
}
swarm.chat.failure {
  requestId: '42c2c8df-d6bd-403d-8bcf-53ee845c5afc',
  durationMs: 9,
  stage: 'chat',
  category: 'rate_limit',
  status: 429,
  attempt: 1,
  retryCount: 0,
  timedOut: false,
  aborted: false,
  connectionLost: false
}
swarm.chat.failure {
  requestId: 'f3ac71ef-026c-479e-85ce-55f1b7471619',
  durationMs: 11,
  stage: 'plan',
  category: 'server',
  status: 503,
  attempt: 1,
  retryCount: 0,
  timedOut: false,
  aborted: false,
  connectionLost: false
}
swarm.chat.failure {
  requestId: '3768c446-8772-4fcc-8d0f-9d2ca4ee0445',
  durationMs: 8,
  stage: 'chat',
  category: 'server',
  status: 503,
  attempt: 1,
  retryCount: 0,
  timedOut: false,
  aborted: false,
  connectionLost: false
}
swarm.chat.failure {
  requestId: '2ba99f5c-c93b-4c69-8b98-a9e2de5e4695',
  durationMs: 14,
  stage: 'plan',
  category: 'rate_limit',
  status: 429,
  attempt: 1,
  retryCount: 0,
  timedOut: false,
  aborted: false,
  connectionLost: false
}
swarm.chat.failure {
  requestId: 'fb86e220-a210-40b4-840c-5e24b1194735',
  durationMs: 21,
  stage: 'review',
  category: 'network',
  status: undefined,
  attempt: 3,
  retryCount: 2,
  timedOut: false,
  aborted: false,
  connectionLost: true
}
swarm.chat.failure {
  requestId: '1674e32a-2b79-4503-8fd5-d08687738105',
  durationMs: 7,
  stage: 'chat',
  category: 'network',
  status: undefined,
  attempt: 1,
  retryCount: 0,
  timedOut: false,
  aborted: false,
  connectionLost: true
}
swarm.chat.failure {
  requestId: 'efa0fc54-151e-4990-b36a-7818bf711c42',
  durationMs: 10,
  stage: 'plan',
  category: 'server',
  status: 503,
  attempt: 1,
  retryCount: 0,
  timedOut: false,
  aborted: false,
  connectionLost: false
}
swarm.chat.failure {
  requestId: '3118c05a-3136-4007-9e56-00a6957fb67c',
  durationMs: 13,
  stage: 'chat',
  category: 'rate_limit',
  status: 429,
  attempt: 1,
  retryCount: 0,
  timedOut: false,
  aborted: false,
  connectionLost: false
}
swarm.chat.failure {
  requestId: '79701ff9-b9d4-487a-a323-009b57a87ec8',
  durationMs: 8,
  stage: 'chat',
  category: 'server',
  status: 503,
  attempt: 1,
  retryCount: 0,
  timedOut: false,
  aborted: false,
  connectionLost: false
}
swarm.chat.failure {
  requestId: '6ad45fbe-fd7d-4b75-b0e1-d489ca2762bc',
  durationMs: 11,
  stage: 'plan',
  category: 'rate_limit',
  status: 429,
  attempt: 1,
  retryCount: 0,
  timedOut: false,
  aborted: false,
  connectionLost: false
}
swarm.chat.failure {
  requestId: '42c84807-5602-425c-902b-c29413dfea53',
  durationMs: 23,
  stage: 'review',
  category: 'network',
  status: undefined,
  attempt: 3,
  retryCount: 2,
  timedOut: false,
  aborted: false,
  connectionLost: true
}
swarm.chat.failure {
  requestId: '378652d0-315e-43eb-b256-473d25367c3a',
  durationMs: 6,
  stage: 'chat',
  category: 'rate_limit',
  status: 429,
  attempt: 1,
  retryCount: 0,
  timedOut: false,
  aborted: false,
  connectionLost: false
}
swarm.chat.failure {
  requestId: 'd995b333-fa99-473b-b254-6b3cc04d9535',
  durationMs: 9,
  stage: 'plan',
  category: 'server',
  status: 503,
  attempt: 1,
  retryCount: 0,
  timedOut: false,
  aborted: false,
  connectionLost: false
}
swarm.chat.failure {
  requestId: '5f152b76-ed0e-473c-af3d-4c2c4343558e',
  durationMs: 17,
  stage: 'chat',
  category: 'network',
  status: undefined,
  attempt: 1,
  retryCount: 0,
  timedOut: false,
  aborted: false,
  connectionLost: true
}
swarm.chat.failure {
  requestId: 'a22422d7-a5a3-4ba0-b4fd-3cb890db5bd8',
  durationMs: 11,
  stage: 'plan',
  category: 'rate_limit',
  status: 429,
  attempt: 1,
  retryCount: 0,
  timedOut: false,
  aborted: false,
  connectionLost: false
}
swarm.chat.failure {
  requestId: '3f1f9fba-9855-42f4-9648-1f8f5d615b14',
  durationMs: 16,
  stage: 'chat',
  category: 'server',
  status: 503,
  attempt: 1,
  retryCount: 0,
  timedOut: false,
  aborted: false,
  connectionLost: false
}
swarm.chat.failure {
  requestId: '694dcaae-55df-4a1a-aa55-89c5cfb79d32',
  durationMs: 21,
  stage: 'review',
  category: 'network',
  status: undefined,
  attempt: 3,
  retryCount: 2,
  timedOut: false,
  aborted: false,
  connectionLost: true
}
swarm.chat.failure {
  requestId: 'aa2360e7-0409-4c53-acc7-2c8d227629f3',
  durationMs: 7,
  stage: 'chat',
  category: 'network',
  status: undefined,
  attempt: 1,
  retryCount: 0,
  timedOut: false,
  aborted: false,
  connectionLost: true
}
swarm.chat.failure {
  requestId: 'ea7afddb-e34b-4530-8765-57f5bfb80226',
  durationMs: 11,
  stage: 'chat',
  category: 'rate_limit',
  status: 429,
  attempt: 1,
  retryCount: 0,
  timedOut: false,
  aborted: false,
  connectionLost: false
}
swarm.chat.failure {
  requestId: 'b98e05d8-a6da-41ba-b902-50b06f1e24af',
  durationMs: 14,
  stage: 'plan',
  category: 'server',
  status: 503,
  attempt: 1,
  retryCount: 0,
  timedOut: false,
  aborted: false,
  connectionLost: false
}
swarm.chat.failure {
  requestId: '22613f00-bcb5-4d67-a9f8-6f62806dd070',
  durationMs: 11,
  stage: 'chat',
  category: 'server',
  status: 503,
  attempt: 1,
  retryCount: 0,
  timedOut: false,
  aborted: false,
  connectionLost: false
}
swarm.chat.failure {
  requestId: '52330256-449b-4d03-bcbf-16cd9ff3e05b',
  durationMs: 14,
  stage: 'plan',
  category: 'rate_limit',
  status: 429,
  attempt: 1,
  retryCount: 0,
  timedOut: false,
  aborted: false,
  connectionLost: false
}
swarm.chat.failure {
  requestId: '624f384f-8efa-4e9c-8d16-d76ec8d03d89',
  durationMs: 25,
  stage: 'review',
  category: 'network',
  status: undefined,
  attempt: 3,
  retryCount: 2,
  timedOut: false,
  aborted: false,
  connectionLost: true
}
swarm.chat.failure {
  requestId: 'bfb6d5c2-cd80-4395-bf74-dc6f4c747c03',
  durationMs: 7,
  stage: 'chat',
  category: 'rate_limit',
  status: 429,
  attempt: 1,
  retryCount: 0,
  timedOut: false,
  aborted: false,
  connectionLost: false
}
swarm.chat.failure {
  requestId: '5ccbe4bc-6896-4bec-948c-fd8e3d45e19e',
  durationMs: 12,
  stage: 'chat',
  category: 'network',
  status: undefined,
  attempt: 1,
  retryCount: 0,
  timedOut: false,
  aborted: false,
  connectionLost: true
}
swarm.chat.failure {
  requestId: 'a2d27721-fbd5-4ce4-a60d-f93f06585420',
  durationMs: 15,
  stage: 'plan',
  category: 'server',
  status: 503,
  attempt: 1,
  retryCount: 0,
  timedOut: false,
  aborted: false,
  connectionLost: false
}
swarm.chat.failure {
  requestId: '678465c4-a682-4c24-8e63-46fb3eff0b54',
  durationMs: 8,
  stage: 'chat',
  category: 'server',
  status: 503,
  attempt: 1,
  retryCount: 0,
  timedOut: false,
  aborted: false,
  connectionLost: false
}
swarm.chat.failure {
  requestId: '0e39becc-3840-4c14-8b8b-25dd54a4823a',
  durationMs: 13,
  stage: 'plan',
  category: 'rate_limit',
  status: 429,
  attempt: 1,
  retryCount: 0,
  timedOut: false,
  aborted: false,
  connectionLost: false
}
swarm.chat.failure {
  requestId: 'bb71ec4e-3c1b-4729-8f69-fb908866067f',
  durationMs: 23,
  stage: 'review',
  category: 'network',
  status: undefined,
  attempt: 3,
  retryCount: 2,
  timedOut: false,
  aborted: false,
  connectionLost: true
}
swarm.chat.failure {
  requestId: 'e3bb8c2e-7d2d-45b1-8dd8-aa1de72de917',
  durationMs: 7,
  stage: 'chat',
  category: 'network',
  status: undefined,
  attempt: 1,
  retryCount: 0,
  timedOut: false,
  aborted: false,
  connectionLost: true
}
swarm.chat.failure {
  requestId: '519875da-6c02-4834-a281-9fa674e4c85b',
  durationMs: 9,
  stage: 'chat',
  category: 'rate_limit',
  status: 429,
  attempt: 1,
  retryCount: 0,
  timedOut: false,
  aborted: false,
  connectionLost: false
}
swarm.chat.failure {
  requestId: '97c3e33f-e77d-47a1-b5c3-8e6a62aacdc1',
  durationMs: 13,
  stage: 'plan',
  category: 'server',
  status: 503,
  attempt: 1,
  retryCount: 0,
  timedOut: false,
  aborted: false,
  connectionLost: false
}
swarm.chat.failure {
  requestId: '7d30231d-91a4-4cdd-b076-a72c05ca3f6f',
  durationMs: 7,
  stage: 'chat',
  category: 'server',
  status: 503,
  attempt: 1,
  retryCount: 0,
  timedOut: false,
  aborted: false,
  connectionLost: false
}
swarm.chat.failure {
  requestId: 'c7977e5a-9174-43b6-adc5-ed8b480be4b6',
  durationMs: 18,
  stage: 'plan',
  category: 'rate_limit',
  status: 429,
  attempt: 1,
  retryCount: 0,
  timedOut: false,
  aborted: false,
  connectionLost: false
}
swarm.chat.failure {
  requestId: 'e53d2e2e-9eba-4dac-8d0f-2ac32cc36c80',
  durationMs: 27,
  stage: 'review',
  category: 'network',
  status: undefined,
  attempt: 3,
  retryCount: 2,
  timedOut: false,
  aborted: false,
  connectionLost: true
}
swarm.chat.failure {
  requestId: '83235602-9178-4bc7-b445-60bd705450cb',
  durationMs: 6,
  stage: 'chat',
  category: 'rate_limit',
  status: 429,
  attempt: 1,
  retryCount: 0,
  timedOut: false,
  aborted: false,
  connectionLost: false
}
swarm.chat.failure {
  requestId: '0c242622-e090-4d65-b3e9-2fcbb71cdfc2',
  durationMs: 14,
  stage: 'chat',
  category: 'network',
  status: undefined,
  attempt: 1,
  retryCount: 0,
  timedOut: false,
  aborted: false,
  connectionLost: true
}
swarm.chat.failure {
  requestId: '401d5992-4a70-44c2-bdee-83de1e2924b1',
  durationMs: 16,
  stage: 'plan',
  category: 'server',
  status: 503,
  attempt: 1,
  retryCount: 0,
  timedOut: false,
  aborted: false,
  connectionLost: false
}
swarm.chat.failure {
  requestId: '13216482-45f4-42e9-8e12-3f43e78c1494',
  durationMs: 11,
  stage: 'chat',
  category: 'server',
  status: 503,
  attempt: 1,
  retryCount: 0,
  timedOut: false,
  aborted: false,
  connectionLost: false
}
swarm.chat.failure {
  requestId: '57465010-c3f3-41c9-b20a-450aef11bc5a',
  durationMs: 14,
  stage: 'plan',
  category: 'rate_limit',
  status: 429,
  attempt: 1,
  retryCount: 0,
  timedOut: false,
  aborted: false,
  connectionLost: false
}
swarm.chat.failure {
  requestId: 'af472ebf-9e19-4bfa-81f4-d1105312e09d',
  durationMs: 22,
  stage: 'review',
  category: 'network',
  status: undefined,
  attempt: 3,
  retryCount: 2,
  timedOut: false,
  aborted: false,
  connectionLost: true
}
swarm.chat.failure {
  requestId: '5467b5c2-5937-47a8-9fe4-dd487275abe7',
  durationMs: 5,
  stage: 'chat',
  category: 'network',
  status: undefined,
  attempt: 1,
  retryCount: 0,
  timedOut: false,
  aborted: false,
  connectionLost: true
}
swarm.chat.failure {
  requestId: '07868b53-ee18-4d45-af3a-d6324628f0a8',
  durationMs: 11,
  stage: 'plan',
  category: 'server',
  status: 503,
  attempt: 1,
  retryCount: 0,
  timedOut: false,
  aborted: false,
  connectionLost: false
}
swarm.chat.failure {
  requestId: 'fc3ba970-c6aa-4a65-9392-cdaceb6fd5f7',
  durationMs: 14,
  stage: 'chat',
  category: 'rate_limit',
  status: 429,
  attempt: 1,
  retryCount: 0,
  timedOut: false,
  aborted: false,
  connectionLost: false
}
swarm.chat.failure {
  requestId: '47e007f9-8976-424c-8b33-1796701565a3',
  durationMs: 9,
  stage: 'chat',
  category: 'server',
  status: 503,
  attempt: 1,
  retryCount: 0,
  timedOut: false,
  aborted: false,
  connectionLost: false
}
swarm.chat.failure {
  requestId: 'ab5230a0-47e0-4bfc-aa8f-a25aa376b04f',
  durationMs: 14,
  stage: 'plan',
  category: 'rate_limit',
  status: 429,
  attempt: 1,
  retryCount: 0,
  timedOut: false,
  aborted: false,
  connectionLost: false
}
swarm.chat.failure {
  requestId: 'eb828420-bea1-4fbc-9e80-980468e7963d',
  durationMs: 22,
  stage: 'review',
  category: 'network',
  status: undefined,
  attempt: 3,
  retryCount: 2,
  timedOut: false,
  aborted: false,
  connectionLost: true
}
swarm.chat.failure {
  requestId: '48e5630e-726b-4d1b-81d9-68b109fbcd66',
  durationMs: 8,
  stage: 'chat',
  category: 'rate_limit',
  status: 429,
  attempt: 1,
  retryCount: 0,
  timedOut: false,
  aborted: false,
  connectionLost: false
}
swarm.chat.failure {
  requestId: 'b82d8229-baa9-45b0-b998-0e04ac2d89e6',
  durationMs: 11,
  stage: 'chat',
  category: 'network',
  status: undefined,
  attempt: 1,
  retryCount: 0,
  timedOut: false,
  aborted: false,
  connectionLost: true
}
swarm.chat.failure {
  requestId: '4f2579c1-7f0e-4de7-817c-075d0c724860',
  durationMs: 14,
  stage: 'plan',
  category: 'server',
  status: 503,
  attempt: 1,
  retryCount: 0,
  timedOut: false,
  aborted: false,
  connectionLost: false
}
swarm.chat.failure {
  requestId: 'd6a84a58-db24-4a93-a9d6-c899f0cfd33e',
  durationMs: 14,
  stage: 'chat',
  category: 'server',
  status: 503,
  attempt: 1,
  retryCount: 0,
  timedOut: false,
  aborted: false,
  connectionLost: false
}
swarm.chat.failure {
  requestId: '958cc57e-40ff-4e34-a0f7-a57fa28c8824',
  durationMs: 16,
  stage: 'plan',
  category: 'rate_limit',
  status: 429,
  attempt: 1,
  retryCount: 0,
  timedOut: false,
  aborted: false,
  connectionLost: false
}
swarm.chat.failure {
  requestId: 'a09127c7-6448-42a9-ad19-15c9d5e1106d',
  durationMs: 25,
  stage: 'review',
  category: 'network',
  status: undefined,
  attempt: 3,
  retryCount: 2,
  timedOut: false,
  aborted: false,
  connectionLost: true
}
swarm.chat.failure {
  requestId: '42585efa-74e9-49f7-b0d8-8dff43f69cd4',
  durationMs: 10,
  stage: 'chat',
  category: 'network',
  status: undefined,
  attempt: 1,
  retryCount: 0,
  timedOut: false,
  aborted: false,
  connectionLost: true
}
swarm.chat.failure {
  requestId: '920acb76-c6ac-4e13-afaa-33c3f02bdfca',
  durationMs: 12,
  stage: 'plan',
  category: 'server',
  status: 503,
  attempt: 1,
  retryCount: 0,
  timedOut: false,
  aborted: false,
  connectionLost: false
}
swarm.chat.failure {
  requestId: '5a0410ef-9f75-4225-8afd-e8f0d56ab907',
  durationMs: 15,
  stage: 'chat',
  category: 'rate_limit',
  status: 429,
  attempt: 1,
  retryCount: 0,
  timedOut: false,
  aborted: false,
  connectionLost: false
}
swarm.chat.failure {
  requestId: 'cdcf92f9-6bac-4fa2-880d-fb517c990262',
  durationMs: 6,
  stage: 'chat',
  category: 'server',
  status: 503,
  attempt: 1,
  retryCount: 0,
  timedOut: false,
  aborted: false,
  connectionLost: false
}
swarm.chat.failure {
  requestId: '5e7040b7-39f3-4559-88fa-3a1ed81fcd5a',
  durationMs: 9,
  stage: 'plan',
  category: 'rate_limit',
  status: 429,
  attempt: 1,
  retryCount: 0,
  timedOut: false,
  aborted: false,
  connectionLost: false
}
swarm.chat.failure {
  requestId: '1db79ec1-7bca-4527-b3d6-10c4abf8f0a9',
  durationMs: 24,
  stage: 'review',
  category: 'network',
  status: undefined,
  attempt: 3,
  retryCount: 2,
  timedOut: false,
  aborted: false,
  connectionLost: true
}
swarm.chat.failure {
  requestId: 'f5cdea54-4487-419b-883f-00d103957f9c',
  durationMs: 6,
  stage: 'chat',
  category: 'rate_limit',
  status: 429,
  attempt: 1,
  retryCount: 0,
  timedOut: false,
  aborted: false,
  connectionLost: false
}
swarm.chat.failure {
  requestId: 'af38be53-8f99-48c1-b958-0d7dc316cf59',
  durationMs: 9,
  stage: 'chat',
  category: 'network',
  status: undefined,
  attempt: 1,
  retryCount: 0,
  timedOut: false,
  aborted: false,
  connectionLost: true
}
swarm.chat.failure {
  requestId: '28df04d4-170c-457a-9c49-96d6eee59ebb',
  durationMs: 13,
  stage: 'plan',
  category: 'server',
  status: 503,
  attempt: 1,
  retryCount: 0,
  timedOut: false,
  aborted: false,
  connectionLost: false
}
swarm.chat.failure {
  requestId: '19acc278-9428-4a6c-80ce-646b30d9d305',
  durationMs: 12,
  stage: 'chat',
  category: 'server',
  status: 503,
  attempt: 1,
  retryCount: 0,
  timedOut: false,
  aborted: false,
  connectionLost: false
}
swarm.chat.failure {
  requestId: 'e037ad0a-27cc-41a3-aada-0cfe59facc84',
  durationMs: 15,
  stage: 'plan',
  category: 'rate_limit',
  status: 429,
  attempt: 1,
  retryCount: 0,
  timedOut: false,
  aborted: false,
  connectionLost: false
}
swarm.chat.failure {
  requestId: '71d9856d-7f24-4276-b03a-8bee95ac78e8',
  durationMs: 24,
  stage: 'review',
  category: 'network',
  status: undefined,
  attempt: 3,
  retryCount: 2,
  timedOut: false,
  aborted: false,
  connectionLost: true
}
swarm.chat.failure {
  requestId: 'd049f4f0-d372-4e13-b981-8dca719bb7a5',
  durationMs: 7,
  stage: 'plan',
  category: 'server',
  status: 503,
  attempt: 1,
  retryCount: 0,
  timedOut: false,
  aborted: false,
  connectionLost: false
}
swarm.chat.failure {
  requestId: '0934275a-069f-41c7-991c-2fb3d9c05bde',
  durationMs: 10,
  stage: 'chat',
  category: 'network',
  status: undefined,
  attempt: 1,
  retryCount: 0,
  timedOut: false,
  aborted: false,
  connectionLost: true
}
swarm.chat.failure {
  requestId: 'fa3f261c-d721-453a-8c68-18dddfc45f03',
  durationMs: 13,
  stage: 'chat',
  category: 'rate_limit',
  status: 429,
  attempt: 1,
  retryCount: 0,
  timedOut: false,
  aborted: false,
  connectionLost: false
}
swarm.chat.failure {
  requestId: 'ae8986ba-3b0e-4d4b-9a22-e6fe701abf32',
  durationMs: 6,
  stage: 'chat',
  category: 'server',
  status: 503,
  attempt: 1,
  retryCount: 0,
  timedOut: false,
  aborted: false,
  connectionLost: false
}
swarm.chat.failure {
  requestId: '7de597f2-c1d3-4ae7-8891-e0304677cc11',
  durationMs: 8,
  stage: 'plan',
  category: 'rate_limit',
  status: 429,
  attempt: 1,
  retryCount: 0,
  timedOut: false,
  aborted: false,
  connectionLost: false
}
swarm.chat.failure {
  requestId: '05557f27-7eab-46b3-bcab-7c9453b0fb49',
  durationMs: 27,
  stage: 'review',
  category: 'network',
  status: undefined,
  attempt: 3,
  retryCount: 2,
  timedOut: false,
  aborted: false,
  connectionLost: true
}
swarm.chat.failure {
  requestId: 'f7ed5496-56cc-4d89-bb52-c1b62bfb9f8b',
  durationMs: 6,
  stage: 'chat',
  category: 'rate_limit',
  status: 429,
  attempt: 1,
  retryCount: 0,
  timedOut: false,
  aborted: false,
  connectionLost: false
}
swarm.chat.failure {
  requestId: '853b34ca-7e1b-4c36-a1a3-6abaeca3568c',
  durationMs: 9,
  stage: 'chat',
  category: 'network',
  status: undefined,
  attempt: 1,
  retryCount: 0,
  timedOut: false,
  aborted: false,
  connectionLost: true
}
swarm.chat.failure {
  requestId: '23246f8d-963e-47aa-955a-3aa0bb12bdce',
  durationMs: 13,
  stage: 'plan',
  category: 'server',
  status: 503,
  attempt: 1,
  retryCount: 0,
  timedOut: false,
  aborted: false,
  connectionLost: false
}
swarm.chat.failure {
  requestId: '1bbbc2a2-a102-40a6-a206-ffef39797125',
  durationMs: 13,
  stage: 'chat',
  category: 'server',
  status: 503,
  attempt: 1,
  retryCount: 0,
  timedOut: false,
  aborted: false,
  connectionLost: false
}
swarm.chat.failure {
  requestId: '7b037902-369b-4ffe-b324-53ae7d8461b9',
  durationMs: 15,
  stage: 'plan',
  category: 'rate_limit',
  status: 429,
  attempt: 1,
  retryCount: 0,
  timedOut: false,
  aborted: false,
  connectionLost: false
}
swarm.chat.failure {
  requestId: '3d779706-e9ba-46db-8028-5385137f13cd',
  durationMs: 23,
  stage: 'review',
  category: 'network',
  status: undefined,
  attempt: 3,
  retryCount: 2,
  timedOut: false,
  aborted: false,
  connectionLost: true
}
swarm.chat.failure {
  requestId: '3c18aaea-eaf8-4a7b-8c3c-d39e4f126682',
  durationMs: 8,
  stage: 'chat',
  category: 'network',
  status: undefined,
  attempt: 1,
  retryCount: 0,
  timedOut: false,
  aborted: false,
  connectionLost: true
}
swarm.chat.failure {
  requestId: 'a962495e-b3e6-46f5-a2c0-76282e01c242',
  durationMs: 10,
  stage: 'plan',
  category: 'server',
  status: 503,
  attempt: 1,
  retryCount: 0,
  timedOut: false,
  aborted: false,
  connectionLost: false
}
swarm.chat.failure {
  requestId: '61686c8d-d96a-435d-a81a-027b44babfe3',
  durationMs: 13,
  stage: 'chat',
  category: 'rate_limit',
  status: 429,
  attempt: 1,
  retryCount: 0,
  timedOut: false,
  aborted: false,
  connectionLost: false
}
swarm.chat.failure {
  requestId: '62cdabbb-9022-45ae-9197-750cfb08ecb1',
  durationMs: 8,
  stage: 'chat',
  category: 'server',
  status: 503,
  attempt: 1,
  retryCount: 0,
  timedOut: false,
  aborted: false,
  connectionLost: false
}
swarm.chat.failure {
  requestId: 'd0948e72-279a-4c94-84b2-4a6d2f8835d1',
  durationMs: 14,
  stage: 'plan',
  category: 'rate_limit',
  status: 429,
  attempt: 1,
  retryCount: 0,
  timedOut: false,
  aborted: false,
  connectionLost: false
}
swarm.chat.failure {
  requestId: '7b815442-469b-4704-a9c0-4d99b1daee0a',
  durationMs: 28,
  stage: 'review',
  category: 'network',
  status: undefined,
  attempt: 3,
  retryCount: 2,
  timedOut: false,
  aborted: false,
  connectionLost: true
}
swarm.chat.failure {
  requestId: 'f640669e-f756-47b0-9f7b-1798f86fd92f',
  durationMs: 7,
  stage: 'chat',
  category: 'rate_limit',
  status: 429,
  attempt: 1,
  retryCount: 0,
  timedOut: false,
  aborted: false,
  connectionLost: false
}
swarm.chat.failure {
  requestId: '93cf14c6-647a-4bd8-a2a1-76ad07c2e097',
  durationMs: 11,
  stage: 'chat',
  category: 'network',
  status: undefined,
  attempt: 1,
  retryCount: 0,
  timedOut: false,
  aborted: false,
  connectionLost: true
}
swarm.chat.failure {
  requestId: 'b735b6a7-d806-4a28-b520-5cf6eb8647eb',
  durationMs: 14,
  stage: 'plan',
  category: 'server',
  status: 503,
  attempt: 1,
  retryCount: 0,
  timedOut: false,
  aborted: false,
  connectionLost: false
}
swarm.chat.failure {
  requestId: '6d5b7c9f-6672-4a80-af00-f8aa617fb544',
  durationMs: 9,
  stage: 'chat',
  category: 'server',
  status: 503,
  attempt: 1,
  retryCount: 0,
  timedOut: false,
  aborted: false,
  connectionLost: false
}
swarm.chat.failure {
  requestId: '0e7fe0b1-dd9c-4419-b42c-0f1f19a4a46d',
  durationMs: 15,
  stage: 'plan',
  category: 'rate_limit',
  status: 429,
  attempt: 1,
  retryCount: 0,
  timedOut: false,
  aborted: false,
  connectionLost: false
}
swarm.chat.failure {
  requestId: '2db1d438-0633-4b70-a7ef-4f885d3ac3df',
  durationMs: 24,
  stage: 'review',
  category: 'network',
  status: undefined,
  attempt: 3,
  retryCount: 2,
  timedOut: false,
  aborted: false,
  connectionLost: true
}
swarm.chat.failure {
  requestId: '9a781961-99e1-4897-97d6-6a82658c9628',
  durationMs: 5,
  stage: 'plan',
  category: 'server',
  status: 503,
  attempt: 1,
  retryCount: 0,
  timedOut: false,
  aborted: false,
  connectionLost: false
}
swarm.chat.failure {
  requestId: '0565fdb8-c74a-4de2-9113-d558c92f40e7',
  durationMs: 7,
  stage: 'chat',
  category: 'rate_limit',
  status: 429,
  attempt: 1,
  retryCount: 0,
  timedOut: false,
  aborted: false,
  connectionLost: false
}
swarm.chat.failure {
  requestId: 'd5d3fd05-76d1-47dc-9ff0-30f2a1c4482a',
  durationMs: 13,
  stage: 'chat',
  category: 'network',
  status: undefined,
  attempt: 1,
  retryCount: 0,
  timedOut: false,
  aborted: false,
  connectionLost: true
}
swarm.chat.failure {
  requestId: '38e27545-c725-4679-a00b-40d106d21783',
  durationMs: 5,
  stage: 'chat',
  category: 'server',
  status: 503,
  attempt: 1,
  retryCount: 0,
  timedOut: false,
  aborted: false,
  connectionLost: false
}
swarm.chat.failure {
  requestId: 'af30ce02-23bb-464c-ae33-9bcae00e1467',
  durationMs: 8,
  stage: 'plan',
  category: 'rate_limit',
  status: 429,
  attempt: 1,
  retryCount: 0,
  timedOut: false,
  aborted: false,
  connectionLost: false
}
swarm.chat.failure {
  requestId: '5789442f-f341-42da-b4ac-ee217559645d',
  durationMs: 25,
  stage: 'review',
  category: 'network',
  status: undefined,
  attempt: 3,
  retryCount: 2,
  timedOut: false,
  aborted: false,
  connectionLost: true
}
swarm.chat.failure {
  requestId: '6189eb0f-db06-4169-83fe-24d255d7aa83',
  durationMs: 6,
  stage: 'chat',
  category: 'rate_limit',
  status: 429,
  attempt: 1,
  retryCount: 0,
  timedOut: false,
  aborted: false,
  connectionLost: false
}
swarm.chat.failure {
  requestId: 'c5981dff-5912-4b47-8ce9-f3298441256f',
  durationMs: 9,
  stage: 'chat',
  category: 'network',
  status: undefined,
  attempt: 1,
  retryCount: 0,
  timedOut: false,
  aborted: false,
  connectionLost: true
}
swarm.chat.failure {
  requestId: '1bda218b-25ae-4ed9-9b93-6282e78f08b6',
  durationMs: 13,
  stage: 'plan',
  category: 'server',
  status: 503,
  attempt: 1,
  retryCount: 0,
  timedOut: false,
  aborted: false,
  connectionLost: false
}
swarm.chat.failure {
  requestId: '51c0225d-8d7b-48e7-a969-a60323594ea4',
  durationMs: 11,
  stage: 'chat',
  category: 'server',
  status: 503,
  attempt: 1,
  retryCount: 0,
  timedOut: false,
  aborted: false,
  connectionLost: false
}
swarm.chat.failure {
  requestId: '652406ba-07c9-4f05-8ebc-522db1f472d1',
  durationMs: 13,
  stage: 'plan',
  category: 'rate_limit',
  status: 429,
  attempt: 1,
  retryCount: 0,
  timedOut: false,
  aborted: false,
  connectionLost: false
}
swarm.chat.failure {
  requestId: '61a06611-653c-4056-a5e1-6e206846184b',
  durationMs: 29,
  stage: 'review',
  category: 'network',
  status: undefined,
  attempt: 3,
  retryCount: 2,
  timedOut: false,
  aborted: false,
  connectionLost: true
}
swarm.chat.failure {
  requestId: '69423834-d172-440c-8c4b-e021cab8634c',
  durationMs: 5,
  stage: 'plan',
  category: 'server',
  status: 503,
  attempt: 1,
  retryCount: 0,
  timedOut: false,
  aborted: false,
  connectionLost: false
}
swarm.chat.failure {
  requestId: '70bd9d28-d380-4cd4-88e4-e5da76e89e09',
  durationMs: 8,
  stage: 'chat',
  category: 'network',
  status: undefined,
  attempt: 1,
  retryCount: 0,
  timedOut: false,
  aborted: false,
  connectionLost: true
}
swarm.chat.failure {
  requestId: '21a3acdd-2851-422d-b22b-73fc0a585913',
  durationMs: 11,
  stage: 'chat',
  category: 'rate_limit',
  status: 429,
  attempt: 1,
  retryCount: 0,
  timedOut: false,
  aborted: false,
  connectionLost: false
}
swarm.chat.failure {
  requestId: 'c33fca5c-6456-4c43-8559-b0a3acff342e',
  durationMs: 6,
  stage: 'chat',
  category: 'server',
  status: 503,
  attempt: 1,
  retryCount: 0,
  timedOut: false,
  aborted: false,
  connectionLost: false
}
swarm.chat.failure {
  requestId: 'f24047b3-10b3-4d80-991c-9bd5cc84b259',
  durationMs: 8,
  stage: 'plan',
  category: 'rate_limit',
  status: 429,
  attempt: 1,
  retryCount: 0,
  timedOut: false,
  aborted: false,
  connectionLost: false
}
swarm.chat.failure {
  requestId: 'd769edc5-5a78-40cd-b0cd-d35f9b992566',
  durationMs: 25,
  stage: 'review',
  category: 'network',
  status: undefined,
  attempt: 3,
  retryCount: 2,
  timedOut: false,
  aborted: false,
  connectionLost: true
}
swarm.chat.failure {
  requestId: '23bc9508-676e-4ac2-acf6-352ca679241e',
  durationMs: 7,
  stage: 'chat',
  category: 'rate_limit',
  status: 429,
  attempt: 1,
  retryCount: 0,
  timedOut: false,
  aborted: false,
  connectionLost: false
}
swarm.chat.failure {
  requestId: 'de76ca74-af25-4225-9ab5-5abfc6bc3d62',
  durationMs: 8,
  stage: 'chat',
  category: 'network',
  status: undefined,
  attempt: 1,
  retryCount: 0,
  timedOut: false,
  aborted: false,
  connectionLost: true
}
swarm.chat.failure {
  requestId: 'd28018db-85ee-4404-b454-18d0ca7c5ac1',
  durationMs: 14,
  stage: 'plan',
  category: 'server',
  status: 503,
  attempt: 1,
  retryCount: 0,
  timedOut: false,
  aborted: false,
  connectionLost: false
}
swarm.chat.failure {
  requestId: '115ffd85-40f7-4951-a1fa-bd71ec77fd4a',
  durationMs: 10,
  stage: 'chat',
  category: 'server',
  status: 503,
  attempt: 1,
  retryCount: 0,
  timedOut: false,
  aborted: false,
  connectionLost: false
}
swarm.chat.failure {
  requestId: '5f06854d-93de-4af6-9304-f33644f9597e',
  durationMs: 12,
  stage: 'plan',
  category: 'rate_limit',
  status: 429,
  attempt: 1,
  retryCount: 0,
  timedOut: false,
  aborted: false,
  connectionLost: false
}
swarm.chat.failure {
  requestId: '500efe54-1cf8-4fa4-b491-d59df0795763',
  durationMs: 24,
  stage: 'review',
  category: 'network',
  status: undefined,
  attempt: 3,
  retryCount: 2,
  timedOut: false,
  aborted: false,
  connectionLost: true
}
swarm.chat.failure {
  requestId: '053a6500-2e9d-4de9-bbad-63ed781486fc',
  durationMs: 5,
  stage: 'plan',
  category: 'server',
  status: 503,
  attempt: 1,
  retryCount: 0,
  timedOut: false,
  aborted: false,
  connectionLost: false
}
swarm.chat.failure {
  requestId: '7b4c07f4-cba1-4401-9973-9f92e7994cff',
  durationMs: 8,
  stage: 'chat',
  category: 'network',
  status: undefined,
  attempt: 1,
  retryCount: 0,
  timedOut: false,
  aborted: false,
  connectionLost: true
}
swarm.chat.failure {
  requestId: 'd3fb6704-f64c-4b76-8ca7-fa3f13615671',
  durationMs: 11,
  stage: 'chat',
  category: 'rate_limit',
  status: 429,
  attempt: 1,
  retryCount: 0,
  timedOut: false,
  aborted: false,
  connectionLost: false
}
swarm.chat.failure {
  requestId: '29649207-d15e-4261-b800-0d54aae9788c',
  durationMs: 6,
  stage: 'plan',
  category: 'rate_limit',
  status: 429,
  attempt: 1,
  retryCount: 0,
  timedOut: false,
  aborted: false,
  connectionLost: false
}
swarm.chat.failure {
  requestId: '569b2205-b5e8-4432-911b-8bc0c1fa263e',
  durationMs: 9,
  stage: 'chat',
  category: 'server',
  status: 503,
  attempt: 1,
  retryCount: 0,
  timedOut: false,
  aborted: false,
  connectionLost: false
}
swarm.chat.failure {
  requestId: 'c8bf7c49-5fea-47ba-a80d-77f915be654c',
  durationMs: 19,
  stage: 'review',
  category: 'network',
  status: undefined,
  attempt: 3,
  retryCount: 2,
  timedOut: false,
  aborted: false,
  connectionLost: true
}
swarm.chat.failure {
  requestId: 'ac606b22-4050-480e-b14f-56266fabd60b',
  durationMs: 8,
  stage: 'chat',
  category: 'rate_limit',
  status: 429,
  attempt: 1,
  retryCount: 0,
  timedOut: false,
  aborted: false,
  connectionLost: false
}
swarm.chat.failure {
  requestId: 'b7bedf12-b484-4a74-9c12-a8942f85d6f8',
  durationMs: 11,
  stage: 'chat',
  category: 'network',
  status: undefined,
  attempt: 1,
  retryCount: 0,
  timedOut: false,
  aborted: false,
  connectionLost: true
}
swarm.chat.failure {
  requestId: '7b214975-3226-4771-887b-3450641c60fa',
  durationMs: 15,
  stage: 'plan',
  category: 'server',
  status: 503,
  attempt: 1,
  retryCount: 0,
  timedOut: false,
  aborted: false,
  connectionLost: false
}
swarm.chat.failure {
  requestId: '1f5d681e-dfc8-4f9a-b64f-7c9fe2acb76b',
  durationMs: 8,
  stage: 'chat',
  category: 'server',
  status: 503,
  attempt: 1,
  retryCount: 0,
  timedOut: false,
  aborted: false,
  connectionLost: false
}
swarm.chat.failure {
  requestId: '8bf5a094-e1b7-4df0-b2b3-4e0edaf15f56',
  durationMs: 12,
  stage: 'plan',
  category: 'rate_limit',
  status: 429,
  attempt: 1,
  retryCount: 0,
  timedOut: false,
  aborted: false,
  connectionLost: false
}
swarm.chat.failure {
  requestId: '97ae56d5-5da6-45de-aeb7-fad8279ddb82',
  durationMs: 20,
  stage: 'review',
  category: 'network',
  status: undefined,
  attempt: 3,
  retryCount: 2,
  timedOut: false,
  aborted: false,
  connectionLost: true
}
swarm.chat.failure {
  requestId: '3c89f31f-6e9b-47df-934a-24f06d75f684',
  durationMs: 6,
  stage: 'chat',
  category: 'network',
  status: undefined,
  attempt: 1,
  retryCount: 0,
  timedOut: false,
  aborted: false,
  connectionLost: true
}
swarm.chat.failure {
  requestId: '4541ca10-b2e7-4186-8dff-8275195a56f6',
  durationMs: 8,
  stage: 'chat',
  category: 'rate_limit',
  status: 429,
  attempt: 1,
  retryCount: 0,
  timedOut: false,
  aborted: false,
  connectionLost: false
}
swarm.chat.failure {
  requestId: '1263f145-a817-461f-b58e-6ba7cab50753',
  durationMs: 13,
  stage: 'plan',
  category: 'server',
  status: 503,
  attempt: 1,
  retryCount: 0,
  timedOut: false,
  aborted: false,
  connectionLost: false
}
swarm.chat.failure {
  requestId: '2fb224e5-5773-4610-b86a-799cd9f50bdd',
  durationMs: 6,
  stage: 'chat',
  category: 'server',
  status: 503,
  attempt: 1,
  retryCount: 0,
  timedOut: false,
  aborted: false,
  connectionLost: false
}
swarm.chat.failure {
  requestId: '78228357-2fa0-4b35-96bc-4d6dd973bde5',
  durationMs: 15,
  stage: 'plan',
  category: 'rate_limit',
  status: 429,
  attempt: 1,
  retryCount: 0,
  timedOut: false,
  aborted: false,
  connectionLost: false
}
swarm.chat.failure {
  requestId: 'd970fcb7-cad3-481f-802a-e18049578543',
  durationMs: 21,
  stage: 'review',
  category: 'network',
  status: undefined,
  attempt: 3,
  retryCount: 2,
  timedOut: false,
  aborted: false,
  connectionLost: true
}
swarm.chat.failure {
  requestId: 'd57980c8-45b1-4294-a0e5-55b72eb3d29c',
  durationMs: 8,
  stage: 'chat',
  category: 'rate_limit',
  status: 429,
  attempt: 1,
  retryCount: 0,
  timedOut: false,
  aborted: false,
  connectionLost: false
}
swarm.chat.failure {
  requestId: '693de841-e0f8-48c0-a022-9f00221e757f',
  durationMs: 12,
  stage: 'chat',
  category: 'network',
  status: undefined,
  attempt: 1,
  retryCount: 0,
  timedOut: false,
  aborted: false,
  connectionLost: true
}
swarm.chat.failure {
  requestId: 'd01be61c-03e7-47d9-8eb9-8109a1c6502a',
  durationMs: 14,
  stage: 'plan',
  category: 'server',
  status: 503,
  attempt: 1,
  retryCount: 0,
  timedOut: false,
  aborted: false,
  connectionLost: false
}
swarm.chat.failure {
  requestId: '4af91142-9e8a-44bc-bf19-5607ec8db011',
  durationMs: 9,
  stage: 'chat',
  category: 'server',
  status: 503,
  attempt: 1,
  retryCount: 0,
  timedOut: false,
  aborted: false,
  connectionLost: false
}
swarm.chat.failure {
  requestId: '5d436b0a-a293-4b09-92b9-33f20e1096ea',
  durationMs: 12,
  stage: 'plan',
  category: 'rate_limit',
  status: 429,
  attempt: 1,
  retryCount: 0,
  timedOut: false,
  aborted: false,
  connectionLost: false
}
swarm.chat.failure {
  requestId: 'cd7c6237-e4dd-41da-95a6-5f5a7400dd0a',
  durationMs: 27,
  stage: 'review',
  category: 'network',
  status: undefined,
  attempt: 3,
  retryCount: 2,
  timedOut: false,
  aborted: false,
  connectionLost: true
}
swarm.chat.failure {
  requestId: '29622b71-0ab6-450c-a48d-03939288d3a9',
  durationMs: 7,
  stage: 'plan',
  category: 'server',
  status: 503,
  attempt: 1,
  retryCount: 0,
  timedOut: false,
  aborted: false,
  connectionLost: false
}
swarm.chat.failure {
  requestId: '6f004ce3-4ff4-4f6d-8c14-6a8612604cec',
  durationMs: 11,
  stage: 'chat',
  category: 'network',
  status: undefined,
  attempt: 1,
  retryCount: 0,
  timedOut: false,
  aborted: false,
  connectionLost: true
}
swarm.chat.failure {
  requestId: '387b8a1b-0569-4199-86d6-e20641f2cef4',
  durationMs: 14,
  stage: 'chat',
  category: 'rate_limit',
  status: 429,
  attempt: 1,
  retryCount: 0,
  timedOut: false,
  aborted: false,
  connectionLost: false
}
swarm.chat.failure {
  requestId: 'c05e5c6e-620a-445a-abab-e4a756cb1bfa',
  durationMs: 6,
  stage: 'plan',
  category: 'rate_limit',
  status: 429,
  attempt: 1,
  retryCount: 0,
  timedOut: false,
  aborted: false,
  connectionLost: false
}
swarm.chat.failure {
  requestId: '911aac33-fb35-44f8-803e-087c11ed3fb1',
  durationMs: 13,
  stage: 'chat',
  category: 'server',
  status: 503,
  attempt: 1,
  retryCount: 0,
  timedOut: false,
  aborted: false,
  connectionLost: false
}
swarm.chat.failure {
  requestId: 'e22217d3-a493-4991-87f6-283b642ae3a5',
  durationMs: 17,
  stage: 'review',
  category: 'network',
  status: undefined,
  attempt: 3,
  retryCount: 2,
  timedOut: false,
  aborted: false,
  connectionLost: true
}
swarm.chat.failure {
  requestId: '2488e7c3-445d-4ce1-b81a-2ffc21361bd8',
  durationMs: 8,
  stage: 'chat',
  category: 'network',
  status: undefined,
  attempt: 1,
  retryCount: 0,
  timedOut: false,
  aborted: false,
  connectionLost: true
}
swarm.chat.failure {
  requestId: 'af06abba-6ffa-4b56-9781-70f936576e5c',
  durationMs: 11,
  stage: 'chat',
  category: 'rate_limit',
  status: 429,
  attempt: 1,
  retryCount: 0,
  timedOut: false,
  aborted: false,
  connectionLost: false
}
swarm.chat.failure {
  requestId: '940ba79f-8967-45c4-9846-b8f6aea0b5fa',
  durationMs: 13,
  stage: 'plan',
  category: 'server',
  status: 503,
  attempt: 1,
  retryCount: 0,
  timedOut: false,
  aborted: false,
  connectionLost: false
}
swarm.chat.failure {
  requestId: '0295822b-0e0a-496b-b153-fc8f8dfe2b44',
  durationMs: 11,
  stage: 'chat',
  category: 'server',
  status: 503,
  attempt: 1,
  retryCount: 0,
  timedOut: false,
  aborted: false,
  connectionLost: false
}
swarm.chat.failure {
  requestId: 'c472ac58-01bc-4b5f-a528-bf8049ac9dca',
  durationMs: 14,
  stage: 'plan',
  category: 'rate_limit',
  status: 429,
  attempt: 1,
  retryCount: 0,
  timedOut: false,
  aborted: false,
  connectionLost: false
}
swarm.chat.failure {
  requestId: '83a22577-b35a-4d28-9a4d-724daf0514b0',
  durationMs: 21,
  stage: 'review',
  category: 'network',
  status: undefined,
  attempt: 3,
  retryCount: 2,
  timedOut: false,
  aborted: false,
  connectionLost: true
}
swarm.chat.failure {
  requestId: '6a8ca54b-fed2-4c08-abed-f0d845b3b8fa',
  durationMs: 7,
  stage: 'plan',
  category: 'server',
  status: 503,
  attempt: 1,
  retryCount: 0,
  timedOut: false,
  aborted: false,
  connectionLost: false
}
swarm.chat.failure {
  requestId: '9842b278-7ab3-489d-a8ef-b6df4739a19e',
  durationMs: 9,
  stage: 'chat',
  category: 'rate_limit',
  status: 429,
  attempt: 1,
  retryCount: 0,
  timedOut: false,
  aborted: false,
  connectionLost: false
}
swarm.chat.failure {
  requestId: '55f5d959-b9c0-4a40-8aaa-7a269fe06b1c',
  durationMs: 12,
  stage: 'chat',
  category: 'network',
  status: undefined,
  attempt: 1,
  retryCount: 0,
  timedOut: false,
  aborted: false,
  connectionLost: true
}
swarm.chat.failure {
  requestId: '7caa330d-7009-4367-bbf8-f79a83de7b35',
  durationMs: 7,
  stage: 'plan',
  category: 'rate_limit',
  status: 429,
  attempt: 1,
  retryCount: 0,
  timedOut: false,
  aborted: false,
  connectionLost: false
}
swarm.chat.failure {
  requestId: 'bd622035-2f11-4873-8831-65ba02edae43',
  durationMs: 13,
  stage: 'chat',
  category: 'server',
  status: 503,
  attempt: 1,
  retryCount: 0,
  timedOut: false,
  aborted: false,
  connectionLost: false
}
swarm.chat.failure {
  requestId: '0ad0282e-c552-4f53-9985-9ad1186f1dba',
  durationMs: 22,
  stage: 'review',
  category: 'network',
  status: undefined,
  attempt: 3,
  retryCount: 2,
  timedOut: false,
  aborted: false,
  connectionLost: true
}
swarm.chat.failure {
  requestId: '4cf00b74-4a12-4de2-9815-d1900d62c1ac',
  durationMs: 6,
  stage: 'chat',
  category: 'rate_limit',
  status: 429,
  attempt: 1,
  retryCount: 0,
  timedOut: false,
  aborted: false,
  connectionLost: false
}
swarm.chat.failure {
  requestId: '634c8b89-a807-4cb6-88b4-ab7ada0495e1',
  durationMs: 11,
  stage: 'chat',
  category: 'network',
  status: undefined,
  attempt: 1,
  retryCount: 0,
  timedOut: false,
  aborted: false,
  connectionLost: true
}
swarm.chat.failure {
  requestId: '471f52d0-7ec8-4c1d-9091-81bbc3990487',
  durationMs: 14,
  stage: 'plan',
  category: 'server',
  status: 503,
  attempt: 1,
  retryCount: 0,
  timedOut: false,
  aborted: false,
  connectionLost: false
}
swarm.chat.failure {
  requestId: '54f407e5-7131-4d87-b549-79111cd4c970',
  durationMs: 14,
  stage: 'chat',
  category: 'server',
  status: 503,
  attempt: 1,
  retryCount: 0,
  timedOut: false,
  aborted: false,
  connectionLost: false
}
swarm.chat.failure {
  requestId: '48afffa6-9b20-4c32-bf08-1fa1a6403128',
  durationMs: 26,
  stage: 'plan',
  category: 'rate_limit',
  status: 429,
  attempt: 1,
  retryCount: 0,
  timedOut: false,
  aborted: false,
  connectionLost: false
}
swarm.chat.failure {
  requestId: '6d937fd8-4fb6-40a2-bebd-4c4953ac1b33',
  durationMs: 43,
  stage: 'review',
  category: 'network',
  status: undefined,
  attempt: 3,
  retryCount: 2,
  timedOut: false,
  aborted: false,
  connectionLost: true
}
swarm.chat.failure {
  requestId: '87a3101b-6994-40c4-a073-907568156d5c',
  durationMs: 7,
  stage: 'plan',
  category: 'server',
  status: 503,
  attempt: 1,
  retryCount: 0,
  timedOut: false,
  aborted: false,
  connectionLost: false
}
swarm.chat.failure {
  requestId: '5eaca4de-3b4a-4ba3-afea-9f837f691c0e',
  durationMs: 10,
  stage: 'chat',
  category: 'rate_limit',
  status: 429,
  attempt: 1,
  retryCount: 0,
  timedOut: false,
  aborted: false,
  connectionLost: false
}
swarm.chat.failure {
  requestId: '0240b34e-f07c-4c1f-bcd6-8662378e9793',
  durationMs: 14,
  stage: 'chat',
  category: 'network',
  status: undefined,
  attempt: 1,
  retryCount: 0,
  timedOut: false,
  aborted: false,
  connectionLost: true
}
swarm.chat.failure {
  requestId: 'bdf5d0d8-a88e-406d-97db-be76b9a607c7',
  durationMs: 17,
  stage: 'plan',
  category: 'rate_limit',
  status: 429,
  attempt: 1,
  retryCount: 0,
  timedOut: false,
  aborted: false,
  connectionLost: false
}
swarm.chat.failure {
  requestId: '0a83491f-ba94-4776-95c2-5433b64ef3cf',
  durationMs: 22,
  stage: 'chat',
  category: 'server',
  status: 503,
  attempt: 1,
  retryCount: 0,
  timedOut: false,
  aborted: false,
  connectionLost: false
}
swarm.chat.failure {
  requestId: '460dc060-88ea-47e7-9ccd-1c3ded3e729a',
  durationMs: 34,
  stage: 'review',
  category: 'network',
  status: undefined,
  attempt: 3,
  retryCount: 2,
  timedOut: false,
  aborted: false,
  connectionLost: true
}
swarm.chat.failure {
  requestId: '9bcd982b-468b-4ca7-9194-32c0d2b1495b',
  durationMs: 9,
  stage: 'chat',
  category: 'network',
  status: undefined,
  attempt: 1,
  retryCount: 0,
  timedOut: false,
  aborted: false,
  connectionLost: true
}
swarm.chat.failure {
  requestId: '34d8faab-a5ec-4fbf-a261-04293764f455',
  durationMs: 13,
  stage: 'chat',
  category: 'rate_limit',
  status: 429,
  attempt: 1,
  retryCount: 0,
  timedOut: false,
  aborted: false,
  connectionLost: false
}
swarm.chat.failure {
  requestId: '1d8031be-6532-4ba2-b630-bb4f4c8ffeab',
  durationMs: 16,
  stage: 'plan',
  category: 'server',
  status: 503,
  attempt: 1,
  retryCount: 0,
  timedOut: false,
  aborted: false,
  connectionLost: false
}
swarm.chat.failure {
  requestId: '3815e41e-5aff-4db1-99a8-4cc989c4c6f3',
  durationMs: 12,
  stage: 'chat',
  category: 'server',
  status: 503,
  attempt: 1,
  retryCount: 0,
  timedOut: false,
  aborted: false,
  connectionLost: false
}
swarm.chat.failure {
  requestId: 'e84a2f9e-1f41-49fd-9e12-7d4ec36e7550',
  durationMs: 15,
  stage: 'plan',
  category: 'rate_limit',
  status: 429,
  attempt: 1,
  retryCount: 0,
  timedOut: false,
  aborted: false,
  connectionLost: false
}
swarm.chat.failure {
  requestId: 'a7175c79-f2c3-4b58-adc3-769654cf616e',
  durationMs: 32,
  stage: 'review',
  category: 'network',
  status: undefined,
  attempt: 3,
  retryCount: 2,
  timedOut: false,
  aborted: false,
  connectionLost: true
}
swarm.chat.failure {
  requestId: 'a4fd5629-888f-418c-93e7-bdd9ad5d8494',
  durationMs: 7,
  stage: 'chat',
  category: 'network',
  status: undefined,
  attempt: 1,
  retryCount: 0,
  timedOut: false,
  aborted: false,
  connectionLost: true
}
swarm.chat.failure {
  requestId: 'd68d4240-e8f8-45c8-ae17-ef6a8996667b',
  durationMs: 10,
  stage: 'chat',
  category: 'rate_limit',
  status: 429,
  attempt: 1,
  retryCount: 0,
  timedOut: false,
  aborted: false,
  connectionLost: false
}
swarm.chat.failure {
  requestId: '6b636521-6248-4112-bf40-a343e6c52072',
  durationMs: 15,
  stage: 'plan',
  category: 'server',
  status: 503,
  attempt: 1,
  retryCount: 0,
  timedOut: false,
  aborted: false,
  connectionLost: false
}
swarm.chat.failure {
  requestId: '402084fe-1474-4404-93ed-b940f9817378',
  durationMs: 7,
  stage: 'chat',
  category: 'server',
  status: 503,
  attempt: 1,
  retryCount: 0,
  timedOut: false,
  aborted: false,
  connectionLost: false
}
swarm.chat.failure {
  requestId: 'b3a45e7c-5568-469f-8aee-8f6bb91ca0e0',
  durationMs: 11,
  stage: 'plan',
  category: 'rate_limit',
  status: 429,
  attempt: 1,
  retryCount: 0,
  timedOut: false,
  aborted: false,
  connectionLost: false
}
swarm.chat.failure {
  requestId: '6839714b-8802-44b8-8aef-563e2f882071',
  durationMs: 21,
  stage: 'review',
  category: 'network',
  status: undefined,
  attempt: 3,
  retryCount: 2,
  timedOut: false,
  aborted: false,
  connectionLost: true
}
swarm.chat.failure {
  requestId: '8d82ebbb-c533-4b8b-9b04-7554379f5d36',
  durationMs: 7,
  stage: 'chat',
  category: 'rate_limit',
  status: 429,
  attempt: 1,
  retryCount: 0,
  timedOut: false,
  aborted: false,
  connectionLost: false
}
swarm.chat.failure {
  requestId: 'd9483af4-210f-42f2-bae7-7b8444a9bb4c',
  durationMs: 12,
  stage: 'chat',
  category: 'network',
  status: undefined,
  attempt: 1,
  retryCount: 0,
  timedOut: false,
  aborted: false,
  connectionLost: true
}
swarm.chat.failure {
  requestId: '35168a9e-3945-464b-8f6d-8f4fadd9fd03',
  durationMs: 14,
  stage: 'plan',
  category: 'server',
  status: 503,
  attempt: 1,
  retryCount: 0,
  timedOut: false,
  aborted: false,
  connectionLost: false
}
swarm.chat.failure {
  requestId: 'a03ce120-70c9-40b4-b9df-47dc7fd66562',
  durationMs: 9,
  stage: 'chat',
  category: 'server',
  status: 503,
  attempt: 1,
  retryCount: 0,
  timedOut: false,
  aborted: false,
  connectionLost: false
}
swarm.chat.failure {
  requestId: '01d22449-3621-459b-9613-a13185de5341',
  durationMs: 16,
  stage: 'plan',
  category: 'rate_limit',
  status: 429,
  attempt: 1,
  retryCount: 0,
  timedOut: false,
  aborted: false,
  connectionLost: false
}
swarm.chat.failure {
  requestId: 'cded51ec-3063-4af9-b3f5-de8f821fb980',
  durationMs: 24,
  stage: 'review',
  category: 'network',
  status: undefined,
  attempt: 3,
  retryCount: 2,
  timedOut: false,
  aborted: false,
  connectionLost: true
}
swarm.chat.failure {
  requestId: '9f411064-9eb7-4795-8a3a-1f30bbc48b62',
  durationMs: 6,
  stage: 'chat',
  category: 'network',
  status: undefined,
  attempt: 1,
  retryCount: 0,
  timedOut: false,
  aborted: false,
  connectionLost: true
}
swarm.chat.failure {
  requestId: '1aa74b56-0c0b-44db-a7df-8e972c8f688b',
  durationMs: 9,
  stage: 'chat',
  category: 'rate_limit',
  status: 429,
  attempt: 1,
  retryCount: 0,
  timedOut: false,
  aborted: false,
  connectionLost: false
}
swarm.chat.failure {
  requestId: '69cf79e7-9ed2-4663-a845-f17cd5ff72c4',
  durationMs: 13,
  stage: 'plan',
  category: 'server',
  status: 503,
  attempt: 1,
  retryCount: 0,
  timedOut: false,
  aborted: false,
  connectionLost: false
}
swarm.chat.failure {
  requestId: '5b59fab4-ec21-4e5b-8f4f-f630debe38ff',
  durationMs: 7,
  stage: 'chat',
  category: 'server',
  status: 503,
  attempt: 1,
  retryCount: 0,
  timedOut: false,
  aborted: false,
  connectionLost: false
}
swarm.chat.failure {
  requestId: '3b5de68d-a46d-438f-a9d9-47d39d000c79',
  durationMs: 12,
  stage: 'plan',
  category: 'rate_limit',
  status: 429,
  attempt: 1,
  retryCount: 0,
  timedOut: false,
  aborted: false,
  connectionLost: false
}
swarm.chat.failure {
  requestId: '43033c7b-1f5c-4ced-aa64-91590929477c',
  durationMs: 22,
  stage: 'review',
  category: 'network',
  status: undefined,
  attempt: 3,
  retryCount: 2,
  timedOut: false,
  aborted: false,
  connectionLost: true
}
swarm.chat.failure {
  requestId: '8ca97b33-33ba-43ee-bc09-dadc186ef471',
  durationMs: 5,
  stage: 'chat',
  category: 'rate_limit',
  status: 429,
  attempt: 1,
  retryCount: 0,
  timedOut: false,
  aborted: false,
  connectionLost: false
}
swarm.chat.failure {
  requestId: 'dca51547-b4e4-4ec6-9cf3-2a7913f4c3e5',
  durationMs: 11,
  stage: 'chat',
  category: 'network',
  status: undefined,
  attempt: 1,
  retryCount: 0,
  timedOut: false,
  aborted: false,
  connectionLost: true
}
swarm.chat.failure {
  requestId: 'bde71ad5-b9ba-442a-b08f-99aebe3a6cdf',
  durationMs: 13,
  stage: 'plan',
  category: 'server',
  status: 503,
  attempt: 1,
  retryCount: 0,
  timedOut: false,
  aborted: false,
  connectionLost: false
}
swarm.chat.failure {
  requestId: '54b4479e-3a5a-4888-ba31-869bd7fdf794',
  durationMs: 6,
  stage: 'chat',
  category: 'server',
  status: 503,
  attempt: 1,
  retryCount: 0,
  timedOut: false,
  aborted: false,
  connectionLost: false
}
swarm.chat.failure {
  requestId: 'e74fe2d4-08a5-483c-8836-2bcbbfd3e763',
  durationMs: 11,
  stage: 'plan',
  category: 'rate_limit',
  status: 429,
  attempt: 1,
  retryCount: 0,
  timedOut: false,
  aborted: false,
  connectionLost: false
}
swarm.chat.failure {
  requestId: 'c617b053-499c-4e65-af8e-022196a82e4e',
  durationMs: 20,
  stage: 'review',
  category: 'network',
  status: undefined,
  attempt: 3,
  retryCount: 2,
  timedOut: false,
  aborted: false,
  connectionLost: true
}
swarm.chat.failure {
  requestId: 'e6dd6a7f-0e42-40a9-946e-559bec516629',
  durationMs: 5,
  stage: 'plan',
  category: 'server',
  status: 503,
  attempt: 1,
  retryCount: 0,
  timedOut: false,
  aborted: false,
  connectionLost: false
}
swarm.chat.failure {
  requestId: '9021f7a8-eeec-498e-a6fc-f1c902a02656',
  durationMs: 8,
  stage: 'chat',
  category: 'network',
  status: undefined,
  attempt: 1,
  retryCount: 0,
  timedOut: false,
  aborted: false,
  connectionLost: true
}
swarm.chat.failure {
  requestId: '38cd5e9b-b01b-4f2a-b18b-4a3d9f7329b3',
  durationMs: 11,
  stage: 'chat',
  category: 'rate_limit',
  status: 429,
  attempt: 1,
  retryCount: 0,
  timedOut: false,
  aborted: false,
  connectionLost: false
}
swarm.chat.failure {
  requestId: 'cd7bd179-a9e9-4595-b187-d536d1a82b41',
  durationMs: 7,
  stage: 'plan',
  category: 'rate_limit',
  status: 429,
  attempt: 1,
  retryCount: 0,
  timedOut: false,
  aborted: false,
  connectionLost: false
}
swarm.chat.failure {
  requestId: 'e077a58f-8a83-47c3-9895-7095dbdda3eb',
  durationMs: 12,
  stage: 'chat',
  category: 'server',
  status: 503,
  attempt: 1,
  retryCount: 0,
  timedOut: false,
  aborted: false,
  connectionLost: false
}
swarm.chat.failure {
  requestId: 'a9b042cb-adfe-4ddb-af27-049b84bd4a08',
  durationMs: 24,
  stage: 'review',
  category: 'network',
  status: undefined,
  attempt: 3,
  retryCount: 2,
  timedOut: false,
  aborted: false,
  connectionLost: true
}
swarm.chat.failure {
  requestId: 'f58a7472-d510-4204-afd7-26045f11f2c3',
  durationMs: 8,
  stage: 'chat',
  category: 'rate_limit',
  status: 429,
  attempt: 1,
  retryCount: 0,
  timedOut: false,
  aborted: false,
  connectionLost: false
}
swarm.chat.failure {
  requestId: 'bf8663fc-ec04-4940-aa34-d6ea8bcda819',
  durationMs: 10,
  stage: 'plan',
  category: 'server',
  status: 503,
  attempt: 1,
  retryCount: 0,
  timedOut: false,
  aborted: false,
  connectionLost: false
}
swarm.chat.failure {
  requestId: '5f074ff5-ea50-4666-ad3e-6d6c5e9d552f',
  durationMs: 15,
  stage: 'chat',
  category: 'network',
  status: undefined,
  attempt: 1,
  retryCount: 0,
  timedOut: false,
  aborted: false,
  connectionLost: true
}
swarm.chat.failure {
  requestId: 'dfffb837-fc2b-412c-a4c8-e409cc89e739',
  durationMs: 9,
  stage: 'plan',
  category: 'rate_limit',
  status: 429,
  attempt: 1,
  retryCount: 0,
  timedOut: false,
  aborted: false,
  connectionLost: false
}
swarm.chat.failure {
  requestId: 'cfaecf1a-8a16-4e0c-bfc6-8ef7952e859e',
  durationMs: 14,
  stage: 'chat',
  category: 'server',
  status: 503,
  attempt: 1,
  retryCount: 0,
  timedOut: false,
  aborted: false,
  connectionLost: false
}
swarm.chat.failure {
  requestId: 'dc4f0d73-3e61-4cc5-96ba-2ee6598fe675',
  durationMs: 18,
  stage: 'review',
  category: 'network',
  status: undefined,
  attempt: 3,
  retryCount: 2,
  timedOut: false,
  aborted: false,
  connectionLost: true
}
swarm.chat.failure {
  requestId: 'e826d67b-2d76-47b6-af03-853652ce2c72',
  durationMs: 7,
  stage: 'chat',
  category: 'network',
  status: undefined,
  attempt: 1,
  retryCount: 0,
  timedOut: false,
  aborted: false,
  connectionLost: true
}
swarm.chat.failure {
  requestId: 'f7be11b6-3474-470c-badd-e53ce20e1eda',
  durationMs: 10,
  stage: 'chat',
  category: 'rate_limit',
  status: 429,
  attempt: 1,
  retryCount: 0,
  timedOut: false,
  aborted: false,
  connectionLost: false
}
swarm.chat.failure {
  requestId: '13ef0515-85c0-4255-9557-85eba5ab281c',
  durationMs: 13,
  stage: 'plan',
  category: 'server',
  status: 503,
  attempt: 1,
  retryCount: 0,
  timedOut: false,
  aborted: false,
  connectionLost: false
}
swarm.chat.failure {
  requestId: '30b4c4b2-b7d6-4c8e-832c-c523595add18',
  durationMs: 6,
  stage: 'chat',
  category: 'server',
  status: 503,
  attempt: 1,
  retryCount: 0,
  timedOut: false,
  aborted: false,
  connectionLost: false
}
swarm.chat.failure {
  requestId: '547fffcd-301d-443a-bed0-46ad00e1478b',
  durationMs: 10,
  stage: 'plan',
  category: 'rate_limit',
  status: 429,
  attempt: 1,
  retryCount: 0,
  timedOut: false,
  aborted: false,
  connectionLost: false
}
swarm.chat.failure {
  requestId: 'c0781819-9577-418a-9687-1a27b60d7fa8',
  durationMs: 21,
  stage: 'review',
  category: 'network',
  status: undefined,
  attempt: 3,
  retryCount: 2,
  timedOut: false,
  aborted: false,
  connectionLost: true
}
swarm.chat.failure {
  requestId: 'a52e7ff8-db73-4f17-98fb-fffeed661ef8',
  durationMs: 9,
  stage: 'chat',
  category: 'rate_limit',
  status: 429,
  attempt: 1,
  retryCount: 0,
  timedOut: false,
  aborted: false,
  connectionLost: false
}
swarm.chat.failure {
  requestId: '3dd8c010-f21e-494f-8284-7af7a861a52a',
  durationMs: 14,
  stage: 'chat',
  category: 'network',
  status: undefined,
  attempt: 1,
  retryCount: 0,
  timedOut: false,
  aborted: false,
  connectionLost: true
}
swarm.chat.failure {
  requestId: '9e07c20d-2037-4a74-86c4-ec20f2993660',
  durationMs: 17,
  stage: 'plan',
  category: 'server',
  status: 503,
  attempt: 1,
  retryCount: 0,
  timedOut: false,
  aborted: false,
  connectionLost: false
}
swarm.chat.failure {
  requestId: '32d079a6-9eee-4255-a978-7f555cee59e8',
  durationMs: 9,
  stage: 'chat',
  category: 'server',
  status: 503,
  attempt: 1,
  retryCount: 0,
  timedOut: false,
  aborted: false,
  connectionLost: false
}
swarm.chat.failure {
  requestId: '23464d90-8856-4ab8-9cf6-72e6fb9a4730',
  durationMs: 15,
  stage: 'plan',
  category: 'rate_limit',
  status: 429,
  attempt: 1,
  retryCount: 0,
  timedOut: false,
  aborted: false,
  connectionLost: false
}
swarm.chat.failure {
  requestId: '5725c4d7-4db9-44cd-9f1f-35a06be630b9',
  durationMs: 20,
  stage: 'review',
  category: 'network',
  status: undefined,
  attempt: 3,
  retryCount: 2,
  timedOut: false,
  aborted: false,
  connectionLost: true
}
swarm.chat.failure {
  requestId: 'd560f0c8-cb10-4595-a1f1-df823f95c90f',
  durationMs: 6,
  stage: 'chat',
  category: 'network',
  status: undefined,
  attempt: 1,
  retryCount: 0,
  timedOut: false,
  aborted: false,
  connectionLost: true
}
swarm.chat.failure {
  requestId: 'bac66bea-4cec-4e5f-8fc7-b643a5f55af1',
  durationMs: 9,
  stage: 'plan',
  category: 'server',
  status: 503,
  attempt: 1,
  retryCount: 0,
  timedOut: false,
  aborted: false,
  connectionLost: false
}
swarm.chat.failure {
  requestId: '4286599b-cc77-45ed-b82e-ce35a5a1a801',
  durationMs: 12,
  stage: 'chat',
  category: 'rate_limit',
  status: 429,
  attempt: 1,
  retryCount: 0,
  timedOut: false,
  aborted: false,
  connectionLost: false
}
swarm.chat.failure {
  requestId: '8cf4f893-68f8-4dd2-815f-bb37efb9ea64',
  durationMs: 6,
  stage: 'chat',
  category: 'server',
  status: 503,
  attempt: 1,
  retryCount: 0,
  timedOut: false,
  aborted: false,
  connectionLost: false
}
swarm.chat.failure {
  requestId: 'b3be7165-6f55-47ee-9423-3d860e20334a',
  durationMs: 10,
  stage: 'plan',
  category: 'rate_limit',
  status: 429,
  attempt: 1,
  retryCount: 0,
  timedOut: false,
  aborted: false,
  connectionLost: false
}
swarm.chat.failure {
  requestId: 'be95d391-05d2-4a95-9425-b4712f865f54',
  durationMs: 22,
  stage: 'review',
  category: 'network',
  status: undefined,
  attempt: 3,
  retryCount: 2,
  timedOut: false,
  aborted: false,
  connectionLost: true
}
swarm.chat.failure {
  requestId: '40e2fdc8-6fd4-4029-83d1-182f1024dc14',
  durationMs: 7,
  stage: 'chat',
  category: 'rate_limit',
  status: 429,
  attempt: 1,
  retryCount: 0,
  timedOut: false,
  aborted: false,
  connectionLost: false
}
swarm.chat.failure {
  requestId: '13d421df-4608-4797-a953-4eb38e8fd827',
  durationMs: 12,
  stage: 'chat',
  category: 'network',
  status: undefined,
  attempt: 1,
  retryCount: 0,
  timedOut: false,
  aborted: false,
  connectionLost: true
}
swarm.chat.failure {
  requestId: 'e7317c76-d538-48ab-bfb6-cffa08ff360b',
  durationMs: 16,
  stage: 'plan',
  category: 'server',
  status: 503,
  attempt: 1,
  retryCount: 0,
  timedOut: false,
  aborted: false,
  connectionLost: false
}
swarm.chat.failure {
  requestId: '3003f387-5488-49d9-b051-166f02a90aad',
  durationMs: 11,
  stage: 'chat',
  category: 'server',
  status: 503,
  attempt: 1,
  retryCount: 0,
  timedOut: false,
  aborted: false,
  connectionLost: false
}
swarm.chat.failure {
  requestId: 'fa1ca24a-3bd1-4c9f-8aa7-0219dbb99f18',
  durationMs: 14,
  stage: 'plan',
  category: 'rate_limit',
  status: 429,
  attempt: 1,
  retryCount: 0,
  timedOut: false,
  aborted: false,
  connectionLost: false
}
swarm.chat.failure {
  requestId: '6863c13a-fc43-4536-bae0-3000bd18a15e',
  durationMs: 21,
  stage: 'review',
  category: 'network',
  status: undefined,
  attempt: 3,
  retryCount: 2,
  timedOut: false,
  aborted: false,
  connectionLost: true
}
swarm.chat.failure {
  requestId: 'b262f2fa-253f-4ec5-a633-5d4cfd6aeaed',
  durationMs: 5,
  stage: 'chat',
  category: 'network',
  status: undefined,
  attempt: 1,
  retryCount: 0,
  timedOut: false,
  aborted: false,
  connectionLost: true
}
swarm.chat.failure {
  requestId: '1316da63-ddb0-4d59-92e3-034f5307e9f4',
  durationMs: 9,
  stage: 'plan',
  category: 'server',
  status: 503,
  attempt: 1,
  retryCount: 0,
  timedOut: false,
  aborted: false,
  connectionLost: false
}
swarm.chat.failure {
  requestId: '90d5a13a-06ad-4188-8f3c-fbca691ee688',
  durationMs: 11,
  stage: 'chat',
  category: 'rate_limit',
  status: 429,
  attempt: 1,
  retryCount: 0,
  timedOut: false,
  aborted: false,
  connectionLost: false
}
swarm.chat.failure {
  requestId: '3bd461c3-fdef-4519-b14e-3750239fb19a',
  durationMs: 6,
  stage: 'chat',
  category: 'server',
  status: 503,
  attempt: 1,
  retryCount: 0,
  timedOut: false,
  aborted: false,
  connectionLost: false
}
swarm.chat.failure {
  requestId: 'a9fedd08-6061-4a84-899b-01d4762cfd6a',
  durationMs: 8,
  stage: 'plan',
  category: 'rate_limit',
  status: 429,
  attempt: 1,
  retryCount: 0,
  timedOut: false,
  aborted: false,
  connectionLost: false
}
swarm.chat.failure {
  requestId: 'a7168060-2329-4209-bc8c-65ae53afb970',
  durationMs: 21,
  stage: 'review',
  category: 'network',
  status: undefined,
  attempt: 3,
  retryCount: 2,
  timedOut: false,
  aborted: false,
  connectionLost: true
}
swarm.chat.failure {
  requestId: '91581934-375e-477f-84ea-110d96310e7c',
  durationMs: 5,
  stage: 'chat',
  category: 'rate_limit',
  status: 429,
  attempt: 1,
  retryCount: 0,
  timedOut: false,
  aborted: false,
  connectionLost: false
}
swarm.chat.failure {
  requestId: 'f0fd2a0c-a404-469b-a472-98a8bdddb8ea',
  durationMs: 8,
  stage: 'chat',
  category: 'network',
  status: undefined,
  attempt: 1,
  retryCount: 0,
  timedOut: false,
  aborted: false,
  connectionLost: true
}
swarm.chat.failure {
  requestId: 'e0a8a07c-e01c-458a-bdcc-b6010a6ede75',
  durationMs: 15,
  stage: 'plan',
  category: 'server',
  status: 503,
  attempt: 1,
  retryCount: 0,
  timedOut: false,
  aborted: false,
  connectionLost: false
}
swarm.chat.failure {
  requestId: '5282ddae-b19d-48a8-8e78-6dbecd714593',
  durationMs: 16,
  stage: 'chat',
  category: 'server',
  status: 503,
  attempt: 1,
  retryCount: 0,
  timedOut: false,
  aborted: false,
  connectionLost: false
}
swarm.chat.failure {
  requestId: '48c2a4df-b440-4116-b565-4e1458c6c93f',
  durationMs: 18,
  stage: 'plan',
  category: 'rate_limit',
  status: 429,
  attempt: 1,
  retryCount: 0,
  timedOut: false,
  aborted: false,
  connectionLost: false
}
swarm.chat.failure {
  requestId: '6d680c7e-7cd0-447a-b129-0734e733afd1',
  durationMs: 22,
  stage: 'review',
  category: 'network',
  status: undefined,
  attempt: 3,
  retryCount: 2,
  timedOut: false,
  aborted: false,
  connectionLost: true
}
swarm.chat.failure {
  requestId: 'e27e0799-f4ca-41fe-a7dd-5d533f3ebb61',
  durationMs: 5,
  stage: 'plan',
  category: 'server',
  status: 503,
  attempt: 1,
  retryCount: 0,
  timedOut: false,
  aborted: false,
  connectionLost: false
}
swarm.chat.failure {
  requestId: '60bf256f-6975-4ac9-a5b9-55a9c7e16dce',
  durationMs: 8,
  stage: 'chat',
  category: 'rate_limit',
  status: 429,
  attempt: 1,
  retryCount: 0,
  timedOut: false,
  aborted: false,
  connectionLost: false
}
swarm.chat.failure {
  requestId: 'cad04d66-532e-43ad-81d4-6a54fd2d2527',
  durationMs: 11,
  stage: 'chat',
  category: 'network',
  status: undefined,
  attempt: 1,
  retryCount: 0,
  timedOut: false,
  aborted: false,
  connectionLost: true
}
swarm.chat.failure {
  requestId: 'f76ba7c2-9468-4704-9910-b30bedfb1cdf',
  durationMs: 10,
  stage: 'plan',
  category: 'rate_limit',
  status: 429,
  attempt: 1,
  retryCount: 0,
  timedOut: false,
  aborted: false,
  connectionLost: false
}
swarm.chat.failure {
  requestId: '2236a8d8-0749-4dd4-9cea-75f50d70f2eb',
  durationMs: 13,
  stage: 'chat',
  category: 'server',
  status: 503,
  attempt: 1,
  retryCount: 0,
  timedOut: false,
  aborted: false,
  connectionLost: false
}
swarm.chat.failure {
  requestId: '8dd3bc0e-896b-406f-a0b5-3be36ba88750',
  durationMs: 22,
  stage: 'review',
  category: 'network',
  status: undefined,
  attempt: 3,
  retryCount: 2,
  timedOut: false,
  aborted: false,
  connectionLost: true
}
swarm.chat.failure {
  requestId: '30fb0e28-e435-4a15-b7c9-cf18cd21d63f',
  durationMs: 5,
  stage: 'chat',
  category: 'rate_limit',
  status: 429,
  attempt: 1,
  retryCount: 0,
  timedOut: false,
  aborted: false,
  connectionLost: false
}
swarm.chat.failure {
  requestId: 'd1450a66-7d54-4cc7-94f3-197ca10044cd',
  durationMs: 8,
  stage: 'chat',
  category: 'network',
  status: undefined,
  attempt: 1,
  retryCount: 0,
  timedOut: false,
  aborted: false,
  connectionLost: true
}
swarm.chat.failure {
  requestId: '80cef3a5-0286-4503-a51a-291d7cdb3a9a',
  durationMs: 13,
  stage: 'plan',
  category: 'server',
  status: 503,
  attempt: 1,
  retryCount: 0,
  timedOut: false,
  aborted: false,
  connectionLost: false
}
swarm.chat.failure {
  requestId: '120370e9-2661-442c-84cd-c491dbff2999',
  durationMs: 11,
  stage: 'chat',
  category: 'server',
  status: 503,
  attempt: 1,
  retryCount: 0,
  timedOut: false,
  aborted: false,
  connectionLost: false
}
swarm.chat.failure {
  requestId: '917304d8-e407-43ef-8873-0bdbd49cc20a',
  durationMs: 13,
  stage: 'plan',
  category: 'rate_limit',
  status: 429,
  attempt: 1,
  retryCount: 0,
  timedOut: false,
  aborted: false,
  connectionLost: false
}
swarm.chat.failure {
  requestId: 'fd0a2731-cd76-4b44-b691-ec5c089d7186',
  durationMs: 17,
  stage: 'review',
  category: 'network',
  status: undefined,
  attempt: 3,
  retryCount: 2,
  timedOut: false,
  aborted: false,
  connectionLost: true
}
swarm.chat.failure {
  requestId: 'e9ab154c-5d78-4085-8843-36080d3e973a',
  durationMs: 8,
  stage: 'plan',
  category: 'server',
  status: 503,
  attempt: 1,
  retryCount: 0,
  timedOut: false,
  aborted: false,
  connectionLost: false
}
swarm.chat.failure {
  requestId: '661b14f7-afb6-4677-a5fe-97c19e5a0a45',
  durationMs: 10,
  stage: 'chat',
  category: 'rate_limit',
  status: 429,
  attempt: 1,
  retryCount: 0,
  timedOut: false,
  aborted: false,
  connectionLost: false
}
swarm.chat.failure {
  requestId: '308558a5-ae6f-4914-b8f0-b6fc694cc925',
  durationMs: 13,
  stage: 'chat',
  category: 'network',
  status: undefined,
  attempt: 1,
  retryCount: 0,
  timedOut: false,
  aborted: false,
  connectionLost: true
}
swarm.chat.failure {
  requestId: '02d7cd33-ed52-4ff8-9c1b-f36c6a80a94d',
  durationMs: 9,
  stage: 'plan',
  category: 'rate_limit',
  status: 429,
  attempt: 1,
  retryCount: 0,
  timedOut: false,
  aborted: false,
  connectionLost: false
}
swarm.chat.failure {
  requestId: 'd7005dbd-e220-4c1b-b4e9-49770e6a4add',
  durationMs: 12,
  stage: 'chat',
  category: 'server',
  status: 503,
  attempt: 1,
  retryCount: 0,
  timedOut: false,
  aborted: false,
  connectionLost: false
}
swarm.chat.failure {
  requestId: '80aedf83-056f-4fe7-bd48-89320ca78726',
  durationMs: 24,
  stage: 'review',
  category: 'network',
  status: undefined,
  attempt: 3,
  retryCount: 2,
  timedOut: false,
  aborted: false,
  connectionLost: true
}
swarm.chat.failure {
  requestId: '2fa4be20-46f5-4b4a-81ad-c7f906f12ade',
  durationMs: 14,
  stage: 'chat',
  category: 'rate_limit',
  status: 429,
  attempt: 1,
  retryCount: 0,
  timedOut: false,
  aborted: false,
  connectionLost: false
}
swarm.chat.failure {
  requestId: 'a4eedc19-655a-49aa-8acd-36fd38ad5fac',
  durationMs: 18,
  stage: 'chat',
  category: 'network',
  status: undefined,
  attempt: 1,
  retryCount: 0,
  timedOut: false,
  aborted: false,
  connectionLost: true
}
swarm.chat.failure {
  requestId: '8491bca9-c60a-4ad2-8dc0-2f62ab2aee0f',
  durationMs: 28,
  stage: 'plan',
  category: 'server',
  status: 503,
  attempt: 1,
  retryCount: 0,
  timedOut: false,
  aborted: false,
  connectionLost: false
}
swarm.chat.failure {
  requestId: '8944eda8-87de-4b57-ae9f-b00b040e07ef',
  durationMs: 7,
  stage: 'chat',
  category: 'server',
  status: 503,
  attempt: 1,
  retryCount: 0,
  timedOut: false,
  aborted: false,
  connectionLost: false
}
swarm.chat.failure {
  requestId: '8af91f34-24fc-4bf2-b75c-416fd46392a4',
  durationMs: 16,
  stage: 'plan',
  category: 'rate_limit',
  status: 429,
  attempt: 1,
  retryCount: 0,
  timedOut: false,
  aborted: false,
  connectionLost: false
}
swarm.chat.failure {
  requestId: '0a5f316d-d767-43b9-8381-a255f061cd29',
  durationMs: 20,
  stage: 'review',
  category: 'network',
  status: undefined,
  attempt: 3,
  retryCount: 2,
  timedOut: false,
  aborted: false,
  connectionLost: true
}
swarm.chat.failure {
  requestId: '5cd8506d-10bf-4910-86e0-b61d011ea4f0',
  durationMs: 8,
  stage: 'chat',
  category: 'network',
  status: undefined,
  attempt: 1,
  retryCount: 0,
  timedOut: false,
  aborted: false,
  connectionLost: true
}
swarm.chat.failure {
  requestId: 'e1157207-e668-4f32-8ab7-c115d98641f6',
  durationMs: 11,
  stage: 'chat',
  category: 'rate_limit',
  status: 429,
  attempt: 1,
  retryCount: 0,
  timedOut: false,
  aborted: false,
  connectionLost: false
}
swarm.chat.failure {
  requestId: 'b7bcaf27-c013-4759-ad28-cbbf63e8dec7',
  durationMs: 14,
  stage: 'plan',
  category: 'server',
  status: 503,
  attempt: 1,
  retryCount: 0,
  timedOut: false,
  aborted: false,
  connectionLost: false
}
swarm.chat.failure {
  requestId: 'fc11417d-7e96-4e13-863f-37bd92c3a776',
  durationMs: 6,
  stage: 'chat',
  category: 'server',
  status: 503,
  attempt: 1,
  retryCount: 0,
  timedOut: false,
  aborted: false,
  connectionLost: false
}
swarm.chat.failure {
  requestId: 'e1af04c2-c218-4bb1-be25-8a3b4cdcba81',
  durationMs: 14,
  stage: 'plan',
  category: 'rate_limit',
  status: 429,
  attempt: 1,
  retryCount: 0,
  timedOut: false,
  aborted: false,
  connectionLost: false
}
swarm.chat.failure {
  requestId: '6c2d81ad-9b09-4692-8f18-005bdefd19e4',
  durationMs: 20,
  stage: 'review',
  category: 'network',
  status: undefined,
  attempt: 3,
  retryCount: 2,
  timedOut: false,
  aborted: false,
  connectionLost: true
}
swarm.chat.failure {
  requestId: '05e2c14d-7edf-48e9-bf40-c716f729b9fe',
  durationMs: 6,
  stage: 'chat',
  category: 'rate_limit',
  status: 429,
  attempt: 1,
  retryCount: 0,
  timedOut: false,
  aborted: false,
  connectionLost: false
}
swarm.chat.failure {
  requestId: '7094d07a-055a-47c4-90c0-6968b866cbc1',
  durationMs: 9,
  stage: 'chat',
  category: 'network',
  status: undefined,
  attempt: 1,
  retryCount: 0,
  timedOut: false,
  aborted: false,
  connectionLost: true
}
swarm.chat.failure {
  requestId: 'f76fc728-ec4b-4b27-b453-c10c94a3b462',
  durationMs: 11,
  stage: 'plan',
  category: 'server',
  status: 503,
  attempt: 1,
  retryCount: 0,
  timedOut: false,
  aborted: false,
  connectionLost: false
}
swarm.chat.failure {
  requestId: 'bb60afb7-0b4b-46b7-8d79-6678ca74c11b',
  durationMs: 15,
  stage: 'chat',
  category: 'server',
  status: 503,
  attempt: 1,
  retryCount: 0,
  timedOut: false,
  aborted: false,
  connectionLost: false
}
swarm.chat.failure {
  requestId: '59cd162f-3064-420c-8ff1-750bbd7c24d9',
  durationMs: 18,
  stage: 'plan',
  category: 'rate_limit',
  status: 429,
  attempt: 1,
  retryCount: 0,
  timedOut: false,
  aborted: false,
  connectionLost: false
}
swarm.chat.failure {
  requestId: 'a1be93ca-7315-4a4e-9af5-12b345efc884',
  durationMs: 25,
  stage: 'review',
  category: 'network',
  status: undefined,
  attempt: 3,
  retryCount: 2,
  timedOut: false,
  aborted: false,
  connectionLost: true
}
swarm.chat.failure {
  requestId: '731fd63a-1d28-4d6d-bec5-6375fd4a5ce1',
  durationMs: 7,
  stage: 'chat',
  category: 'network',
  status: undefined,
  attempt: 1,
  retryCount: 0,
  timedOut: false,
  aborted: false,
  connectionLost: true
}
swarm.chat.failure {
  requestId: '8d1b9124-75a2-4498-9475-6e99783708ac',
  durationMs: 9,
  stage: 'plan',
  category: 'server',
  status: 503,
  attempt: 1,
  retryCount: 0,
  timedOut: false,
  aborted: false,
  connectionLost: false
}
swarm.chat.failure {
  requestId: 'a372c0d3-4262-43ca-b4d3-c29c312cbf98',
  durationMs: 12,
  stage: 'chat',
  category: 'rate_limit',
  status: 429,
  attempt: 1,
  retryCount: 0,
  timedOut: false,
  aborted: false,
  connectionLost: false
}
swarm.chat.failure {
  requestId: 'f1472554-09bd-4c2d-9b9f-860d3d778f6d',
  durationMs: 8,
  stage: 'chat',
  category: 'server',
  status: 503,
  attempt: 1,
  retryCount: 0,
  timedOut: false,
  aborted: false,
  connectionLost: false
}
swarm.chat.failure {
  requestId: '8771c1ce-0678-4535-a966-0a89da53889b',
  durationMs: 12,
  stage: 'plan',
  category: 'rate_limit',
  status: 429,
  attempt: 1,
  retryCount: 0,
  timedOut: false,
  aborted: false,
  connectionLost: false
}
swarm.chat.failure {
  requestId: 'd9dfcb4e-c2fa-461e-b3b6-3deb0aba20db',
  durationMs: 22,
  stage: 'review',
  category: 'network',
  status: undefined,
  attempt: 3,
  retryCount: 2,
  timedOut: false,
  aborted: false,
  connectionLost: true
}
swarm.chat.failure {
  requestId: 'a5e3f499-2d5a-45de-83da-794b0bb6cce5',
  durationMs: 8,
  stage: 'chat',
  category: 'rate_limit',
  status: 429,
  attempt: 1,
  retryCount: 0,
  timedOut: false,
  aborted: false,
  connectionLost: false
}
swarm.chat.failure {
  requestId: '86189796-233b-4c3a-9ad2-6609a50cd9a1',
  durationMs: 10,
  stage: 'chat',
  category: 'network',
  status: undefined,
  attempt: 1,
  retryCount: 0,
  timedOut: false,
  aborted: false,
  connectionLost: true
}
swarm.chat.failure {
  requestId: 'cbcdb568-c038-4441-86b1-5a44e40829e5',
  durationMs: 13,
  stage: 'plan',
  category: 'server',
  status: 503,
  attempt: 1,
  retryCount: 0,
  timedOut: false,
  aborted: false,
  connectionLost: false
}
swarm.chat.failure {
  requestId: 'e244c2e5-c754-4c21-a305-3ff8f539de15',
  durationMs: 9,
  stage: 'chat',
  category: 'server',
  status: 503,
  attempt: 1,
  retryCount: 0,
  timedOut: false,
  aborted: false,
  connectionLost: false
}
swarm.chat.failure {
  requestId: 'fb2f41eb-79f3-4cbb-b083-c7decd5d52f2',
  durationMs: 11,
  stage: 'plan',
  category: 'rate_limit',
  status: 429,
  attempt: 1,
  retryCount: 0,
  timedOut: false,
  aborted: false,
  connectionLost: false
}
swarm.chat.failure {
  requestId: 'e9b9f4c2-6828-43d9-b292-1ac5498c5b0b',
  durationMs: 23,
  stage: 'review',
  category: 'network',
  status: undefined,
  attempt: 3,
  retryCount: 2,
  timedOut: false,
  aborted: false,
  connectionLost: true
}
swarm.chat.failure {
  requestId: '55b9c4e2-c9c7-4099-9c25-01c09f9cf2be',
  durationMs: 7,
  stage: 'plan',
  category: 'server',
  status: 503,
  attempt: 1,
  retryCount: 0,
  timedOut: false,
  aborted: false,
  connectionLost: false
}
swarm.chat.failure {
  requestId: 'cc57d26f-5868-4b55-a894-cfdb66a49aaf',
  durationMs: 10,
  stage: 'chat',
  category: 'network',
  status: undefined,
  attempt: 1,
  retryCount: 0,
  timedOut: false,
  aborted: false,
  connectionLost: true
}
swarm.chat.failure {
  requestId: '4a5ceb85-95d4-4764-b902-3a595abb59b4',
  durationMs: 13,
  stage: 'chat',
  category: 'rate_limit',
  status: 429,
  attempt: 1,
  retryCount: 0,
  timedOut: false,
  aborted: false,
  connectionLost: false
}
swarm.chat.failure {
  requestId: '9acd379b-fbd7-4871-b837-e1e3e9c75543',
  durationMs: 6,
  stage: 'plan',
  category: 'rate_limit',
  status: 429,
  attempt: 1,
  retryCount: 0,
  timedOut: false,
  aborted: false,
  connectionLost: false
}
swarm.chat.failure {
  requestId: '7a10bf38-682a-42e1-8376-aa91ee6173d3',
  durationMs: 10,
  stage: 'chat',
  category: 'server',
  status: 503,
  attempt: 1,
  retryCount: 0,
  timedOut: false,
  aborted: false,
  connectionLost: false
}
swarm.chat.failure {
  requestId: '450214a8-846d-4694-b673-76f2ae79d4f6',
  durationMs: 19,
  stage: 'review',
  category: 'network',
  status: undefined,
  attempt: 3,
  retryCount: 2,
  timedOut: false,
  aborted: false,
  connectionLost: true
}
swarm.chat.failure {
  requestId: '14a0f848-469c-4ef1-b522-176d70d7c676',
  durationMs: 8,
  stage: 'chat',
  category: 'rate_limit',
  status: 429,
  attempt: 1,
  retryCount: 0,
  timedOut: false,
  aborted: false,
  connectionLost: false
}
swarm.chat.failure {
  requestId: '5b6945c5-2674-47dc-9605-3dcce07cef8b',
  durationMs: 12,
  stage: 'chat',
  category: 'network',
  status: undefined,
  attempt: 1,
  retryCount: 0,
  timedOut: false,
  aborted: false,
  connectionLost: true
}
swarm.chat.failure {
  requestId: '33e88e32-9c72-43ab-ad05-bfad3f737108',
  durationMs: 13,
  stage: 'plan',
  category: 'server',
  status: 503,
  attempt: 1,
  retryCount: 0,
  timedOut: false,
  aborted: false,
  connectionLost: false
}
swarm.chat.failure {
  requestId: 'cf457e25-da1d-4155-a11c-a4843329cb18',
  durationMs: 10,
  stage: 'chat',
  category: 'server',
  status: 503,
  attempt: 1,
  retryCount: 0,
  timedOut: false,
  aborted: false,
  connectionLost: false
}
swarm.chat.failure {
  requestId: '4abe06fd-f1f0-4b86-8cf4-4e81c0d37fad',
  durationMs: 14,
  stage: 'plan',
  category: 'rate_limit',
  status: 429,
  attempt: 1,
  retryCount: 0,
  timedOut: false,
  aborted: false,
  connectionLost: false
}
swarm.chat.failure {
  requestId: 'b6c3e329-321a-4f3e-8cec-2a3992a0c5d7',
  durationMs: 24,
  stage: 'review',
  category: 'network',
  status: undefined,
  attempt: 3,
  retryCount: 2,
  timedOut: false,
  aborted: false,
  connectionLost: true
}
swarm.chat.failure {
  requestId: 'babfe953-851d-4000-b241-0295b998b6c6',
  durationMs: 16,
  stage: 'chat',
  category: 'network',
  status: undefined,
  attempt: 1,
  retryCount: 0,
  timedOut: false,
  aborted: false,
  connectionLost: true
}
swarm.chat.failure {
  requestId: 'b42788ca-4bcb-47d8-8246-ef856fabbb47',
  durationMs: 22,
  stage: 'plan',
  category: 'server',
  status: 503,
  attempt: 1,
  retryCount: 0,
  timedOut: false,
  aborted: false,
  connectionLost: false
}
swarm.chat.failure {
  requestId: 'e3ae118d-a8d2-4c19-a271-9c872a55ef09',
  durationMs: 30,
  stage: 'chat',
  category: 'rate_limit',
  status: 429,
  attempt: 1,
  retryCount: 0,
  timedOut: false,
  aborted: false,
  connectionLost: false
}
swarm.chat.failure {
  requestId: '3fb140d1-531c-4212-ba34-ab3ac53f113e',
  durationMs: 5,
  stage: 'chat',
  category: 'server',
  status: 503,
  attempt: 1,
  retryCount: 0,
  timedOut: false,
  aborted: false,
  connectionLost: false
}
swarm.chat.failure {
  requestId: 'ba58de7b-df91-4aab-886d-cb1db5bdb76f',
  durationMs: 8,
  stage: 'plan',
  category: 'rate_limit',
  status: 429,
  attempt: 1,
  retryCount: 0,
  timedOut: false,
  aborted: false,
  connectionLost: false
}
swarm.chat.failure {
  requestId: 'aa87d977-64ed-4519-8d69-1df6350b3e6e',
  durationMs: 23,
  stage: 'review',
  category: 'network',
  status: undefined,
  attempt: 3,
  retryCount: 2,
  timedOut: false,
  aborted: false,
  connectionLost: true
}
swarm.chat.failure {
  requestId: 'eeedd2bc-495c-40d8-ab3d-d77b2aaa076e',
  durationMs: 6,
  stage: 'chat',
  category: 'rate_limit',
  status: 429,
  attempt: 1,
  retryCount: 0,
  timedOut: false,
  aborted: false,
  connectionLost: false
}
swarm.chat.failure {
  requestId: 'ab6756da-d966-4f65-8f45-8e8e9998b21e',
  durationMs: 9,
  stage: 'chat',
  category: 'network',
  status: undefined,
  attempt: 1,
  retryCount: 0,
  timedOut: false,
  aborted: false,
  connectionLost: true
}
swarm.chat.failure {
  requestId: '8a97d855-372d-4c3e-a748-11eed85fb5be',
  durationMs: 14,
  stage: 'plan',
  category: 'server',
  status: 503,
  attempt: 1,
  retryCount: 0,
  timedOut: false,
  aborted: false,
  connectionLost: false
}
swarm.chat.failure {
  requestId: 'd53c28ed-1667-4377-9835-e8d1c863a9c9',
  durationMs: 10,
  stage: 'chat',
  category: 'server',
  status: 503,
  attempt: 1,
  retryCount: 0,
  timedOut: false,
  aborted: false,
  connectionLost: false
}
swarm.chat.failure {
  requestId: 'db733f61-0f69-4d79-92b0-6a3bb6824cfb',
  durationMs: 14,
  stage: 'plan',
  category: 'rate_limit',
  status: 429,
  attempt: 1,
  retryCount: 0,
  timedOut: false,
  aborted: false,
  connectionLost: false
}
swarm.chat.failure {
  requestId: '56734364-7fe1-447d-b148-fbea1e08bda4',
  durationMs: 23,
  stage: 'review',
  category: 'network',
  status: undefined,
  attempt: 3,
  retryCount: 2,
  timedOut: false,
  aborted: false,
  connectionLost: true
}
swarm.chat.failure {
  requestId: 'a4057dbd-e8b9-480a-98ca-3c07399f3c5e',
  durationMs: 5,
  stage: 'chat',
  category: 'network',
  status: undefined,
  attempt: 1,
  retryCount: 0,
  timedOut: false,
  aborted: false,
  connectionLost: true
}
swarm.chat.failure {
  requestId: 'c9d46b00-eef6-476b-abb7-17bf663c0b85',
  durationMs: 8,
  stage: 'chat',
  category: 'rate_limit',
  status: 429,
  attempt: 1,
  retryCount: 0,
  timedOut: false,
  aborted: false,
  connectionLost: false
}
swarm.chat.failure {
  requestId: '16ec7f1a-731e-43c9-997c-b5cb2276127f',
  durationMs: 12,
  stage: 'plan',
  category: 'server',
  status: 503,
  attempt: 1,
  retryCount: 0,
  timedOut: false,
  aborted: false,
  connectionLost: false
}
swarm.chat.failure {
  requestId: 'e34b0237-a739-4a41-89d0-573c83d81096',
  durationMs: 7,
  stage: 'chat',
  category: 'server',
  status: 503,
  attempt: 1,
  retryCount: 0,
  timedOut: false,
  aborted: false,
  connectionLost: false
}
swarm.chat.failure {
  requestId: 'f306c56b-f464-4602-b149-67e7eea7f3b0',
  durationMs: 12,
  stage: 'plan',
  category: 'rate_limit',
  status: 429,
  attempt: 1,
  retryCount: 0,
  timedOut: false,
  aborted: false,
  connectionLost: false
}
swarm.chat.failure {
  requestId: '0306c1fe-23bf-47ae-b078-55374a1871ce',
  durationMs: 24,
  stage: 'review',
  category: 'network',
  status: undefined,
  attempt: 3,
  retryCount: 2,
  timedOut: false,
  aborted: false,
  connectionLost: true
}
swarm.chat.failure {
  requestId: '51073811-4a95-4f33-9cf4-e53ac2365535',
  durationMs: 6,
  stage: 'chat',
  category: 'rate_limit',
  status: 429,
  attempt: 1,
  retryCount: 0,
  timedOut: false,
  aborted: false,
  connectionLost: false
}
swarm.chat.failure {
  requestId: '57781d6d-4225-47d9-b93e-b03184048449',
  durationMs: 15,
  stage: 'chat',
  category: 'network',
  status: undefined,
  attempt: 1,
  retryCount: 0,
  timedOut: false,
  aborted: false,
  connectionLost: true
}
swarm.chat.failure {
  requestId: '64b5a838-3610-4cd0-8210-ac6f95016159',
  durationMs: 19,
  stage: 'plan',
  category: 'server',
  status: 503,
  attempt: 1,
  retryCount: 0,
  timedOut: false,
  aborted: false,
  connectionLost: false
}
swarm.chat.failure {
  requestId: 'c6d9d0d0-f95e-47fd-9863-18cee0eab5d6',
  durationMs: 7,
  stage: 'chat',
  category: 'server',
  status: 503,
  attempt: 1,
  retryCount: 0,
  timedOut: false,
  aborted: false,
  connectionLost: false
}
swarm.chat.failure {
  requestId: 'a2126f70-e228-4f2c-a97b-1b86c16a7f00',
  durationMs: 15,
  stage: 'plan',
  category: 'rate_limit',
  status: 429,
  attempt: 1,
  retryCount: 0,
  timedOut: false,
  aborted: false,
  connectionLost: false
}
swarm.chat.failure {
  requestId: '1f9549e6-9221-437b-8863-bbf0498018c2',
  durationMs: 21,
  stage: 'review',
  category: 'network',
  status: undefined,
  attempt: 3,
  retryCount: 2,
  timedOut: false,
  aborted: false,
  connectionLost: true
}
swarm.chat.failure {
  requestId: 'f00864b3-c06b-49c2-bf16-22a8a06aa70b',
  durationMs: 5,
  stage: 'plan',
  category: 'server',
  status: 503,
  attempt: 1,
  retryCount: 0,
  timedOut: false,
  aborted: false,
  connectionLost: false
}
swarm.chat.failure {
  requestId: '1342a784-8674-4c3c-abfe-07967b016b7c',
  durationMs: 8,
  stage: 'chat',
  category: 'network',
  status: undefined,
  attempt: 1,
  retryCount: 0,
  timedOut: false,
  aborted: false,
  connectionLost: true
}
swarm.chat.failure {
  requestId: 'a4723cbf-70d2-4c9f-bff7-89baf061d1b7',
  durationMs: 12,
  stage: 'chat',
  category: 'rate_limit',
  status: 429,
  attempt: 1,
  retryCount: 0,
  timedOut: false,
  aborted: false,
  connectionLost: false
}
swarm.chat.failure {
  requestId: '297baed6-3eaf-4179-9ebd-821b98ba6e0d',
  durationMs: 6,
  stage: 'chat',
  category: 'server',
  status: 503,
  attempt: 1,
  retryCount: 0,
  timedOut: false,
  aborted: false,
  connectionLost: false
}
swarm.chat.failure {
  requestId: '0c37241c-5c08-46df-a9a5-d9d0dec87b8c',
  durationMs: 9,
  stage: 'plan',
  category: 'rate_limit',
  status: 429,
  attempt: 1,
  retryCount: 0,
  timedOut: false,
  aborted: false,
  connectionLost: false
}
swarm.chat.failure {
  requestId: '3071ce1a-088c-41c9-8929-06896a69447f',
  durationMs: 26,
  stage: 'review',
  category: 'network',
  status: undefined,
  attempt: 3,
  retryCount: 2,
  timedOut: false,
  aborted: false,
  connectionLost: true
}
swarm.chat.failure {
  requestId: '1d5cb216-8f2d-410c-aec7-7744dc256421',
  durationMs: 6,
  stage: 'chat',
  category: 'rate_limit',
  status: 429,
  attempt: 1,
  retryCount: 0,
  timedOut: false,
  aborted: false,
  connectionLost: false
}
swarm.chat.failure {
  requestId: '0fef13f0-fed5-4e92-bd6e-130f78de164b',
  durationMs: 8,
  stage: 'chat',
  category: 'network',
  status: undefined,
  attempt: 1,
  retryCount: 0,
  timedOut: false,
  aborted: false,
  connectionLost: true
}
swarm.chat.failure {
  requestId: '53dbdec2-26b5-40a2-a933-ec6c8d53ffa0',
  durationMs: 15,
  stage: 'plan',
  category: 'server',
  status: 503,
  attempt: 1,
  retryCount: 0,
  timedOut: false,
  aborted: false,
  connectionLost: false
}
swarm.chat.failure {
  requestId: 'ca0a1ac7-6083-4820-bda9-ba4eeec78212',
  durationMs: 12,
  stage: 'chat',
  category: 'server',
  status: 503,
  attempt: 1,
  retryCount: 0,
  timedOut: false,
  aborted: false,
  connectionLost: false
}
swarm.chat.failure {
  requestId: 'd452ffb9-9324-425e-848a-b72cc5ca0b31',
  durationMs: 15,
  stage: 'plan',
  category: 'rate_limit',
  status: 429,
  attempt: 1,
  retryCount: 0,
  timedOut: false,
  aborted: false,
  connectionLost: false
}
swarm.chat.failure {
  requestId: '3ad969f1-7482-4bbd-aa86-17a4d30118b5',
  durationMs: 23,
  stage: 'review',
  category: 'network',
  status: undefined,
  attempt: 3,
  retryCount: 2,
  timedOut: false,
  aborted: false,
  connectionLost: true
}
swarm.chat.failure {
  requestId: '5bd4d98c-f0e8-43aa-ba16-86c97aefc8ce',
  durationMs: 19,
  stage: 'chat',
  category: 'network',
  status: undefined,
  attempt: 1,
  retryCount: 0,
  timedOut: false,
  aborted: false,
  connectionLost: true
}
swarm.chat.failure {
  requestId: '2a913b4f-d191-4dc2-ba3b-738a01132e98',
  durationMs: 20,
  stage: 'chat',
  category: 'rate_limit',
  status: 429,
  attempt: 1,
  retryCount: 0,
  timedOut: false,
  aborted: false,
  connectionLost: false
}
swarm.chat.failure {
  requestId: '6af4cc2f-9452-426e-be0b-34d3c67005db',
  durationMs: 25,
  stage: 'plan',
  category: 'server',
  status: 503,
  attempt: 1,
  retryCount: 0,
  timedOut: false,
  aborted: false,
  connectionLost: false
}
swarm.chat.failure {
  requestId: 'd8e40b7f-82de-4d7b-9434-c78fc42719d8',
  durationMs: 5,
  stage: 'chat',
  category: 'server',
  status: 503,
  attempt: 1,
  retryCount: 0,
  timedOut: false,
  aborted: false,
  connectionLost: false
}
swarm.chat.failure {
  requestId: 'cbbc0286-394e-4e54-acf7-062786f5491a',
  durationMs: 9,
  stage: 'plan',
  category: 'rate_limit',
  status: 429,
  attempt: 1,
  retryCount: 0,
  timedOut: false,
  aborted: false,
  connectionLost: false
}
swarm.chat.failure {
  requestId: 'ffe3662b-3ebf-4053-9424-7fdd4a9ead6f',
  durationMs: 19,
  stage: 'review',
  category: 'network',
  status: undefined,
  attempt: 3,
  retryCount: 2,
  timedOut: false,
  aborted: false,
  connectionLost: true
}
swarm.chat.failure {
  requestId: 'a735e0dc-7c31-4bcc-836f-6444bf3ca2da',
  durationMs: 8,
  stage: 'chat',
  category: 'rate_limit',
  status: 429,
  attempt: 1,
  retryCount: 0,
  timedOut: false,
  aborted: false,
  connectionLost: false
}
swarm.chat.failure {
  requestId: '8e1d5c60-b848-41ec-bed5-5ae83d0a2821',
  durationMs: 11,
  stage: 'chat',
  category: 'network',
  status: undefined,
  attempt: 1,
  retryCount: 0,
  timedOut: false,
  aborted: false,
  connectionLost: true
}
swarm.chat.failure {
  requestId: 'cf48b8b9-beac-4fe4-88a7-5e7033c61b8a',
  durationMs: 14,
  stage: 'plan',
  category: 'server',
  status: 503,
  attempt: 1,
  retryCount: 0,
  timedOut: false,
  aborted: false,
  connectionLost: false
}
swarm.chat.failure {
  requestId: '63d1f32a-e9e9-4b6e-b27a-57c9b45eb6b9',
  durationMs: 11,
  stage: 'chat',
  category: 'server',
  status: 503,
  attempt: 1,
  retryCount: 0,
  timedOut: false,
  aborted: false,
  connectionLost: false
}
swarm.chat.failure {
  requestId: 'a94c379a-8c29-49b9-9e45-cf6f6f862bb3',
  durationMs: 16,
  stage: 'plan',
  category: 'rate_limit',
  status: 429,
  attempt: 1,
  retryCount: 0,
  timedOut: false,
  aborted: false,
  connectionLost: false
}
swarm.chat.failure {
  requestId: 'cb57f419-20ca-4890-b3d7-2c9a0ffb8a8d',
  durationMs: 27,
  stage: 'review',
  category: 'network',
  status: undefined,
  attempt: 3,
  retryCount: 2,
  timedOut: false,
  aborted: false,
  connectionLost: true
}
swarm.chat.failure {
  requestId: '92acfaa1-29da-433c-b973-5e4539463ce0',
  durationMs: 8,
  stage: 'plan',
  category: 'server',
  status: 503,
  attempt: 1,
  retryCount: 0,
  timedOut: false,
  aborted: false,
  connectionLost: false
}
swarm.chat.failure {
  requestId: '49935872-1c91-4e56-a6a5-fa9d3c430b1a',
  durationMs: 16,
  stage: 'chat',
  category: 'network',
  status: undefined,
  attempt: 1,
  retryCount: 0,
  timedOut: false,
  aborted: false,
  connectionLost: true
}
swarm.chat.failure {
  requestId: 'a756d6db-5922-4219-8015-68f5e39d4c23',
  durationMs: 22,
  stage: 'chat',
  category: 'rate_limit',
  status: 429,
  attempt: 1,
  retryCount: 0,
  timedOut: false,
  aborted: false,
  connectionLost: false
}
swarm.chat.failure {
  requestId: '720eaba3-c225-4859-8725-4f166b16142e',
  durationMs: 8,
  stage: 'chat',
  category: 'server',
  status: 503,
  attempt: 1,
  retryCount: 0,
  timedOut: false,
  aborted: false,
  connectionLost: false
}
swarm.chat.failure {
  requestId: 'be1fa48a-cf9f-441f-b2a3-af3c100da3d8',
  durationMs: 11,
  stage: 'plan',
  category: 'rate_limit',
  status: 429,
  attempt: 1,
  retryCount: 0,
  timedOut: false,
  aborted: false,
  connectionLost: false
}
swarm.chat.failure {
  requestId: 'aad38897-f6c7-4d4f-89c7-08b9eb354956',
  durationMs: 28,
  stage: 'review',
  category: 'network',
  status: undefined,
  attempt: 3,
  retryCount: 2,
  timedOut: false,
  aborted: false,
  connectionLost: true
}
swarm.chat.failure {
  requestId: 'b9496493-9918-4ff0-b2e4-36fb4126e6f2',
  durationMs: 6,
  stage: 'chat',
  category: 'rate_limit',
  status: 429,
  attempt: 1,
  retryCount: 0,
  timedOut: false,
  aborted: false,
  connectionLost: false
}
swarm.chat.failure {
  requestId: '006bc0b0-499d-40c6-8037-a345d64e34a1',
  durationMs: 10,
  stage: 'chat',
  category: 'network',
  status: undefined,
  attempt: 1,
  retryCount: 0,
  timedOut: false,
  aborted: false,
  connectionLost: true
}
swarm.chat.failure {
  requestId: '6b52cc22-cb92-460b-9df8-35a92da5b253',
  durationMs: 18,
  stage: 'plan',
  category: 'server',
  status: 503,
  attempt: 1,
  retryCount: 0,
  timedOut: false,
  aborted: false,
  connectionLost: false
}
swarm.chat.failure {
  requestId: 'e6c1cf1e-efc7-40e7-8ba5-f126464fbd86',
  durationMs: 7,
  stage: 'chat',
  category: 'server',
  status: 503,
  attempt: 1,
  retryCount: 0,
  timedOut: false,
  aborted: false,
  connectionLost: false
}
swarm.chat.failure {
  requestId: '55537cfb-116e-4878-b19c-529647252f8b',
  durationMs: 16,
  stage: 'plan',
  category: 'rate_limit',
  status: 429,
  attempt: 1,
  retryCount: 0,
  timedOut: false,
  aborted: false,
  connectionLost: false
}
swarm.chat.failure {
  requestId: '6fb352e4-a7f3-4110-bc72-5d4a982f729c',
  durationMs: 21,
  stage: 'review',
  category: 'network',
  status: undefined,
  attempt: 3,
  retryCount: 2,
  timedOut: false,
  aborted: false,
  connectionLost: true
}
swarm.chat.failure {
  requestId: '2dd68e8f-b60a-415e-8c55-282eeae87a8a',
  durationMs: 6,
  stage: 'chat',
  category: 'network',
  status: undefined,
  attempt: 1,
  retryCount: 0,
  timedOut: false,
  aborted: false,
  connectionLost: true
}
swarm.chat.failure {
  requestId: 'f1a7ac60-1aa6-4cfe-b736-46ccc973f7b0',
  durationMs: 8,
  stage: 'chat',
  category: 'rate_limit',
  status: 429,
  attempt: 1,
  retryCount: 0,
  timedOut: false,
  aborted: false,
  connectionLost: false
}
swarm.chat.failure {
  requestId: 'facf83d7-49f9-4673-b679-d205e10aa0de',
  durationMs: 11,
  stage: 'plan',
  category: 'server',
  status: 503,
  attempt: 1,
  retryCount: 0,
  timedOut: false,
  aborted: false,
  connectionLost: false
}
swarm.chat.failure {
  requestId: 'e314d6b2-8465-47d8-9f45-9a853d800e2c',
  durationMs: 8,
  stage: 'chat',
  category: 'server',
  status: 503,
  attempt: 1,
  retryCount: 0,
  timedOut: false,
  aborted: false,
  connectionLost: false
}
swarm.chat.failure {
  requestId: 'effa2b15-21a1-4e55-8aee-0f32778ee741',
  durationMs: 10,
  stage: 'plan',
  category: 'rate_limit',
  status: 429,
  attempt: 1,
  retryCount: 0,
  timedOut: false,
  aborted: false,
  connectionLost: false
}
swarm.chat.failure {
  requestId: 'edd6c52b-c9b7-4fb8-9c72-8ede3d9fd5ae',
  durationMs: 25,
  stage: 'review',
  category: 'network',
  status: undefined,
  attempt: 3,
  retryCount: 2,
  timedOut: false,
  aborted: false,
  connectionLost: true
}
swarm.chat.failure {
  requestId: 'ae7c2511-5900-4c19-b3fd-838e4b014eda',
  durationMs: 7,
  stage: 'chat',
  category: 'network',
  status: undefined,
  attempt: 1,
  retryCount: 0,
  timedOut: false,
  aborted: false,
  connectionLost: true
}
swarm.chat.failure {
  requestId: '644f7e2e-b39a-45a6-9dfa-8fdc910b09d6',
  durationMs: 12,
  stage: 'chat',
  category: 'rate_limit',
  status: 429,
  attempt: 1,
  retryCount: 0,
  timedOut: false,
  aborted: false,
  connectionLost: false
}
swarm.chat.failure {
  requestId: '3b892dca-ab54-4ee7-888d-76155984151a',
  durationMs: 14,
  stage: 'plan',
  category: 'server',
  status: 503,
  attempt: 1,
  retryCount: 0,
  timedOut: false,
  aborted: false,
  connectionLost: false
}
swarm.chat.failure {
  requestId: '53f10c99-bdc5-4de8-bfd8-ca5564ac03da',
  durationMs: 11,
  stage: 'chat',
  category: 'server',
  status: 503,
  attempt: 1,
  retryCount: 0,
  timedOut: false,
  aborted: false,
  connectionLost: false
}
swarm.chat.failure {
  requestId: 'e0df2c6d-3a74-4852-abbc-3b7d14109a44',
  durationMs: 14,
  stage: 'plan',
  category: 'rate_limit',
  status: 429,
  attempt: 1,
  retryCount: 0,
  timedOut: false,
  aborted: false,
  connectionLost: false
}
swarm.chat.failure {
  requestId: '595f66c9-c2f4-4cb1-8ada-9688a840c317',
  durationMs: 22,
  stage: 'review',
  category: 'network',
  status: undefined,
  attempt: 3,
  retryCount: 2,
  timedOut: false,
  aborted: false,
  connectionLost: true
}
swarm.chat.failure {
  requestId: '23d0f77f-37dd-4694-a6e7-f742bac69681',
  durationMs: 6,
  stage: 'chat',
  category: 'network',
  status: undefined,
  attempt: 1,
  retryCount: 0,
  timedOut: false,
  aborted: false,
  connectionLost: true
}
swarm.chat.failure {
  requestId: 'f0316ffc-2d09-4076-b83c-85ba13c4cefa',
  durationMs: 9,
  stage: 'plan',
  category: 'server',
  status: 503,
  attempt: 1,
  retryCount: 0,
  timedOut: false,
  aborted: false,
  connectionLost: false
}
swarm.chat.failure {
  requestId: 'b1b2e3ee-070e-416e-bf2b-95dd7c8f2138',
  durationMs: 14,
  stage: 'chat',
  category: 'rate_limit',
  status: 429,
  attempt: 1,
  retryCount: 0,
  timedOut: false,
  aborted: false,
  connectionLost: false
}
swarm.chat.failure {
  requestId: '1fbce533-b7f1-4d5d-981e-67358e3490f6',
  durationMs: 6,
  stage: 'chat',
  category: 'server',
  status: 503,
  attempt: 1,
  retryCount: 0,
  timedOut: false,
  aborted: false,
  connectionLost: false
}
swarm.chat.failure {
  requestId: '3c041fd0-d6e8-4ffe-afd7-bc7a0905bf6e',
  durationMs: 8,
  stage: 'plan',
  category: 'rate_limit',
  status: 429,
  attempt: 1,
  retryCount: 0,
  timedOut: false,
  aborted: false,
  connectionLost: false
}
swarm.chat.failure {
  requestId: '250199c9-752f-4146-9ce5-98b9298aeb38',
  durationMs: 24,
  stage: 'review',
  category: 'network',
  status: undefined,
  attempt: 3,
  retryCount: 2,
  timedOut: false,
  aborted: false,
  connectionLost: true
}
swarm.chat.failure {
  requestId: '9e3f963a-4788-4048-8823-c520e0b1eb02',
  durationMs: 6,
  stage: 'chat',
  category: 'rate_limit',
  status: 429,
  attempt: 1,
  retryCount: 0,
  timedOut: false,
  aborted: false,
  connectionLost: false
}
swarm.chat.failure {
  requestId: '3a3c9bbd-447e-4b6e-95a4-855d7c779b65',
  durationMs: 9,
  stage: 'chat',
  category: 'network',
  status: undefined,
  attempt: 1,
  retryCount: 0,
  timedOut: false,
  aborted: false,
  connectionLost: true
}
swarm.chat.failure {
  requestId: 'a2009748-6ef0-44b9-a0af-b942cf31a1a8',
  durationMs: 16,
  stage: 'plan',
  category: 'server',
  status: 503,
  attempt: 1,
  retryCount: 0,
  timedOut: false,
  aborted: false,
  connectionLost: false
}
swarm.chat.failure {
  requestId: 'b3521271-7278-412e-a402-0a3cd4a8ae73',
  durationMs: 11,
  stage: 'chat',
  category: 'server',
  status: 503,
  attempt: 1,
  retryCount: 0,
  timedOut: false,
  aborted: false,
  connectionLost: false
}
swarm.chat.failure {
  requestId: '510af50a-ca80-4273-b164-e4af45d1f8e1',
  durationMs: 13,
  stage: 'plan',
  category: 'rate_limit',
  status: 429,
  attempt: 1,
  retryCount: 0,
  timedOut: false,
  aborted: false,
  connectionLost: false
}
swarm.chat.failure {
  requestId: '7a28d55f-8e2a-4d4b-97d2-62bc403b5bd9',
  durationMs: 21,
  stage: 'review',
  category: 'network',
  status: undefined,
  attempt: 3,
  retryCount: 2,
  timedOut: false,
  aborted: false,
  connectionLost: true
}
swarm.chat.failure {
  requestId: 'fd871bc9-1f28-4151-bad7-4004b8edf44d',
  durationMs: 7,
  stage: 'chat',
  category: 'network',
  status: undefined,
  attempt: 1,
  retryCount: 0,
  timedOut: false,
  aborted: false,
  connectionLost: true
}
swarm.chat.failure {
  requestId: '27bef679-ecb6-48e9-afbd-58c530dfa7aa',
  durationMs: 9,
  stage: 'chat',
  category: 'rate_limit',
  status: 429,
  attempt: 1,
  retryCount: 0,
  timedOut: false,
  aborted: false,
  connectionLost: false
}
swarm.chat.failure {
  requestId: 'e7ba7bbb-f068-4291-9d4b-3240b840a19c',
  durationMs: 13,
  stage: 'plan',
  category: 'server',
  status: 503,
  attempt: 1,
  retryCount: 0,
  timedOut: false,
  aborted: false,
  connectionLost: false
}
swarm.chat.failure {
  requestId: '37b7d539-e2e5-4040-b669-a454de10216d',
  durationMs: 6,
  stage: 'chat',
  category: 'server',
  status: 503,
  attempt: 1,
  retryCount: 0,
  timedOut: false,
  aborted: false,
  connectionLost: false
}
swarm.chat.failure {
  requestId: 'dd5fad82-6b90-4ebd-812c-b2d696a6b481',
  durationMs: 13,
  stage: 'plan',
  category: 'rate_limit',
  status: 429,
  attempt: 1,
  retryCount: 0,
  timedOut: false,
  aborted: false,
  connectionLost: false
}
swarm.chat.failure {
  requestId: 'ee4ff358-6616-4441-a579-843056f5b9e3',
  durationMs: 17,
  stage: 'review',
  category: 'network',
  status: undefined,
  attempt: 3,
  retryCount: 2,
  timedOut: false,
  aborted: false,
  connectionLost: true
}
swarm.chat.failure {
  requestId: '8b58f51e-fc8c-4b3e-80dd-ec65a3fd84dc',
  durationMs: 6,
  stage: 'chat',
  category: 'rate_limit',
  status: 429,
  attempt: 1,
  retryCount: 0,
  timedOut: false,
  aborted: false,
  connectionLost: false
}
swarm.chat.failure {
  requestId: 'a8b20f67-1d43-48d9-b840-f42290a525a3',
  durationMs: 9,
  stage: 'chat',
  category: 'network',
  status: undefined,
  attempt: 1,
  retryCount: 0,
  timedOut: false,
  aborted: false,
  connectionLost: true
}
swarm.chat.failure {
  requestId: 'ad7ee8b7-b1fc-4500-af10-4bc2ab1a8068',
  durationMs: 12,
  stage: 'plan',
  category: 'server',
  status: 503,
  attempt: 1,
  retryCount: 0,
  timedOut: false,
  aborted: false,
  connectionLost: false
}
swarm.chat.failure {
  requestId: 'ffa39d85-2c10-40ba-8795-17c11b86cf10',
  durationMs: 11,
  stage: 'chat',
  category: 'server',
  status: 503,
  attempt: 1,
  retryCount: 0,
  timedOut: false,
  aborted: false,
  connectionLost: false
}
swarm.chat.failure {
  requestId: '3acbf757-2546-4813-a58d-41a871965307',
  durationMs: 21,
  stage: 'plan',
  category: 'rate_limit',
  status: 429,
  attempt: 1,
  retryCount: 0,
  timedOut: false,
  aborted: false,
  connectionLost: false
}
swarm.chat.failure {
  requestId: '97fbd022-eb34-43e2-b484-ccbf06eeb213',
  durationMs: 28,
  stage: 'review',
  category: 'network',
  status: undefined,
  attempt: 3,
  retryCount: 2,
  timedOut: false,
  aborted: false,
  connectionLost: true
}
swarm.chat.failure {
  requestId: '23bbda21-7532-4802-8c0d-7a544a882b79',
  durationMs: 7,
  stage: 'chat',
  category: 'network',
  status: undefined,
  attempt: 1,
  retryCount: 0,
  timedOut: false,
  aborted: false,
  connectionLost: true
}
swarm.chat.failure {
  requestId: '7bb1966f-989e-493c-a984-586de13c5ccf',
  durationMs: 10,
  stage: 'plan',
  category: 'server',
  status: 503,
  attempt: 1,
  retryCount: 0,
  timedOut: false,
  aborted: false,
  connectionLost: false
}
swarm.chat.failure {
  requestId: 'c0a7d8a4-6961-4467-a913-95e46adb767a',
  durationMs: 16,
  stage: 'chat',
  category: 'rate_limit',
  status: 429,
  attempt: 1,
  retryCount: 0,
  timedOut: false,
  aborted: false,
  connectionLost: false
}
swarm.chat.failure {
  requestId: 'f115a8d6-ae10-4ad9-92ec-c876b239516e',
  durationMs: 6,
  stage: 'chat',
  category: 'server',
  status: 503,
  attempt: 1,
  retryCount: 0,
  timedOut: false,
  aborted: false,
  connectionLost: false
}
swarm.chat.failure {
  requestId: '7a67f3dd-13de-4c01-8e2e-27414469c311',
  durationMs: 13,
  stage: 'plan',
  category: 'rate_limit',
  status: 429,
  attempt: 1,
  retryCount: 0,
  timedOut: false,
  aborted: false,
  connectionLost: false
}
swarm.chat.failure {
  requestId: 'b95e8f80-8e97-4d5d-abc9-0e4d519ffd54',
  durationMs: 21,
  stage: 'review',
  category: 'network',
  status: undefined,
  attempt: 3,
  retryCount: 2,
  timedOut: false,
  aborted: false,
  connectionLost: true
}
swarm.chat.failure {
  requestId: 'f82053c0-c7b8-4a12-b41d-f9e9e8a5048a',
  durationMs: 7,
  stage: 'chat',
  category: 'rate_limit',
  status: 429,
  attempt: 1,
  retryCount: 0,
  timedOut: false,
  aborted: false,
  connectionLost: false
}
swarm.chat.failure {
  requestId: '460e6bf9-6a9c-4981-b1d1-6fc497a8bb19',
  durationMs: 14,
  stage: 'chat',
  category: 'network',
  status: undefined,
  attempt: 1,
  retryCount: 0,
  timedOut: false,
  aborted: false,
  connectionLost: true
}
swarm.chat.failure {
  requestId: 'a6468eee-36ec-426b-bd53-9c71aced8554',
  durationMs: 16,
  stage: 'plan',
  category: 'server',
  status: 503,
  attempt: 1,
  retryCount: 0,
  timedOut: false,
  aborted: false,
  connectionLost: false
}
swarm.chat.failure {
  requestId: 'd207de10-e363-40da-9c94-9256b588bfe3',
  durationMs: 9,
  stage: 'chat',
  category: 'server',
  status: 503,
  attempt: 1,
  retryCount: 0,
  timedOut: false,
  aborted: false,
  connectionLost: false
}
swarm.chat.failure {
  requestId: 'd5cb9eec-bf52-49ee-8ef2-995891edeba2',
  durationMs: 11,
  stage: 'plan',
  category: 'rate_limit',
  status: 429,
  attempt: 1,
  retryCount: 0,
  timedOut: false,
  aborted: false,
  connectionLost: false
}
swarm.chat.failure {
  requestId: 'ef3d0936-2dd9-45c2-ba59-3b32a8de5ba7',
  durationMs: 20,
  stage: 'review',
  category: 'network',
  status: undefined,
  attempt: 3,
  retryCount: 2,
  timedOut: false,
  aborted: false,
  connectionLost: true
}
swarm.chat.failure {
  requestId: '83c1c5cd-a6e9-4c9a-8ba3-9d41353033b1',
  durationMs: 6,
  stage: 'plan',
  category: 'server',
  status: 503,
  attempt: 1,
  retryCount: 0,
  timedOut: false,
  aborted: false,
  connectionLost: false
}
swarm.chat.failure {
  requestId: 'd2d87b42-8b31-468d-90fc-ed4c8c1eb4d6',
  durationMs: 9,
  stage: 'chat',
  category: 'network',
  status: undefined,
  attempt: 1,
  retryCount: 0,
  timedOut: false,
  aborted: false,
  connectionLost: true
}
swarm.chat.failure {
  requestId: '7e664957-652b-42ae-a9be-5ce220d70ac5',
  durationMs: 13,
  stage: 'chat',
  category: 'rate_limit',
  status: 429,
  attempt: 1,
  retryCount: 0,
  timedOut: false,
  aborted: false,
  connectionLost: false
}
swarm.chat.failure {
  requestId: '46f1fada-9b91-4ce1-abb9-016601e7e985',
  durationMs: 9,
  stage: 'chat',
  category: 'server',
  status: 503,
  attempt: 1,
  retryCount: 0,
  timedOut: false,
  aborted: false,
  connectionLost: false
}
swarm.chat.failure {
  requestId: 'ecb3d58e-c2bb-467e-b809-56534ff03a1f',
  durationMs: 11,
  stage: 'plan',
  category: 'rate_limit',
  status: 429,
  attempt: 1,
  retryCount: 0,
  timedOut: false,
  aborted: false,
  connectionLost: false
}
swarm.chat.failure {
  requestId: 'f6c5f1a0-522d-41df-a791-205bf8059f42',
  durationMs: 23,
  stage: 'review',
  category: 'network',
  status: undefined,
  attempt: 3,
  retryCount: 2,
  timedOut: false,
  aborted: false,
  connectionLost: true
}
swarm.chat.failure {
  requestId: '238321df-f21f-4629-971e-86a570ac927e',
  durationMs: 7,
  stage: 'chat',
  category: 'rate_limit',
  status: 429,
  attempt: 1,
  retryCount: 0,
  timedOut: false,
  aborted: false,
  connectionLost: false
}
swarm.chat.failure {
  requestId: '427a7ccb-90f4-44b7-ad55-241a0f736c7d',
  durationMs: 9,
  stage: 'chat',
  category: 'network',
  status: undefined,
  attempt: 1,
  retryCount: 0,
  timedOut: false,
  aborted: false,
  connectionLost: true
}
swarm.chat.failure {
  requestId: 'cf680f45-2057-4f58-ba41-69079247d32e',
  durationMs: 17,
  stage: 'plan',
  category: 'server',
  status: 503,
  attempt: 1,
  retryCount: 0,
  timedOut: false,
  aborted: false,
  connectionLost: false
}
swarm.chat.failure {
  requestId: '28ffee57-5d44-4ed0-95d1-7222302880f9',
  durationMs: 11,
  stage: 'chat',
  category: 'server',
  status: 503,
  attempt: 1,
  retryCount: 0,
  timedOut: false,
  aborted: false,
  connectionLost: false
}
swarm.chat.failure {
  requestId: '58c8dcb6-ea15-4bff-933e-529acc1c946e',
  durationMs: 20,
  stage: 'plan',
  category: 'rate_limit',
  status: 429,
  attempt: 1,
  retryCount: 0,
  timedOut: false,
  aborted: false,
  connectionLost: false
}
swarm.chat.failure {
  requestId: '5313cce4-4440-4301-bccf-97da2558944c',
  durationMs: 41,
  stage: 'review',
  category: 'network',
  status: undefined,
  attempt: 3,
  retryCount: 2,
  timedOut: false,
  aborted: false,
  connectionLost: true
}
swarm.chat.failure {
  requestId: '9789f095-b308-4796-9c44-23f0436d3008',
  durationMs: 5,
  stage: 'plan',
  category: 'server',
  status: 503,
  attempt: 1,
  retryCount: 0,
  timedOut: false,
  aborted: false,
  connectionLost: false
}
swarm.chat.failure {
  requestId: 'dbf3dd73-8e41-467c-847c-3471e41ab967',
  durationMs: 7,
  stage: 'chat',
  category: 'rate_limit',
  status: 429,
  attempt: 1,
  retryCount: 0,
  timedOut: false,
  aborted: false,
  connectionLost: false
}
swarm.chat.failure {
  requestId: 'c3fd17eb-932e-4001-9a2d-5d9f24c81d04',
  durationMs: 12,
  stage: 'chat',
  category: 'network',
  status: undefined,
  attempt: 1,
  retryCount: 0,
  timedOut: false,
  aborted: false,
  connectionLost: true
}
swarm.chat.failure {
  requestId: '503c00b6-aefd-4804-b0ea-00dbc57c1c52',
  durationMs: 6,
  stage: 'plan',
  category: 'rate_limit',
  status: 429,
  attempt: 1,
  retryCount: 0,
  timedOut: false,
  aborted: false,
  connectionLost: false
}
swarm.chat.failure {
  requestId: '7ca50b15-91a1-4158-9fac-77f4d94a577b',
  durationMs: 11,
  stage: 'chat',
  category: 'server',
  status: 503,
  attempt: 1,
  retryCount: 0,
  timedOut: false,
  aborted: false,
  connectionLost: false
}
swarm.chat.failure {
  requestId: 'd4970d87-abf9-496d-baa7-5f3d7ae80434',
  durationMs: 20,
  stage: 'review',
  category: 'network',
  status: undefined,
  attempt: 3,
  retryCount: 2,
  timedOut: false,
  aborted: false,
  connectionLost: true
}
swarm.chat.failure {
  requestId: '67590518-6016-4fcc-be0d-26ecafdf6bc4',
  durationMs: 6,
  stage: 'chat',
  category: 'rate_limit',
  status: 429,
  attempt: 1,
  retryCount: 0,
  timedOut: false,
  aborted: false,
  connectionLost: false
}
swarm.chat.failure {
  requestId: '9c49769e-bb7d-4cde-800e-ee5aae120d76',
  durationMs: 8,
  stage: 'chat',
  category: 'network',
  status: undefined,
  attempt: 1,
  retryCount: 0,
  timedOut: false,
  aborted: false,
  connectionLost: true
}
swarm.chat.failure {
  requestId: 'f77e7548-1003-492f-93ec-1073a7eb504c',
  durationMs: 13,
  stage: 'plan',
  category: 'server',
  status: 503,
  attempt: 1,
  retryCount: 0,
  timedOut: false,
  aborted: false,
  connectionLost: false
}
swarm.chat.failure {
  requestId: '7f157b3d-77bd-48fb-9035-3e8826163458',
  durationMs: 10,
  stage: 'chat',
  category: 'server',
  status: 503,
  attempt: 1,
  retryCount: 0,
  timedOut: false,
  aborted: false,
  connectionLost: false
}
swarm.chat.failure {
  requestId: 'd784184a-ac51-4fc7-82ea-2652c50693f6',
  durationMs: 14,
  stage: 'plan',
  category: 'rate_limit',
  status: 429,
  attempt: 1,
  retryCount: 0,
  timedOut: false,
  aborted: false,
  connectionLost: false
}
swarm.chat.failure {
  requestId: 'e9ce7a13-561c-4d19-aaf6-f05af180d05b',
  durationMs: 17,
  stage: 'review',
  category: 'network',
  status: undefined,
  attempt: 3,
  retryCount: 2,
  timedOut: false,
  aborted: false,
  connectionLost: true
}
swarm.chat.failure {
  requestId: '1823fa55-45f5-45b9-b5d7-1729179a4708',
  durationMs: 8,
  stage: 'chat',
  category: 'rate_limit',
  status: 429,
  attempt: 1,
  retryCount: 0,
  timedOut: false,
  aborted: false,
  connectionLost: false
}
swarm.chat.failure {
  requestId: 'b586b7fe-f353-487c-a158-5eb44d1a1da8',
  durationMs: 13,
  stage: 'chat',
  category: 'network',
  status: undefined,
  attempt: 1,
  retryCount: 0,
  timedOut: false,
  aborted: false,
  connectionLost: true
}
swarm.chat.failure {
  requestId: '13a90815-04c6-4462-aac3-c9eb4c0c8744',
  durationMs: 15,
  stage: 'plan',
  category: 'server',
  status: 503,
  attempt: 1,
  retryCount: 0,
  timedOut: false,
  aborted: false,
  connectionLost: false
}
swarm.chat.failure {
  requestId: 'ff185d65-7a88-48e0-80f5-4176af333ee0',
  durationMs: 5,
  stage: 'chat',
  category: 'server',
  status: 503,
  attempt: 1,
  retryCount: 0,
  timedOut: false,
  aborted: false,
  connectionLost: false
}
swarm.chat.failure {
  requestId: '1d1e29ef-7f35-4880-a352-4485c505ef98',
  durationMs: 10,
  stage: 'plan',
  category: 'rate_limit',
  status: 429,
  attempt: 1,
  retryCount: 0,
  timedOut: false,
  aborted: false,
  connectionLost: false
}
swarm.chat.failure {
  requestId: 'c0d23a9a-7905-496b-8ec2-1464f5e412d5',
  durationMs: 19,
  stage: 'review',
  category: 'network',
  status: undefined,
  attempt: 3,
  retryCount: 2,
  timedOut: false,
  aborted: false,
  connectionLost: true
}
swarm.chat.failure {
  requestId: 'f2f7b106-3150-413e-88e6-00cfa71845ab',
  durationMs: 11,
  stage: 'chat',
  category: 'rate_limit',
  status: 429,
  attempt: 1,
  retryCount: 0,
  timedOut: false,
  aborted: false,
  connectionLost: false
}
swarm.chat.failure {
  requestId: '3aa6bffe-eb4d-491a-8653-0afc22bf0a4a',
  durationMs: 18,
  stage: 'plan',
  category: 'server',
  status: 503,
  attempt: 1,
  retryCount: 0,
  timedOut: false,
  aborted: false,
  connectionLost: false
}
swarm.chat.failure {
  requestId: '63cd4f1f-3899-4aa0-adf5-e427f21157ec',
  durationMs: 27,
  stage: 'chat',
  category: 'network',
  status: undefined,
  attempt: 1,
  retryCount: 0,
  timedOut: false,
  aborted: false,
  connectionLost: true
}
swarm.chat.failure {
  requestId: 'b7a06f0e-4184-433b-a7f5-55182a0feadd',
  durationMs: 9,
  stage: 'chat',
  category: 'server',
  status: 503,
  attempt: 1,
  retryCount: 0,
  timedOut: false,
  aborted: false,
  connectionLost: false
}
swarm.chat.failure {
  requestId: '6e61c0b1-be6c-4dd2-83c2-87aa87908137',
  durationMs: 13,
  stage: 'plan',
  category: 'rate_limit',
  status: 429,
  attempt: 1,
  retryCount: 0,
  timedOut: false,
  aborted: false,
  connectionLost: false
}
swarm.chat.failure {
  requestId: '5e5bd2a4-f852-4354-b90b-f0b35d0038f2',
  durationMs: 27,
  stage: 'review',
  category: 'network',
  status: undefined,
  attempt: 3,
  retryCount: 2,
  timedOut: false,
  aborted: false,
  connectionLost: true
}
swarm.chat.failure {
  requestId: '163b6f23-1b02-4cbd-91a9-70fc3a598dee',
  durationMs: 6,
  stage: 'chat',
  category: 'network',
  status: undefined,
  attempt: 1,
  retryCount: 0,
  timedOut: false,
  aborted: false,
  connectionLost: true
}
swarm.chat.failure {
  requestId: 'b8ea3c30-f44a-4a9a-b27d-d6f9222caf5b',
  durationMs: 12,
  stage: 'plan',
  category: 'server',
  status: 503,
  attempt: 1,
  retryCount: 0,
  timedOut: false,
  aborted: false,
  connectionLost: false
}
swarm.chat.failure {
  requestId: '50b1b5ce-f90d-421f-8858-503177e72d8f',
  durationMs: 15,
  stage: 'chat',
  category: 'rate_limit',
  status: 429,
  attempt: 1,
  retryCount: 0,
  timedOut: false,
  aborted: false,
  connectionLost: false
}
swarm.chat.failure {
  requestId: 'd3e2b84a-e51a-4efe-b53b-1cf7701c6130',
  durationMs: 6,
  stage: 'chat',
  category: 'server',
  status: 503,
  attempt: 1,
  retryCount: 0,
  timedOut: false,
  aborted: false,
  connectionLost: false
}
swarm.chat.failure {
  requestId: 'c2b1ad0d-a924-4856-bbd9-ad742945a1e3',
  durationMs: 16,
  stage: 'plan',
  category: 'rate_limit',
  status: 429,
  attempt: 1,
  retryCount: 0,
  timedOut: false,
  aborted: false,
  connectionLost: false
}
swarm.chat.failure {
  requestId: '26a8ef6a-5e8b-4c64-b6ac-1321c40080b0',
  durationMs: 21,
  stage: 'review',
  category: 'network',
  status: undefined,
  attempt: 3,
  retryCount: 2,
  timedOut: false,
  aborted: false,
  connectionLost: true
}
swarm.chat.failure {
  requestId: 'cbba5e91-40b0-46af-91fa-0f643e31e67f',
  durationMs: 7,
  stage: 'chat',
  category: 'rate_limit',
  status: 429,
  attempt: 1,
  retryCount: 0,
  timedOut: false,
  aborted: false,
  connectionLost: false
}
swarm.chat.failure {
  requestId: '50251cf3-481c-4685-a648-c7ff7296b039',
  durationMs: 11,
  stage: 'chat',
  category: 'network',
  status: undefined,
  attempt: 1,
  retryCount: 0,
  timedOut: false,
  aborted: false,
  connectionLost: true
}
swarm.chat.failure {
  requestId: '29d8578b-ad97-4fdb-bcac-4f3730103a7a',
  durationMs: 13,
  stage: 'plan',
  category: 'server',
  status: 503,
  attempt: 1,
  retryCount: 0,
  timedOut: false,
  aborted: false,
  connectionLost: false
}
swarm.chat.failure {
  requestId: '426b3758-0f29-4356-a006-5a5439ee10ec',
  durationMs: 8,
  stage: 'chat',
  category: 'server',
  status: 503,
  attempt: 1,
  retryCount: 0,
  timedOut: false,
  aborted: false,
  connectionLost: false
}
swarm.chat.failure {
  requestId: '50543976-36cf-438e-a4b4-54667fd65520',
  durationMs: 15,
  stage: 'plan',
  category: 'rate_limit',
  status: 429,
  attempt: 1,
  retryCount: 0,
  timedOut: false,
  aborted: false,
  connectionLost: false
}
swarm.chat.failure {
  requestId: 'f3244ecd-48cc-4b72-b12a-941290b0d944',
  durationMs: 20,
  stage: 'review',
  category: 'network',
  status: undefined,
  attempt: 3,
  retryCount: 2,
  timedOut: false,
  aborted: false,
  connectionLost: true
}
swarm.chat.failure {
  requestId: '91e95228-13ff-4276-a43e-ed58eff7dd52',
  durationMs: 6,
  stage: 'chat',
  category: 'network',
  status: undefined,
  attempt: 1,
  retryCount: 0,
  timedOut: false,
  aborted: false,
  connectionLost: true
}
swarm.chat.failure {
  requestId: 'bb99cc38-997d-461a-bf10-a585fddb7ddf',
  durationMs: 9,
  stage: 'plan',
  category: 'server',
  status: 503,
  attempt: 1,
  retryCount: 0,
  timedOut: false,
  aborted: false,
  connectionLost: false
}
swarm.chat.failure {
  requestId: '9ed7f9f2-ed92-48d0-ba28-2f934deed148',
  durationMs: 14,
  stage: 'chat',
  category: 'rate_limit',
  status: 429,
  attempt: 1,
  retryCount: 0,
  timedOut: false,
  aborted: false,
  connectionLost: false
}
swarm.chat.failure {
  requestId: '17893722-bd89-4062-932f-34c652a13681',
  durationMs: 8,
  stage: 'chat',
  category: 'server',
  status: 503,
  attempt: 1,
  retryCount: 0,
  timedOut: false,
  aborted: false,
  connectionLost: false
}
swarm.chat.failure {
  requestId: '564521e2-b52c-4b58-a404-1d36cb68f100',
  durationMs: 12,
  stage: 'plan',
  category: 'rate_limit',
  status: 429,
  attempt: 1,
  retryCount: 0,
  timedOut: false,
  aborted: false,
  connectionLost: false
}
swarm.chat.failure {
  requestId: '88c8d986-181a-438a-9bf7-f73bc3c8349f',
  durationMs: 26,
  stage: 'review',
  category: 'network',
  status: undefined,
  attempt: 3,
  retryCount: 2,
  timedOut: false,
  aborted: false,
  connectionLost: true
}
swarm.chat.failure {
  requestId: '34e7f864-7dc1-4486-a38e-1673c71e6eda',
  durationMs: 9,
  stage: 'chat',
  category: 'rate_limit',
  status: 429,
  attempt: 1,
  retryCount: 0,
  timedOut: false,
  aborted: false,
  connectionLost: false
}
swarm.chat.failure {
  requestId: '18916734-3238-4d0b-9c41-8bdebeded2ed',
  durationMs: 11,
  stage: 'chat',
  category: 'network',
  status: undefined,
  attempt: 1,
  retryCount: 0,
  timedOut: false,
  aborted: false,
  connectionLost: true
}
swarm.chat.failure {
  requestId: '6ddf4273-f6e2-4137-9d45-831bef4fdd67',
  durationMs: 14,
  stage: 'plan',
  category: 'server',
  status: 503,
  attempt: 1,
  retryCount: 0,
  timedOut: false,
  aborted: false,
  connectionLost: false
}
swarm.chat.failure {
  requestId: 'a2747abd-0e1c-48c9-92e4-bfb41ecaeafe',
  durationMs: 11,
  stage: 'chat',
  category: 'server',
  status: 503,
  attempt: 1,
  retryCount: 0,
  timedOut: false,
  aborted: false,
  connectionLost: false
}
swarm.chat.failure {
  requestId: '60ad233a-9f3f-42e9-bf2c-4bf7cf3d3926',
  durationMs: 15,
  stage: 'plan',
  category: 'rate_limit',
  status: 429,
  attempt: 1,
  retryCount: 0,
  timedOut: false,
  aborted: false,
  connectionLost: false
}
swarm.chat.failure {
  requestId: '60ccb983-ac18-40d6-9562-a5d3c7084cce',
  durationMs: 19,
  stage: 'review',
  category: 'network',
  status: undefined,
  attempt: 3,
  retryCount: 2,
  timedOut: false,
  aborted: false,
  connectionLost: true
}
swarm.chat.failure {
  requestId: '9f7f0750-0332-45c1-b166-65262032c041',
  durationMs: 6,
  stage: 'chat',
  category: 'rate_limit',
  status: 429,
  attempt: 1,
  retryCount: 0,
  timedOut: false,
  aborted: false,
  connectionLost: false
}
swarm.chat.failure {
  requestId: '541be80c-695a-4c93-b596-3c2759465d1b',
  durationMs: 10,
  stage: 'chat',
  category: 'network',
  status: undefined,
  attempt: 1,
  retryCount: 0,
  timedOut: false,
  aborted: false,
  connectionLost: true
}
swarm.chat.failure {
  requestId: '78e4e34d-b82c-4307-82b8-8e184bd88db3',
  durationMs: 12,
  stage: 'plan',
  category: 'server',
  status: 503,
  attempt: 1,
  retryCount: 0,
  timedOut: false,
  aborted: false,
  connectionLost: false
}
swarm.chat.failure {
  requestId: '0ebe160b-d5b8-41ba-a641-e05f09594ef8',
  durationMs: 6,
  stage: 'chat',
  category: 'server',
  status: 503,
  attempt: 1,
  retryCount: 0,
  timedOut: false,
  aborted: false,
  connectionLost: false
}
swarm.chat.failure {
  requestId: 'af4c1d1a-2448-466a-b2a4-64f4b079e6c5',
  durationMs: 13,
  stage: 'plan',
  category: 'rate_limit',
  status: 429,
  attempt: 1,
  retryCount: 0,
  timedOut: false,
  aborted: false,
  connectionLost: false
}
swarm.chat.failure {
  requestId: '3c63380e-b32a-4772-9979-abb49e7325e2',
  durationMs: 28,
  stage: 'review',
  category: 'network',
  status: undefined,
  attempt: 3,
  retryCount: 2,
  timedOut: false,
  aborted: false,
  connectionLost: true
}
swarm.chat.failure {
  requestId: '8ce212c8-e21d-471b-89ea-bcf6dbd154d7',
  durationMs: 7,
  stage: 'chat',
  category: 'network',
  status: undefined,
  attempt: 1,
  retryCount: 0,
  timedOut: false,
  aborted: false,
  connectionLost: true
}
swarm.chat.failure {
  requestId: '73e82507-b617-4888-99e1-9e0e48358f59',
  durationMs: 10,
  stage: 'chat',
  category: 'rate_limit',
  status: 429,
  attempt: 1,
  retryCount: 0,
  timedOut: false,
  aborted: false,
  connectionLost: false
}
swarm.chat.failure {
  requestId: '54c88abc-a4c7-4364-9510-aee71b162c20',
  durationMs: 13,
  stage: 'plan',
  category: 'server',
  status: 503,
  attempt: 1,
  retryCount: 0,
  timedOut: false,
  aborted: false,
  connectionLost: false
}
swarm.chat.failure {
  requestId: '2908a3d3-9b40-4a63-8d19-56964857843f',
  durationMs: 15,
  stage: 'chat',
  category: 'server',
  status: 503,
  attempt: 1,
  retryCount: 0,
  timedOut: false,
  aborted: false,
  connectionLost: false
}
swarm.chat.failure {
  requestId: '36879c8b-f08c-47c1-a068-331325a99a0e',
  durationMs: 18,
  stage: 'plan',
  category: 'rate_limit',
  status: 429,
  attempt: 1,
  retryCount: 0,
  timedOut: false,
  aborted: false,
  connectionLost: false
}
swarm.chat.failure {
  requestId: 'b481e511-479c-48af-a4b7-2136225977c7',
  durationMs: 23,
  stage: 'review',
  category: 'network',
  status: undefined,
  attempt: 3,
  retryCount: 2,
  timedOut: false,
  aborted: false,
  connectionLost: true
}
swarm.chat.failure {
  requestId: '9c738b18-a4b8-4f99-b637-ce83db6848cb',
  durationMs: 6,
  stage: 'plan',
  category: 'server',
  status: 503,
  attempt: 1,
  retryCount: 0,
  timedOut: false,
  aborted: false,
  connectionLost: false
}
swarm.chat.failure {
  requestId: 'f523a960-a047-4c57-ad5f-bf2ad372bea1',
  durationMs: 9,
  stage: 'chat',
  category: 'rate_limit',
  status: 429,
  attempt: 1,
  retryCount: 0,
  timedOut: false,
  aborted: false,
  connectionLost: false
}
swarm.chat.failure {
  requestId: '9c8f08f9-4d12-4d98-bf08-9ebd67006dc0',
  durationMs: 12,
  stage: 'chat',
  category: 'network',
  status: undefined,
  attempt: 1,
  retryCount: 0,
  timedOut: false,
  aborted: false,
  connectionLost: true
}
swarm.chat.failure {
  requestId: 'c8b362d5-f142-4a53-9eef-c50bed2d839d',
  durationMs: 7,
  stage: 'chat',
  category: 'server',
  status: 503,
  attempt: 1,
  retryCount: 0,
  timedOut: false,
  aborted: false,
  connectionLost: false
}
swarm.chat.failure {
  requestId: '8d87d009-1e4c-4268-99a5-23d3bb89b4e3',
  durationMs: 10,
  stage: 'plan',
  category: 'rate_limit',
  status: 429,
  attempt: 1,
  retryCount: 0,
  timedOut: false,
  aborted: false,
  connectionLost: false
}
swarm.chat.failure {
  requestId: 'ba6d7c91-981e-4937-80b3-f816cb9cf7ed',
  durationMs: 27,
  stage: 'review',
  category: 'network',
  status: undefined,
  attempt: 3,
  retryCount: 2,
  timedOut: false,
  aborted: false,
  connectionLost: true
}
swarm.chat.failure {
  requestId: 'd98026a4-3e9e-42c4-a590-36b05c27c1f5',
  durationMs: 6,
  stage: 'chat',
  category: 'rate_limit',
  status: 429,
  attempt: 1,
  retryCount: 0,
  timedOut: false,
  aborted: false,
  connectionLost: false
}
swarm.chat.failure {
  requestId: '8db173e4-61c3-4e89-bc2e-98d43d4cac1a',
  durationMs: 9,
  stage: 'chat',
  category: 'network',
  status: undefined,
  attempt: 1,
  retryCount: 0,
  timedOut: false,
  aborted: false,
  connectionLost: true
}
swarm.chat.failure {
  requestId: 'c214f07e-76c0-4e2e-9866-20e95dc66571',
  durationMs: 16,
  stage: 'plan',
  category: 'server',
  status: 503,
  attempt: 1,
  retryCount: 0,
  timedOut: false,
  aborted: false,
  connectionLost: false
}
swarm.chat.failure {
  requestId: 'acf753cc-8ca4-4187-b5e8-cddff74aea12',
  durationMs: 9,
  stage: 'chat',
  category: 'server',
  status: 503,
  attempt: 1,
  retryCount: 0,
  timedOut: false,
  aborted: false,
  connectionLost: false
}
swarm.chat.failure {
  requestId: '7d8a1be9-4eec-4343-b09b-f61ee1cb0689',
  durationMs: 12,
  stage: 'plan',
  category: 'rate_limit',
  status: 429,
  attempt: 1,
  retryCount: 0,
  timedOut: false,
  aborted: false,
  connectionLost: false
}
swarm.chat.failure {
  requestId: '962242ab-291a-4616-804c-5a2fffa748f8',
  durationMs: 19,
  stage: 'review',
  category: 'network',
  status: undefined,
  attempt: 3,
  retryCount: 2,
  timedOut: false,
  aborted: false,
  connectionLost: true
}
swarm.chat.failure {
  requestId: '0f824f6d-8001-49b5-9c9f-7dba6ac98e3a',
  durationMs: 9,
  stage: 'chat',
  category: 'network',
  status: undefined,
  attempt: 1,
  retryCount: 0,
  timedOut: false,
  aborted: false,
  connectionLost: true
}
swarm.chat.failure {
  requestId: 'f8842964-b453-4388-b2e5-d130770eb572',
  durationMs: 10,
  stage: 'plan',
  category: 'server',
  status: 503,
  attempt: 1,
  retryCount: 0,
  timedOut: false,
  aborted: false,
  connectionLost: false
}
swarm.chat.failure {
  requestId: '71000894-db25-476f-afd0-caeb464652cd',
  durationMs: 14,
  stage: 'chat',
  category: 'rate_limit',
  status: 429,
  attempt: 1,
  retryCount: 0,
  timedOut: false,
  aborted: false,
  connectionLost: false
}
swarm.chat.failure {
  requestId: 'b27e89df-2365-47be-b644-95880795a13d',
  durationMs: 5,
  stage: 'plan',
  category: 'rate_limit',
  status: 429,
  attempt: 1,
  retryCount: 0,
  timedOut: false,
  aborted: false,
  connectionLost: false
}
swarm.chat.failure {
  requestId: 'e432ad17-ef00-458a-9733-4926a941c689',
  durationMs: 12,
  stage: 'chat',
  category: 'server',
  status: 503,
  attempt: 1,
  retryCount: 0,
  timedOut: false,
  aborted: false,
  connectionLost: false
}
swarm.chat.failure {
  requestId: 'c4a48023-eb45-4d05-98af-032869b4940a',
  durationMs: 19,
  stage: 'review',
  category: 'network',
  status: undefined,
  attempt: 3,
  retryCount: 2,
  timedOut: false,
  aborted: false,
  connectionLost: true
}
swarm.chat.failure {
  requestId: 'db29afeb-0bd9-4ae0-b184-8cc68741a545',
  durationMs: 7,
  stage: 'chat',
  category: 'rate_limit',
  status: 429,
  attempt: 1,
  retryCount: 0,
  timedOut: false,
  aborted: false,
  connectionLost: false
}
swarm.chat.failure {
  requestId: '4a8f9f24-19bc-4d0f-a654-4300a8b0dda6',
  durationMs: 10,
  stage: 'chat',
  category: 'network',
  status: undefined,
  attempt: 1,
  retryCount: 0,
  timedOut: false,
  aborted: false,
  connectionLost: true
}
swarm.chat.failure {
  requestId: 'ff4499d7-1934-4cf8-8496-88e2ab391747',
  durationMs: 13,
  stage: 'plan',
  category: 'server',
  status: 503,
  attempt: 1,
  retryCount: 0,
  timedOut: false,
  aborted: false,
  connectionLost: false
}
swarm.chat.failure {
  requestId: '0060ade1-5560-4834-b716-06a2d0fb2b4d',
  durationMs: 15,
  stage: 'chat',
  category: 'server',
  status: 503,
  attempt: 1,
  retryCount: 0,
  timedOut: false,
  aborted: false,
  connectionLost: false
}
swarm.chat.failure {
  requestId: 'cd137b25-e2df-4102-b215-dada8a0d022a',
  durationMs: 21,
  stage: 'plan',
  category: 'rate_limit',
  status: 429,
  attempt: 1,
  retryCount: 0,
  timedOut: false,
  aborted: false,
  connectionLost: false
}
swarm.chat.failure {
  requestId: '57e441ab-078f-4a17-8f83-b50a26cb0ce3',
  durationMs: 36,
  stage: 'review',
  category: 'network',
  status: undefined,
  attempt: 3,
  retryCount: 2,
  timedOut: false,
  aborted: false,
  connectionLost: true
}
swarm.chat.failure {
  requestId: 'fb8017ac-7dd7-4f43-97c8-2c3ac26214d4',
  durationMs: 4,
  stage: 'plan',
  category: 'server',
  status: 503,
  attempt: 1,
  retryCount: 0,
  timedOut: false,
  aborted: false,
  connectionLost: false
}
swarm.chat.failure {
  requestId: '8e760cba-e91a-4a75-9f56-7c37086555d0',
  durationMs: 8,
  stage: 'chat',
  category: 'network',
  status: undefined,
  attempt: 1,
  retryCount: 0,
  timedOut: false,
  aborted: false,
  connectionLost: true
}
swarm.chat.failure {
  requestId: 'b27a4e5e-cdde-4e21-b762-09dd197e19e4',
  durationMs: 11,
  stage: 'chat',
  category: 'rate_limit',
  status: 429,
  attempt: 1,
  retryCount: 0,
  timedOut: false,
  aborted: false,
  connectionLost: false
}
swarm.chat.failure {
  requestId: '7d903976-5415-4a2b-b861-3fd5ccaeb035',
  durationMs: 6,
  stage: 'plan',
  category: 'rate_limit',
  status: 429,
  attempt: 1,
  retryCount: 0,
  timedOut: false,
  aborted: false,
  connectionLost: false
}
swarm.chat.failure {
  requestId: '80aac18a-c9a6-4db4-95e5-fed56967e0c4',
  durationMs: 13,
  stage: 'chat',
  category: 'server',
  status: 503,
  attempt: 1,
  retryCount: 0,
  timedOut: false,
  aborted: false,
  connectionLost: false
}
swarm.chat.failure {
  requestId: 'ad8086ff-2774-4d27-a408-5c291b0218cb',
  durationMs: 21,
  stage: 'review',
  category: 'network',
  status: undefined,
  attempt: 3,
  retryCount: 2,
  timedOut: false,
  aborted: false,
  connectionLost: true
}
swarm.chat.failure {
  requestId: 'd0892135-36a4-4c7c-a996-28c604c1e2c8',
  durationMs: 6,
  stage: 'plan',
  category: 'server',
  status: 503,
  attempt: 1,
  retryCount: 0,
  timedOut: false,
  aborted: false,
  connectionLost: false
}
swarm.chat.failure {
  requestId: 'e0eefc77-b655-4469-a267-63f1b226c2a0',
  durationMs: 8,
  stage: 'chat',
  category: 'rate_limit',
  status: 429,
  attempt: 1,
  retryCount: 0,
  timedOut: false,
  aborted: false,
  connectionLost: false
}
swarm.chat.failure {
  requestId: '463d3392-5d05-436c-a676-dc94c63c74b8',
  durationMs: 10,
  stage: 'chat',
  category: 'network',
  status: undefined,
  attempt: 1,
  retryCount: 0,
  timedOut: false,
  aborted: false,
  connectionLost: true
}
swarm.chat.failure {
  requestId: '4e953912-c44e-4f09-bea9-ab066ebe66bc',
  durationMs: 10,
  stage: 'plan',
  category: 'rate_limit',
  status: 429,
  attempt: 1,
  retryCount: 0,
  timedOut: false,
  aborted: false,
  connectionLost: false
}
swarm.chat.failure {
  requestId: '0df9302f-8edc-4c15-bb84-92552a197020',
  durationMs: 14,
  stage: 'chat',
  category: 'server',
  status: 503,
  attempt: 1,
  retryCount: 0,
  timedOut: false,
  aborted: false,
  connectionLost: false
}
swarm.chat.failure {
  requestId: '372f595e-08ae-447e-928d-7ae7c954aeeb',
  durationMs: 23,
  stage: 'review',
  category: 'network',
  status: undefined,
  attempt: 3,
  retryCount: 2,
  timedOut: false,
  aborted: false,
  connectionLost: true
}
swarm.chat.failure {
  requestId: 'f654f717-dd08-4189-b8c4-c6c78bb8db2c',
  durationMs: 6,
  stage: 'chat',
  category: 'network',
  status: undefined,
  attempt: 1,
  retryCount: 0,
  timedOut: false,
  aborted: false,
  connectionLost: true
}
swarm.chat.failure {
  requestId: '80e45d12-0a2d-48a4-9603-46d6bbad8f1a',
  durationMs: 9,
  stage: 'plan',
  category: 'server',
  status: 503,
  attempt: 1,
  retryCount: 0,
  timedOut: false,
  aborted: false,
  connectionLost: false
}
swarm.chat.failure {
  requestId: '4c058a7c-9f70-4cb7-98ec-8ca069524854',
  durationMs: 12,
  stage: 'chat',
  category: 'rate_limit',
  status: 429,
  attempt: 1,
  retryCount: 0,
  timedOut: false,
  aborted: false,
  connectionLost: false
}
swarm.chat.failure {
  requestId: '9dcfa5d5-f448-4c2c-a6cb-8d1d196f9fe9',
  durationMs: 6,
  stage: 'chat',
  category: 'server',
  status: 503,
  attempt: 1,
  retryCount: 0,
  timedOut: false,
  aborted: false,
  connectionLost: false
}
swarm.chat.failure {
  requestId: 'b81dd43b-c315-4d93-98bb-e66e53fd3595',
  durationMs: 16,
  stage: 'plan',
  category: 'rate_limit',
  status: 429,
  attempt: 1,
  retryCount: 0,
  timedOut: false,
  aborted: false,
  connectionLost: false
}
swarm.chat.failure {
  requestId: 'b9e2eb47-831c-4f81-9e3c-9d998312075b',
  durationMs: 37,
  stage: 'review',
  category: 'network',
  status: undefined,
  attempt: 3,
  retryCount: 2,
  timedOut: false,
  aborted: false,
  connectionLost: true
}
swarm.chat.failure {
  requestId: 'eecefb1e-ccfc-4c29-9ff2-2a1141444227',
  durationMs: 7,
  stage: 'chat',
  category: 'rate_limit',
  status: 429,
  attempt: 1,
  retryCount: 0,
  timedOut: false,
  aborted: false,
  connectionLost: false
}
swarm.chat.failure {
  requestId: 'c7da7023-f4fb-4b48-a23b-069e2d460ccf',
  durationMs: 14,
  stage: 'chat',
  category: 'network',
  status: undefined,
  attempt: 1,
  retryCount: 0,
  timedOut: false,
  aborted: false,
  connectionLost: true
}
swarm.chat.failure {
  requestId: '994fb1ee-97e0-4727-a25b-8d6ea8c749b1',
  durationMs: 16,
  stage: 'plan',
  category: 'server',
  status: 503,
  attempt: 1,
  retryCount: 0,
  timedOut: false,
  aborted: false,
  connectionLost: false
}
swarm.chat.failure {
  requestId: 'e515f132-3ed4-440f-8fbe-d5277be16cee',
  durationMs: 11,
  stage: 'chat',
  category: 'server',
  status: 503,
  attempt: 1,
  retryCount: 0,
  timedOut: false,
  aborted: false,
  connectionLost: false
}
swarm.chat.failure {
  requestId: '85394861-6ce2-47ba-a057-ac7ea795641c',
  durationMs: 13,
  stage: 'plan',
  category: 'rate_limit',
  status: 429,
  attempt: 1,
  retryCount: 0,
  timedOut: false,
  aborted: false,
  connectionLost: false
}
swarm.chat.failure {
  requestId: '89881671-e8cc-45e6-9bec-505ac54d85df',
  durationMs: 20,
  stage: 'review',
  category: 'network',
  status: undefined,
  attempt: 3,
  retryCount: 2,
  timedOut: false,
  aborted: false,
  connectionLost: true
}
swarm.chat.failure {
  requestId: '2725fd61-f4e0-47fe-a05d-22e9a08773da',
  durationMs: 6,
  stage: 'chat',
  category: 'network',
  status: undefined,
  attempt: 1,
  retryCount: 0,
  timedOut: false,
  aborted: false,
  connectionLost: true
}
swarm.chat.failure {
  requestId: '6938fb32-d25e-4bd4-bb82-dea9ce9d2daa',
  durationMs: 9,
  stage: 'plan',
  category: 'server',
  status: 503,
  attempt: 1,
  retryCount: 0,
  timedOut: false,
  aborted: false,
  connectionLost: false
}
swarm.chat.failure {
  requestId: '2c0b71f3-5e0d-46dc-9698-1fd07b88468c',
  durationMs: 13,
  stage: 'chat',
  category: 'rate_limit',
  status: 429,
  attempt: 1,
  retryCount: 0,
  timedOut: false,
  aborted: false,
  connectionLost: false
}
swarm.chat.failure {
  requestId: 'c60ec8c2-de2d-4a05-80b3-1abfe8ad7821',
  durationMs: 7,
  stage: 'plan',
  category: 'rate_limit',
  status: 429,
  attempt: 1,
  retryCount: 0,
  timedOut: false,
  aborted: false,
  connectionLost: false
}
swarm.chat.failure {
  requestId: 'f3b8d537-1829-40bc-8b97-4bb94419aeb9',
  durationMs: 14,
  stage: 'chat',
  category: 'server',
  status: 503,
  attempt: 1,
  retryCount: 0,
  timedOut: false,
  aborted: false,
  connectionLost: false
}
swarm.chat.failure {
  requestId: '6209d6a4-db9a-410d-8777-a729c70a1eaf',
  durationMs: 18,
  stage: 'review',
  category: 'network',
  status: undefined,
  attempt: 3,
  retryCount: 2,
  timedOut: false,
  aborted: false,
  connectionLost: true
}
swarm.chat.failure {
  requestId: '462f0f27-cafa-47ba-95c0-0dba8df28d6b',
  durationMs: 7,
  stage: 'chat',
  category: 'rate_limit',
  status: 429,
  attempt: 1,
  retryCount: 0,
  timedOut: false,
  aborted: false,
  connectionLost: false
}
swarm.chat.failure {
  requestId: '81e3921d-47eb-4072-9383-b6c1bdf0cc4c',
  durationMs: 11,
  stage: 'chat',
  category: 'network',
  status: undefined,
  attempt: 1,
  retryCount: 0,
  timedOut: false,
  aborted: false,
  connectionLost: true
}
swarm.chat.failure {
  requestId: 'c7b57be6-4cf4-4f96-b19c-3fa9d5d1e12b',
  durationMs: 13,
  stage: 'plan',
  category: 'server',
  status: 503,
  attempt: 1,
  retryCount: 0,
  timedOut: false,
  aborted: false,
  connectionLost: false
}
swarm.chat.failure {
  requestId: '0e44ad9a-6a27-4e7a-86ee-fec9f4afdccd',
  durationMs: 10,
  stage: 'chat',
  category: 'server',
  status: 503,
  attempt: 1,
  retryCount: 0,
  timedOut: false,
  aborted: false,
  connectionLost: false
}
swarm.chat.failure {
  requestId: 'ec33d423-9cb1-47fe-9e06-060b9c4bbff1',
  durationMs: 13,
  stage: 'plan',
  category: 'rate_limit',
  status: 429,
  attempt: 1,
  retryCount: 0,
  timedOut: false,
  aborted: false,
  connectionLost: false
}
swarm.chat.failure {
  requestId: 'bd8719c2-a4ea-4e26-9f5b-09966a1581a7',
  durationMs: 24,
  stage: 'review',
  category: 'network',
  status: undefined,
  attempt: 3,
  retryCount: 2,
  timedOut: false,
  aborted: false,
  connectionLost: true
}
swarm.chat.failure {
  requestId: 'f76e4c19-13f4-4656-b854-3ee39ab54d2b',
  durationMs: 7,
  stage: 'chat',
  category: 'network',
  status: undefined,
  attempt: 1,
  retryCount: 0,
  timedOut: false,
  aborted: false,
  connectionLost: true
}
swarm.chat.failure {
  requestId: 'a8143922-6f10-4e60-b883-4c3a7e3c27d1',
  durationMs: 9,
  stage: 'chat',
  category: 'rate_limit',
  status: 429,
  attempt: 1,
  retryCount: 0,
  timedOut: false,
  aborted: false,
  connectionLost: false
}
swarm.chat.failure {
  requestId: '118ecf05-1dbf-48e0-81e2-5600486fb623',
  durationMs: 13,
  stage: 'plan',
  category: 'server',
  status: 503,
  attempt: 1,
  retryCount: 0,
  timedOut: false,
  aborted: false,
  connectionLost: false
}
swarm.chat.failure {
  requestId: '9575e26f-e77b-4cac-a0c4-7e427c39e005',
  durationMs: 5,
  stage: 'chat',
  category: 'server',
  status: 503,
  attempt: 1,
  retryCount: 0,
  timedOut: false,
  aborted: false,
  connectionLost: false
}
swarm.chat.failure {
  requestId: 'e4f6a1a3-f912-4061-ad48-197cc4fcb535',
  durationMs: 9,
  stage: 'plan',
  category: 'rate_limit',
  status: 429,
  attempt: 1,
  retryCount: 0,
  timedOut: false,
  aborted: false,
  connectionLost: false
}
swarm.chat.failure {
  requestId: '064e1910-2fb3-4c0a-a2ff-693fd7df9544',
  durationMs: 27,
  stage: 'review',
  category: 'network',
  status: undefined,
  attempt: 3,
  retryCount: 2,
  timedOut: false,
  aborted: false,
  connectionLost: true
}
swarm.chat.failure {
  requestId: 'b293598f-13c9-46b2-a95f-571982b36e24',
  durationMs: 11,
  stage: 'chat',
  category: 'rate_limit',
  status: 429,
  attempt: 1,
  retryCount: 0,
  timedOut: false,
  aborted: false,
  connectionLost: false
}
swarm.chat.failure {
  requestId: 'a97822f2-1c9d-4c44-947e-73fc7d39f792',
  durationMs: 14,
  stage: 'chat',
  category: 'network',
  status: undefined,
  attempt: 1,
  retryCount: 0,
  timedOut: false,
  aborted: false,
  connectionLost: true
}
swarm.chat.failure {
  requestId: 'e35a0e31-8fe6-4b79-8274-78feed9dccdc',
  durationMs: 17,
  stage: 'plan',
  category: 'server',
  status: 503,
  attempt: 1,
  retryCount: 0,
  timedOut: false,
  aborted: false,
  connectionLost: false
}
swarm.chat.failure {
  requestId: 'd9d28972-67c2-484a-833d-8ceb75a7551f',
  durationMs: 9,
  stage: 'chat',
  category: 'server',
  status: 503,
  attempt: 1,
  retryCount: 0,
  timedOut: false,
  aborted: false,
  connectionLost: false
}
swarm.chat.failure {
  requestId: '73b9cf10-14f7-45c0-841a-96475590dbf8',
  durationMs: 18,
  stage: 'plan',
  category: 'rate_limit',
  status: 429,
  attempt: 1,
  retryCount: 0,
  timedOut: false,
  aborted: false,
  connectionLost: false
}
swarm.chat.failure {
  requestId: '437cfd59-fda2-4257-b87b-35781eb14306',
  durationMs: 21,
  stage: 'review',
  category: 'network',
  status: undefined,
  attempt: 3,
  retryCount: 2,
  timedOut: false,
  aborted: false,
  connectionLost: true
}
swarm.chat.failure {
  requestId: '3640b4d0-edc3-4597-aebd-d4ac396b69d6',
  durationMs: 6,
  stage: 'chat',
  category: 'network',
  status: undefined,
  attempt: 1,
  retryCount: 0,
  timedOut: false,
  aborted: false,
  connectionLost: true
}
swarm.chat.failure {
  requestId: 'f5c84728-5058-4dba-8707-c4a988939b8a',
  durationMs: 8,
  stage: 'plan',
  category: 'server',
  status: 503,
  attempt: 1,
  retryCount: 0,
  timedOut: false,
  aborted: false,
  connectionLost: false
}
swarm.chat.failure {
  requestId: 'd4160cf3-35b1-4859-b788-28d52631dca6',
  durationMs: 12,
  stage: 'chat',
  category: 'rate_limit',
  status: 429,
  attempt: 1,
  retryCount: 0,
  timedOut: false,
  aborted: false,
  connectionLost: false
}
swarm.chat.failure {
  requestId: 'e05dd4d3-06c6-40a5-89f9-718a57f57470',
  durationMs: 6,
  stage: 'chat',
  category: 'server',
  status: 503,
  attempt: 1,
  retryCount: 0,
  timedOut: false,
  aborted: false,
  connectionLost: false
}
swarm.chat.failure {
  requestId: '173f8f29-16e3-4b18-865b-5cafa397786c',
  durationMs: 9,
  stage: 'plan',
  category: 'rate_limit',
  status: 429,
  attempt: 1,
  retryCount: 0,
  timedOut: false,
  aborted: false,
  connectionLost: false
}
swarm.chat.failure {
  requestId: '9becd755-529e-4690-bf8b-ec68bfee8aa6',
  durationMs: 23,
  stage: 'review',
  category: 'network',
  status: undefined,
  attempt: 3,
  retryCount: 2,
  timedOut: false,
  aborted: false,
  connectionLost: true
}
swarm.chat.failure {
  requestId: '6af1016f-65e6-4f87-a48e-65eb6f54c621',
  durationMs: 4,
  stage: 'chat',
  category: 'rate_limit',
  status: 429,
  attempt: 1,
  retryCount: 0,
  timedOut: false,
  aborted: false,
  connectionLost: false
}
swarm.chat.failure {
  requestId: '158a86b5-73b7-4557-8e48-535b71163192',
  durationMs: 11,
  stage: 'chat',
  category: 'network',
  status: undefined,
  attempt: 1,
  retryCount: 0,
  timedOut: false,
  aborted: false,
  connectionLost: true
}
swarm.chat.failure {
  requestId: 'e4c78f38-92e8-4818-8c76-482289fc5f9a',
  durationMs: 14,
  stage: 'plan',
  category: 'server',
  status: 503,
  attempt: 1,
  retryCount: 0,
  timedOut: false,
  aborted: false,
  connectionLost: false
}
swarm.chat.failure {
  requestId: '466c65f8-68d2-441e-a47c-97c816f471c8',
  durationMs: 11,
  stage: 'chat',
  category: 'server',
  status: 503,
  attempt: 1,
  retryCount: 0,
  timedOut: false,
  aborted: false,
  connectionLost: false
}
swarm.chat.failure {
  requestId: 'fe397f93-e19b-497a-abed-36a6e546579a',
  durationMs: 15,
  stage: 'plan',
  category: 'rate_limit',
  status: 429,
  attempt: 1,
  retryCount: 0,
  timedOut: false,
  aborted: false,
  connectionLost: false
}
swarm.chat.failure {
  requestId: 'b983438b-d309-473a-833c-76c27b3deb91',
  durationMs: 23,
  stage: 'review',
  category: 'network',
  status: undefined,
  attempt: 3,
  retryCount: 2,
  timedOut: false,
  aborted: false,
  connectionLost: true
}
swarm.chat.failure {
  requestId: 'e00e4ec9-b91c-40a7-b839-c7984e838298',
  durationMs: 5,
  stage: 'plan',
  category: 'server',
  status: 503,
  attempt: 1,
  retryCount: 0,
  timedOut: false,
  aborted: false,
  connectionLost: false
}
swarm.chat.failure {
  requestId: '34801df4-dd1e-4c52-a66b-7f6fc2df5f4b',
  durationMs: 8,
  stage: 'chat',
  category: 'network',
  status: undefined,
  attempt: 1,
  retryCount: 0,
  timedOut: false,
  aborted: false,
  connectionLost: true
}
swarm.chat.failure {
  requestId: '5d40d6a0-0ec2-4f2e-8566-9a4984e3be5a',
  durationMs: 10,
  stage: 'chat',
  category: 'rate_limit',
  status: 429,
  attempt: 1,
  retryCount: 0,
  timedOut: false,
  aborted: false,
  connectionLost: false
}
swarm.chat.failure {
  requestId: '546823f5-1e92-4b45-9c53-4d3d2b82488c',
  durationMs: 5,
  stage: 'plan',
  category: 'rate_limit',
  status: 429,
  attempt: 1,
  retryCount: 0,
  timedOut: false,
  aborted: false,
  connectionLost: false
}
swarm.chat.failure {
  requestId: 'a874d1af-9940-4260-9e07-b2292e4c5c6a',
  durationMs: 11,
  stage: 'chat',
  category: 'server',
  status: 503,
  attempt: 1,
  retryCount: 0,
  timedOut: false,
  aborted: false,
  connectionLost: false
}
swarm.chat.failure {
  requestId: 'daa9741d-2aba-4df1-b4ef-50858e0109cc',
  durationMs: 25,
  stage: 'review',
  category: 'network',
  status: undefined,
  attempt: 3,
  retryCount: 2,
  timedOut: false,
  aborted: false,
  connectionLost: true
}
swarm.chat.failure {
  requestId: '270bc98b-aea9-4a94-be67-5d16276b263f',
  durationMs: 6,
  stage: 'chat',
  category: 'rate_limit',
  status: 429,
  attempt: 1,
  retryCount: 0,
  timedOut: false,
  aborted: false,
  connectionLost: false
}
swarm.chat.failure {
  requestId: '90762144-5ef9-45a0-8c6a-251652d6a760',
  durationMs: 8,
  stage: 'plan',
  category: 'server',
  status: 503,
  attempt: 1,
  retryCount: 0,
  timedOut: false,
  aborted: false,
  connectionLost: false
}
swarm.chat.failure {
  requestId: '2fc7b1cb-46f0-4f47-839a-e51c5a2ee75d',
  durationMs: 14,
  stage: 'chat',
  category: 'network',
  status: undefined,
  attempt: 1,
  retryCount: 0,
  timedOut: false,
  aborted: false,
  connectionLost: true
}
swarm.chat.failure {
  requestId: '2930a3f6-9477-4082-92ac-9344e899e595',
  durationMs: 9,
  stage: 'chat',
  category: 'server',
  status: 503,
  attempt: 1,
  retryCount: 0,
  timedOut: false,
  aborted: false,
  connectionLost: false
}
swarm.chat.failure {
  requestId: 'fdc65a67-c6e0-4b62-bc1a-8a72a567b2eb',
  durationMs: 12,
  stage: 'plan',
  category: 'rate_limit',
  status: 429,
  attempt: 1,
  retryCount: 0,
  timedOut: false,
  aborted: false,
  connectionLost: false
}
swarm.chat.failure {
  requestId: '31e757bf-492d-4141-8cc3-823286448d73',
  durationMs: 30,
  stage: 'review',
  category: 'network',
  status: undefined,
  attempt: 3,
  retryCount: 2,
  timedOut: false,
  aborted: false,
  connectionLost: true
}
swarm.chat.failure {
  requestId: '2cfd347f-3c45-434e-9e17-139d1be076d8',
  durationMs: 6,
  stage: 'chat',
  category: 'network',
  status: undefined,
  attempt: 1,
  retryCount: 0,
  timedOut: false,
  aborted: false,
  connectionLost: true
}
swarm.chat.failure {
  requestId: 'e23a9120-e141-49d8-991b-a4e2131c9108',
  durationMs: 9,
  stage: 'plan',
  category: 'server',
  status: 503,
  attempt: 1,
  retryCount: 0,
  timedOut: false,
  aborted: false,
  connectionLost: false
}
swarm.chat.failure {
  requestId: 'ebe801a2-6d4b-4922-8778-f932bb948c77',
  durationMs: 11,
  stage: 'chat',
  category: 'rate_limit',
  status: 429,
  attempt: 1,
  retryCount: 0,
  timedOut: false,
  aborted: false,
  connectionLost: false
}
swarm.chat.failure {
  requestId: 'fdb9553e-be99-46b2-86c0-a40e444d8e5c',
  durationMs: 7,
  stage: 'chat',
  category: 'server',
  status: 503,
  attempt: 1,
  retryCount: 0,
  timedOut: false,
  aborted: false,
  connectionLost: false
}
swarm.chat.failure {
  requestId: 'b9535683-c2a4-4f3f-b95c-34d3f0bad91c',
  durationMs: 15,
  stage: 'plan',
  category: 'rate_limit',
  status: 429,
  attempt: 1,
  retryCount: 0,
  timedOut: false,
  aborted: false,
  connectionLost: false
}
swarm.chat.failure {
  requestId: 'accfbc0c-8e15-4c64-9d4e-652aef8f6ecd',
  durationMs: 28,
  stage: 'review',
  category: 'network',
  status: undefined,
  attempt: 3,
  retryCount: 2,
  timedOut: false,
  aborted: false,
  connectionLost: true
}
swarm.chat.failure {
  requestId: 'd027cebc-dc4d-49e5-b1a1-a3e79da72213',
  durationMs: 8,
  stage: 'chat',
  category: 'rate_limit',
  status: 429,
  attempt: 1,
  retryCount: 0,
  timedOut: false,
  aborted: false,
  connectionLost: false
}
swarm.chat.failure {
  requestId: '6aab553f-4f1c-4769-a040-a3b69fb56af7',
  durationMs: 13,
  stage: 'chat',
  category: 'network',
  status: undefined,
  attempt: 1,
  retryCount: 0,
  timedOut: false,
  aborted: false,
  connectionLost: true
}
swarm.chat.failure {
  requestId: 'f475de0b-286c-478a-ac95-22d01fca53bb',
  durationMs: 20,
  stage: 'plan',
  category: 'server',
  status: 503,
  attempt: 1,
  retryCount: 0,
  timedOut: false,
  aborted: false,
  connectionLost: false
}
swarm.chat.failure {
  requestId: '4ec999e3-ce34-4ae9-b033-9c6c11985f09',
  durationMs: 13,
  stage: 'chat',
  category: 'server',
  status: 503,
  attempt: 1,
  retryCount: 0,
  timedOut: false,
  aborted: false,
  connectionLost: false
}
swarm.chat.failure {
  requestId: '4f35ce75-ea26-4484-b10e-93bd3a4e25b8',
  durationMs: 16,
  stage: 'plan',
  category: 'rate_limit',
  status: 429,
  attempt: 1,
  retryCount: 0,
  timedOut: false,
  aborted: false,
  connectionLost: false
}
swarm.chat.failure {
  requestId: '01158b37-c5c3-456e-bd4a-de5d5ca8a5a2',
  durationMs: 22,
  stage: 'review',
  category: 'network',
  status: undefined,
  attempt: 3,
  retryCount: 2,
  timedOut: false,
  aborted: false,
  connectionLost: true
}
swarm.chat.failure {
  requestId: '304ab66e-7897-47e3-8a5a-6ea00db31914',
  durationMs: 8,
  stage: 'chat',
  category: 'network',
  status: undefined,
  attempt: 1,
  retryCount: 0,
  timedOut: false,
  aborted: false,
  connectionLost: true
}
swarm.chat.failure {
  requestId: 'fb24de5d-052a-421d-8cfc-beae4e195b3e',
  durationMs: 11,
  stage: 'plan',
  category: 'server',
  status: 503,
  attempt: 1,
  retryCount: 0,
  timedOut: false,
  aborted: false,
  connectionLost: false
}
swarm.chat.failure {
  requestId: 'af16950c-b933-47ab-9537-939da9142fce',
  durationMs: 14,
  stage: 'chat',
  category: 'rate_limit',
  status: 429,
  attempt: 1,
  retryCount: 0,
  timedOut: false,
  aborted: false,
  connectionLost: false
}
swarm.chat.failure {
  requestId: 'e2772a7d-9fb0-4893-ad3e-41c48ec26455',
  durationMs: 5,
  stage: 'chat',
  category: 'server',
  status: 503,
  attempt: 1,
  retryCount: 0,
  timedOut: false,
  aborted: false,
  connectionLost: false
}
swarm.chat.failure {
  requestId: 'a7a26caf-868a-40cb-bfed-524e7022a078',
  durationMs: 8,
  stage: 'plan',
  category: 'rate_limit',
  status: 429,
  attempt: 1,
  retryCount: 0,
  timedOut: false,
  aborted: false,
  connectionLost: false
}
swarm.chat.failure {
  requestId: '690153d5-7bda-49cb-8f6d-55e4c8945129',
  durationMs: 21,
  stage: 'review',
  category: 'network',
  status: undefined,
  attempt: 3,
  retryCount: 2,
  timedOut: false,
  aborted: false,
  connectionLost: true
}
swarm.chat.failure {
  requestId: 'b7b492d6-e250-4106-a881-1ddf29f6d8c8',
  durationMs: 10,
  stage: 'chat',
  category: 'rate_limit',
  status: 429,
  attempt: 1,
  retryCount: 0,
  timedOut: false,
  aborted: false,
  connectionLost: false
}
swarm.chat.failure {
  requestId: '444f09fa-902a-4bd7-9189-f2ce4e181fb5',
  durationMs: 12,
  stage: 'chat',
  category: 'network',
  status: undefined,
  attempt: 1,
  retryCount: 0,
  timedOut: false,
  aborted: false,
  connectionLost: true
}
swarm.chat.failure {
  requestId: '982b76e8-ab45-4b2b-894a-8d3074d136f0',
  durationMs: 17,
  stage: 'plan',
  category: 'server',
  status: 503,
  attempt: 1,
  retryCount: 0,
  timedOut: false,
  aborted: false,
  connectionLost: false
}
swarm.chat.failure {
  requestId: '64ca8563-58de-4e33-bda2-238bb15772fb',
  durationMs: 8,
  stage: 'chat',
  category: 'server',
  status: 503,
  attempt: 1,
  retryCount: 0,
  timedOut: false,
  aborted: false,
  connectionLost: false
}
swarm.chat.failure {
  requestId: '886816ac-47f7-4bc1-973d-b713895e117b',
  durationMs: 12,
  stage: 'plan',
  category: 'rate_limit',
  status: 429,
  attempt: 1,
  retryCount: 0,
  timedOut: false,
  aborted: false,
  connectionLost: false
}
swarm.chat.failure {
  requestId: '08dc43e1-17b8-4694-a3f9-c2abd6a5f9b9',
  durationMs: 21,
  stage: 'review',
  category: 'network',
  status: undefined,
  attempt: 3,
  retryCount: 2,
  timedOut: false,
  aborted: false,
  connectionLost: true
}
swarm.chat.failure {
  requestId: '43d973f3-0d37-4046-a114-c0d292349a8f',
  durationMs: 6,
  stage: 'plan',
  category: 'server',
  status: 503,
  attempt: 1,
  retryCount: 0,
  timedOut: false,
  aborted: false,
  connectionLost: false
}
swarm.chat.failure {
  requestId: '83f2b2ed-7431-46f9-a9a9-f1ec8af845ed',
  durationMs: 9,
  stage: 'chat',
  category: 'network',
  status: undefined,
  attempt: 1,
  retryCount: 0,
  timedOut: false,
  aborted: false,
  connectionLost: true
}
swarm.chat.failure {
  requestId: 'acd8c04e-087e-41cf-a70b-04dd3d98957a',
  durationMs: 11,
  stage: 'chat',
  category: 'rate_limit',
  status: 429,
  attempt: 1,
  retryCount: 0,
  timedOut: false,
  aborted: false,
  connectionLost: false
}
swarm.chat.failure {
  requestId: 'aa4c0e50-a5f8-4ab8-ad3f-790c42550c34',
  durationMs: 6,
  stage: 'plan',
  category: 'rate_limit',
  status: 429,
  attempt: 1,
  retryCount: 0,
  timedOut: false,
  aborted: false,
  connectionLost: false
}
swarm.chat.failure {
  requestId: 'c543af7c-6f2c-4cb3-8f6a-858bbe6a01a2',
  durationMs: 11,
  stage: 'chat',
  category: 'server',
  status: 503,
  attempt: 1,
  retryCount: 0,
  timedOut: false,
  aborted: false,
  connectionLost: false
}
swarm.chat.failure {
  requestId: '7ab3258e-6e82-4cb6-96f3-a27d984374de',
  durationMs: 20,
  stage: 'review',
  category: 'network',
  status: undefined,
  attempt: 3,
  retryCount: 2,
  timedOut: false,
  aborted: false,
  connectionLost: true
}
swarm.chat.failure {
  requestId: '2c6e7811-bb01-408e-9388-a576d3bddcba',
  durationMs: 7,
  stage: 'plan',
  category: 'server',
  status: 503,
  attempt: 1,
  retryCount: 0,
  timedOut: false,
  aborted: false,
  connectionLost: false
}
swarm.chat.failure {
  requestId: 'a32971a2-da28-496c-8368-87c0d48fe7af',
  durationMs: 9,
  stage: 'chat',
  category: 'rate_limit',
  status: 429,
  attempt: 1,
  retryCount: 0,
  timedOut: false,
  aborted: false,
  connectionLost: false
}
swarm.chat.failure {
  requestId: '27a20f50-ef54-40b9-b00a-7edaa6694dde',
  durationMs: 11,
  stage: 'chat',
  category: 'network',
  status: undefined,
  attempt: 1,
  retryCount: 0,
  timedOut: false,
  aborted: false,
  connectionLost: true
}
swarm.chat.failure {
  requestId: 'beb49a52-a574-48cd-bbd4-db6aef76b88f',
  durationMs: 9,
  stage: 'plan',
  category: 'rate_limit',
  status: 429,
  attempt: 1,
  retryCount: 0,
  timedOut: false,
  aborted: false,
  connectionLost: false
}
swarm.chat.failure {
  requestId: '8613dadd-ab02-4a8f-85e6-65f66ac6988a',
  durationMs: 13,
  stage: 'chat',
  category: 'server',
  status: 503,
  attempt: 1,
  retryCount: 0,
  timedOut: false,
  aborted: false,
  connectionLost: false
}
swarm.chat.failure {
  requestId: '4b121e0d-43c5-4e76-8e6e-388d058546ff',
  durationMs: 17,
  stage: 'review',
  category: 'network',
  status: undefined,
  attempt: 3,
  retryCount: 2,
  timedOut: false,
  aborted: false,
  connectionLost: true
}
swarm.chat.failure {
  requestId: '4b1bb9cd-2920-417a-8c04-61032cbe3909',
  durationMs: 8,
  stage: 'chat',
  category: 'network',
  status: undefined,
  attempt: 1,
  retryCount: 0,
  timedOut: false,
  aborted: false,
  connectionLost: true
}
swarm.chat.failure {
  requestId: '6aacc8fe-71a6-4080-aa04-69474c9afed4',
  durationMs: 10,
  stage: 'chat',
  category: 'rate_limit',
  status: 429,
  attempt: 1,
  retryCount: 0,
  timedOut: false,
  aborted: false,
  connectionLost: false
}
swarm.chat.failure {
  requestId: '4a5a5b7d-1925-43ff-99df-f400e0e3ddde',
  durationMs: 14,
  stage: 'plan',
  category: 'server',
  status: 503,
  attempt: 1,
  retryCount: 0,
  timedOut: false,
  aborted: false,
  connectionLost: false
}
swarm.chat.failure {
  requestId: '464acb17-d811-4bd7-8bc3-fc3a92cfca2c',
  durationMs: 7,
  stage: 'chat',
  category: 'server',
  status: 503,
  attempt: 1,
  retryCount: 0,
  timedOut: false,
  aborted: false,
  connectionLost: false
}
swarm.chat.failure {
  requestId: 'c189bd5a-5729-4646-8e34-85f8940ffbfc',
  durationMs: 14,
  stage: 'plan',
  category: 'rate_limit',
  status: 429,
  attempt: 1,
  retryCount: 0,
  timedOut: false,
  aborted: false,
  connectionLost: false
}
swarm.chat.failure {
  requestId: '2964b789-f54c-4344-90a8-e4c7bcf56fd6',
  durationMs: 19,
  stage: 'review',
  category: 'network',
  status: undefined,
  attempt: 3,
  retryCount: 2,
  timedOut: false,
  aborted: false,
  connectionLost: true
}
swarm.chat.failure {
  requestId: 'cf2acad6-ab14-4922-9eee-2db60ce31505',
  durationMs: 5,
  stage: 'chat',
  category: 'rate_limit',
  status: 429,
  attempt: 1,
  retryCount: 0,
  timedOut: false,
  aborted: false,
  connectionLost: false
}
swarm.chat.failure {
  requestId: 'a1b1e2cf-6469-4d99-a31c-d3eecd97fe7e',
  durationMs: 8,
  stage: 'chat',
  category: 'network',
  status: undefined,
  attempt: 1,
  retryCount: 0,
  timedOut: false,
  aborted: false,
  connectionLost: true
}
swarm.chat.failure {
  requestId: '5533a581-e7e2-461b-8720-ebcb16ed11b4',
  durationMs: 11,
  stage: 'plan',
  category: 'server',
  status: 503,
  attempt: 1,
  retryCount: 0,
  timedOut: false,
  aborted: false,
  connectionLost: false
}
swarm.chat.failure {
  requestId: '3864026b-e9d8-46ea-a265-fc03da862610',
  durationMs: 13,
  stage: 'chat',
  category: 'server',
  status: 503,
  attempt: 1,
  retryCount: 0,
  timedOut: false,
  aborted: false,
  connectionLost: false
}
swarm.chat.failure {
  requestId: '07af5f89-d0d4-4cd8-8e7e-239e233119b5',
  durationMs: 16,
  stage: 'plan',
  category: 'rate_limit',
  status: 429,
  attempt: 1,
  retryCount: 0,
  timedOut: false,
  aborted: false,
  connectionLost: false
}
swarm.chat.failure {
  requestId: '2ca4675f-ad66-49ca-8ebc-f2b58f2ccef8',
  durationMs: 21,
  stage: 'review',
  category: 'network',
  status: undefined,
  attempt: 3,
  retryCount: 2,
  timedOut: false,
  aborted: false,
  connectionLost: true
}
swarm.chat.failure {
  requestId: '3df035c8-b825-43dd-afb3-75b088aae952',
  durationMs: 10,
  stage: 'chat',
  category: 'network',
  status: undefined,
  attempt: 1,
  retryCount: 0,
  timedOut: false,
  aborted: false,
  connectionLost: true
}
swarm.chat.failure {
  requestId: '57e0e9bb-6f15-4a35-89a5-2a7f8e30957b',
  durationMs: 12,
  stage: 'plan',
  category: 'server',
  status: 503,
  attempt: 1,
  retryCount: 0,
  timedOut: false,
  aborted: false,
  connectionLost: false
}
swarm.chat.failure {
  requestId: '3e58638b-601a-4f02-b1b2-e9a697e0e1e9',
  durationMs: 14,
  stage: 'chat',
  category: 'rate_limit',
  status: 429,
  attempt: 1,
  retryCount: 0,
  timedOut: false,
  aborted: false,
  connectionLost: false
}
swarm.chat.failure {
  requestId: 'f4bde0ba-8e5d-42fd-bb58-01dce0343dea',
  durationMs: 5,
  stage: 'chat',
  category: 'server',
  status: 503,
  attempt: 1,
  retryCount: 0,
  timedOut: false,
  aborted: false,
  connectionLost: false
}
swarm.chat.failure {
  requestId: '57ce1b37-2125-4b9c-94c8-0053e41c7470',
  durationMs: 11,
  stage: 'plan',
  category: 'rate_limit',
  status: 429,
  attempt: 1,
  retryCount: 0,
  timedOut: false,
  aborted: false,
  connectionLost: false
}
swarm.chat.failure {
  requestId: '089df301-957d-44e7-9dd2-86e7cf631890',
  durationMs: 22,
  stage: 'review',
  category: 'network',
  status: undefined,
  attempt: 3,
  retryCount: 2,
  timedOut: false,
  aborted: false,
  connectionLost: true
}
swarm.chat.failure {
  requestId: '865ee191-d4e4-4055-9dc0-6070216f1161',
  durationMs: 7,
  stage: 'chat',
  category: 'rate_limit',
  status: 429,
  attempt: 1,
  retryCount: 0,
  timedOut: false,
  aborted: false,
  connectionLost: false
}
swarm.chat.failure {
  requestId: '957bb173-3bc7-4965-968e-1aa13c83163d',
  durationMs: 13,
  stage: 'chat',
  category: 'network',
  status: undefined,
  attempt: 1,
  retryCount: 0,
  timedOut: false,
  aborted: false,
  connectionLost: true
}
swarm.chat.failure {
  requestId: 'c97d2468-5dcb-4f06-b838-6ffa712cdf19',
  durationMs: 15,
  stage: 'plan',
  category: 'server',
  status: 503,
  attempt: 1,
  retryCount: 0,
  timedOut: false,
  aborted: false,
  connectionLost: false
}
swarm.chat.failure {
  requestId: '4a566e95-0481-445f-a2c1-56a8a78583fc',
  durationMs: 11,
  stage: 'chat',
  category: 'server',
  status: 503,
  attempt: 1,
  retryCount: 0,
  timedOut: false,
  aborted: false,
  connectionLost: false
}
swarm.chat.failure {
  requestId: '7023232f-91d0-4437-9a57-7b7bf238c98d',
  durationMs: 12,
  stage: 'plan',
  category: 'rate_limit',
  status: 429,
  attempt: 1,
  retryCount: 0,
  timedOut: false,
  aborted: false,
  connectionLost: false
}
swarm.chat.failure {
  requestId: '688f0236-ee44-409b-83e9-70d2076a197d',
  durationMs: 22,
  stage: 'review',
  category: 'network',
  status: undefined,
  attempt: 3,
  retryCount: 2,
  timedOut: false,
  aborted: false,
  connectionLost: true
}
swarm.chat.failure {
  requestId: '15f151b5-6241-4394-a7ab-4124953f1b18',
  durationMs: 9,
  stage: 'plan',
  category: 'server',
  status: 503,
  attempt: 1,
  retryCount: 0,
  timedOut: false,
  aborted: false,
  connectionLost: false
}
swarm.chat.failure {
  requestId: '57431d6c-a7a9-4512-bab5-dd8d835872df',
  durationMs: 12,
  stage: 'chat',
  category: 'network',
  status: undefined,
  attempt: 1,
  retryCount: 0,
  timedOut: false,
  aborted: false,
  connectionLost: true
}
swarm.chat.failure {
  requestId: '421e38ae-0f90-4f3d-98e9-0d6ee39866bb',
  durationMs: 13,
  stage: 'chat',
  category: 'rate_limit',
  status: 429,
  attempt: 1,
  retryCount: 0,
  timedOut: false,
  aborted: false,
  connectionLost: false
}
swarm.chat.failure {
  requestId: 'ce8cb241-a61b-4f0d-8063-3e6fa54f0d9f',
  durationMs: 6,
  stage: 'plan',
  category: 'rate_limit',
  status: 429,
  attempt: 1,
  retryCount: 0,
  timedOut: false,
  aborted: false,
  connectionLost: false
}
swarm.chat.failure {
  requestId: '79fb418e-bab1-45e4-a111-5da61d6be4e7',
  durationMs: 12,
  stage: 'chat',
  category: 'server',
  status: 503,
  attempt: 1,
  retryCount: 0,
  timedOut: false,
  aborted: false,
  connectionLost: false
}
swarm.chat.failure {
  requestId: 'f0fadd61-e333-4229-9497-18ddf037fdb0',
  durationMs: 20,
  stage: 'review',
  category: 'network',
  status: undefined,
  attempt: 3,
  retryCount: 2,
  timedOut: false,
  aborted: false,
  connectionLost: true
}
swarm.chat.failure {
  requestId: 'a5f783d4-b924-4111-a01a-44f1af56bdab',
  durationMs: 7,
  stage: 'plan',
  category: 'server',
  status: 503,
  attempt: 1,
  retryCount: 0,
  timedOut: false,
  aborted: false,
  connectionLost: false
}
swarm.chat.failure {
  requestId: '6f17f755-7a6e-4dfe-98bc-b76a793956e3',
  durationMs: 11,
  stage: 'chat',
  category: 'rate_limit',
  status: 429,
  attempt: 1,
  retryCount: 0,
  timedOut: false,
  aborted: false,
  connectionLost: false
}
swarm.chat.failure {
  requestId: '2cd03313-c842-4ecd-8bf9-025468621f33',
  durationMs: 13,
  stage: 'chat',
  category: 'network',
  status: undefined,
  attempt: 1,
  retryCount: 0,
  timedOut: false,
  aborted: false,
  connectionLost: true
}
swarm.chat.failure {
  requestId: 'fb25e23d-d219-4b5e-ad2f-ee3163487212',
  durationMs: 10,
  stage: 'plan',
  category: 'rate_limit',
  status: 429,
  attempt: 1,
  retryCount: 0,
  timedOut: false,
  aborted: false,
  connectionLost: false
}
swarm.chat.failure {
  requestId: 'c389f8d4-b51d-422e-a457-572ad333faa0',
  durationMs: 14,
  stage: 'chat',
  category: 'server',
  status: 503,
  attempt: 1,
  retryCount: 0,
  timedOut: false,
  aborted: false,
  connectionLost: false
}
swarm.chat.failure {
  requestId: 'e61c0b56-2c11-42de-883f-dd3ad74d9eb0',
  durationMs: 20,
  stage: 'review',
  category: 'network',
  status: undefined,
  attempt: 3,
  retryCount: 2,
  timedOut: false,
  aborted: false,
  connectionLost: true
}
swarm.chat.failure {
  requestId: 'd98ced52-a64e-4017-83d7-d611a7639d1f',
  durationMs: 7,
  stage: 'chat',
  category: 'network',
  status: undefined,
  attempt: 1,
  retryCount: 0,
  timedOut: false,
  aborted: false,
  connectionLost: true
}
swarm.chat.failure {
  requestId: '0259d067-d902-4528-a84a-b3f457ad8097',
  durationMs: 8,
  stage: 'chat',
  category: 'rate_limit',
  status: 429,
  attempt: 1,
  retryCount: 0,
  timedOut: false,
  aborted: false,
  connectionLost: false
}
swarm.chat.failure {
  requestId: '9b4c4c6e-1fea-4dca-bcd6-80d9d8d78f22',
  durationMs: 12,
  stage: 'plan',
  category: 'server',
  status: 503,
  attempt: 1,
  retryCount: 0,
  timedOut: false,
  aborted: false,
  connectionLost: false
}
swarm.chat.failure {
  requestId: 'baee8f22-0b2d-485a-8949-6da4c74659a5',
  durationMs: 7,
  stage: 'chat',
  category: 'server',
  status: 503,
  attempt: 1,
  retryCount: 0,
  timedOut: false,
  aborted: false,
  connectionLost: false
}
swarm.chat.failure {
  requestId: 'ddfbdf06-721c-40d7-b6b2-23df84b028e2',
  durationMs: 12,
  stage: 'plan',
  category: 'rate_limit',
  status: 429,
  attempt: 1,
  retryCount: 0,
  timedOut: false,
  aborted: false,
  connectionLost: false
}
swarm.chat.failure {
  requestId: '994b3775-d998-41a7-bb25-24956f266554',
  durationMs: 28,
  stage: 'review',
  category: 'network',
  status: undefined,
  attempt: 3,
  retryCount: 2,
  timedOut: false,
  aborted: false,
  connectionLost: true
}
swarm.chat.failure {
  requestId: '591eae9b-5fe9-440b-9503-33cfa9075e3a',
  durationMs: 7,
  stage: 'chat',
  category: 'rate_limit',
  status: 429,
  attempt: 1,
  retryCount: 0,
  timedOut: false,
  aborted: false,
  connectionLost: false
}
swarm.chat.failure {
  requestId: 'd17f142f-928e-45f1-a8da-c3dc4f4a43e0',
  durationMs: 10,
  stage: 'chat',
  category: 'network',
  status: undefined,
  attempt: 1,
  retryCount: 0,
  timedOut: false,
  aborted: false,
  connectionLost: true
}
swarm.chat.failure {
  requestId: '11bae989-8b27-4ebe-9603-9697a3725fcf',
  durationMs: 13,
  stage: 'plan',
  category: 'server',
  status: 503,
  attempt: 1,
  retryCount: 0,
  timedOut: false,
  aborted: false,
  connectionLost: false
}
swarm.chat.failure {
  requestId: 'e9054448-53a3-4cd3-ac18-a2518b1e9918',
  durationMs: 10,
  stage: 'chat',
  category: 'server',
  status: 503,
  attempt: 1,
  retryCount: 0,
  timedOut: false,
  aborted: false,
  connectionLost: false
}
swarm.chat.failure {
  requestId: '3a13fd97-91d3-4914-b6b6-47c6d6dfc902',
  durationMs: 11,
  stage: 'plan',
  category: 'rate_limit',
  status: 429,
  attempt: 1,
  retryCount: 0,
  timedOut: false,
  aborted: false,
  connectionLost: false
}
swarm.chat.failure {
  requestId: '95ae5c28-efec-4cac-b2db-18d1723c9c2e',
  durationMs: 19,
  stage: 'review',
  category: 'network',
  status: undefined,
  attempt: 3,
  retryCount: 2,
  timedOut: false,
  aborted: false,
  connectionLost: true
}
swarm.chat.failure {
  requestId: 'd589668d-33bd-4a4b-9cd6-f4af9cbb5d8f',
  durationMs: 7,
  stage: 'chat',
  category: 'network',
  status: undefined,
  attempt: 1,
  retryCount: 0,
  timedOut: false,
  aborted: false,
  connectionLost: true
}
swarm.chat.failure {
  requestId: 'a3f1e5df-7812-4d7e-bee0-f7045f5128f3',
  durationMs: 8,
  stage: 'chat',
  category: 'rate_limit',
  status: 429,
  attempt: 1,
  retryCount: 0,
  timedOut: false,
  aborted: false,
  connectionLost: false
}
swarm.chat.failure {
  requestId: '45e71471-3426-46dc-b63e-3126911aae0e',
  durationMs: 11,
  stage: 'plan',
  category: 'server',
  status: 503,
  attempt: 1,
  retryCount: 0,
  timedOut: false,
  aborted: false,
  connectionLost: false
}
swarm.chat.failure {
  requestId: '975af9ca-0988-4313-bbfd-92462a60d0d6',
  durationMs: 8,
  stage: 'chat',
  category: 'server',
  status: 503,
  attempt: 1,
  retryCount: 0,
  timedOut: false,
  aborted: false,
  connectionLost: false
}
swarm.chat.failure {
  requestId: '2cbf4e8a-f79d-4e51-9503-864f82aa940f',
  durationMs: 12,
  stage: 'plan',
  category: 'rate_limit',
  status: 429,
  attempt: 1,
  retryCount: 0,
  timedOut: false,
  aborted: false,
  connectionLost: false
}
swarm.chat.failure {
  requestId: '923aaa2d-9f29-4bae-9d45-8096b0e1cb4b',
  durationMs: 21,
  stage: 'review',
  category: 'network',
  status: undefined,
  attempt: 3,
  retryCount: 2,
  timedOut: false,
  aborted: false,
  connectionLost: true
}
swarm.chat.failure {
  requestId: 'a7b71122-08df-46d4-a895-c7185831faf9',
  durationMs: 7,
  stage: 'chat',
  category: 'rate_limit',
  status: 429,
  attempt: 1,
  retryCount: 0,
  timedOut: false,
  aborted: false,
  connectionLost: false
}
swarm.chat.failure {
  requestId: '6d55c1c9-cb30-4df2-9adc-55af57625d6f',
  durationMs: 11,
  stage: 'chat',
  category: 'network',
  status: undefined,
  attempt: 1,
  retryCount: 0,
  timedOut: false,
  aborted: false,
  connectionLost: true
}
swarm.chat.failure {
  requestId: 'e0688341-c407-4d72-951d-081d04c65441',
  durationMs: 13,
  stage: 'plan',
  category: 'server',
  status: 503,
  attempt: 1,
  retryCount: 0,
  timedOut: false,
  aborted: false,
  connectionLost: false
}
swarm.chat.failure {
  requestId: 'bb7c4972-b3b4-4690-b410-fd9bb1cdd17b',
  durationMs: 7,
  stage: 'chat',
  category: 'server',
  status: 503,
  attempt: 1,
  retryCount: 0,
  timedOut: false,
  aborted: false,
  connectionLost: false
}
swarm.chat.failure {
  requestId: 'acd7d635-1bf8-4bc5-a26d-9195a6daa3fc',
  durationMs: 18,
  stage: 'plan',
  category: 'rate_limit',
  status: 429,
  attempt: 1,
  retryCount: 0,
  timedOut: false,
  aborted: false,
  connectionLost: false
}
swarm.chat.failure {
  requestId: '64e86f8b-66ae-4a4d-b9af-ef398421ddfb',
  durationMs: 24,
  stage: 'review',
  category: 'network',
  status: undefined,
  attempt: 3,
  retryCount: 2,
  timedOut: false,
  aborted: false,
  connectionLost: true
}
swarm.chat.failure {
  requestId: '45351b38-14de-425f-a64f-5f8379382a8b',
  durationMs: 5,
  stage: 'chat',
  category: 'network',
  status: undefined,
  attempt: 1,
  retryCount: 0,
  timedOut: false,
  aborted: false,
  connectionLost: true
}
swarm.chat.failure {
  requestId: '2eee7afd-cdb0-4c7e-a559-faf8a7135539',
  durationMs: 8,
  stage: 'chat',
  category: 'rate_limit',
  status: 429,
  attempt: 1,
  retryCount: 0,
  timedOut: false,
  aborted: false,
  connectionLost: false
}
swarm.chat.failure {
  requestId: '81050388-1635-4331-9061-f49edfdf77a5',
  durationMs: 11,
  stage: 'plan',
  category: 'server',
  status: 503,
  attempt: 1,
  retryCount: 0,
  timedOut: false,
  aborted: false,
  connectionLost: false
}
swarm.chat.failure {
  requestId: '11628749-1698-4d46-bbdc-7ba2fe4bcfe5',
  durationMs: 10,
  stage: 'chat',
  category: 'server',
  status: 503,
  attempt: 1,
  retryCount: 0,
  timedOut: false,
  aborted: false,
  connectionLost: false
}
swarm.chat.failure {
  requestId: '4d8f5e00-fd88-48f4-829f-9aa28c057145',
  durationMs: 13,
  stage: 'plan',
  category: 'rate_limit',
  status: 429,
  attempt: 1,
  retryCount: 0,
  timedOut: false,
  aborted: false,
  connectionLost: false
}
swarm.chat.failure {
  requestId: 'b35e1e2e-eff8-4a39-9a50-c726ff46bed3',
  durationMs: 24,
  stage: 'review',
  category: 'network',
  status: undefined,
  attempt: 3,
  retryCount: 2,
  timedOut: false,
  aborted: false,
  connectionLost: true
}
swarm.chat.failure {
  requestId: '46e2bb1f-fd30-4c6e-9119-aea994976872',
  durationMs: 7,
  stage: 'chat',
  category: 'rate_limit',
  status: 429,
  attempt: 1,
  retryCount: 0,
  timedOut: false,
  aborted: false,
  connectionLost: false
}
swarm.chat.failure {
  requestId: '582582c2-3ee7-41d6-859f-77a00c43a476',
  durationMs: 13,
  stage: 'chat',
  category: 'network',
  status: undefined,
  attempt: 1,
  retryCount: 0,
  timedOut: false,
  aborted: false,
  connectionLost: true
}
swarm.chat.failure {
  requestId: '8734be8f-aa90-458d-98ea-628776e33b6f',
  durationMs: 16,
  stage: 'plan',
  category: 'server',
  status: 503,
  attempt: 1,
  retryCount: 0,
  timedOut: false,
  aborted: false,
  connectionLost: false
}
swarm.chat.failure {
  requestId: '32089d17-cfdb-4117-8d29-c0409729dcfa',
  durationMs: 11,
  stage: 'chat',
  category: 'server',
  status: 503,
  attempt: 1,
  retryCount: 0,
  timedOut: false,
  aborted: false,
  connectionLost: false
}
swarm.chat.failure {
  requestId: '07f45991-f058-4285-8b16-ae2b557aebae',
  durationMs: 15,
  stage: 'plan',
  category: 'rate_limit',
  status: 429,
  attempt: 1,
  retryCount: 0,
  timedOut: false,
  aborted: false,
  connectionLost: false
}
swarm.chat.failure {
  requestId: '543d9eb1-67c6-4b12-a8f5-a911e725289f',
  durationMs: 25,
  stage: 'review',
  category: 'network',
  status: undefined,
  attempt: 3,
  retryCount: 2,
  timedOut: false,
  aborted: false,
  connectionLost: true
}
swarm.chat.failure {
  requestId: '8612c308-7d9f-4dc8-9b99-b3f64f3c4495',
  durationMs: 6,
  stage: 'chat',
  category: 'network',
  status: undefined,
  attempt: 1,
  retryCount: 0,
  timedOut: false,
  aborted: false,
  connectionLost: true
}
swarm.chat.failure {
  requestId: '8409a7f9-1d53-44ca-b936-14db52705e6e',
  durationMs: 11,
  stage: 'plan',
  category: 'server',
  status: 503,
  attempt: 1,
  retryCount: 0,
  timedOut: false,
  aborted: false,
  connectionLost: false
}
swarm.chat.failure {
  requestId: '5717af07-23f5-4af2-b159-e33043511c40',
  durationMs: 13,
  stage: 'chat',
  category: 'rate_limit',
  status: 429,
  attempt: 1,
  retryCount: 0,
  timedOut: false,
  aborted: false,
  connectionLost: false
}
swarm.chat.failure {
  requestId: '6ad440fb-94e6-4ff4-9afc-b452f1a319d2',
  durationMs: 10,
  stage: 'chat',
  category: 'server',
  status: 503,
  attempt: 1,
  retryCount: 0,
  timedOut: false,
  aborted: false,
  connectionLost: false
}
swarm.chat.failure {
  requestId: '10f48e60-d4dc-4975-9a57-700dbbdd9d3e',
  durationMs: 15,
  stage: 'plan',
  category: 'rate_limit',
  status: 429,
  attempt: 1,
  retryCount: 0,
  timedOut: false,
  aborted: false,
  connectionLost: false
}
swarm.chat.failure {
  requestId: '524ecd4b-1d8f-4ffe-819f-15df61fc9a5f',
  durationMs: 24,
  stage: 'review',
  category: 'network',
  status: undefined,
  attempt: 3,
  retryCount: 2,
  timedOut: false,
  aborted: false,
  connectionLost: true
}
swarm.chat.failure {
  requestId: 'fc7f2048-da4a-45b1-8122-75f3d66abfe8',
  durationMs: 9,
  stage: 'chat',
  category: 'rate_limit',
  status: 429,
  attempt: 1,
  retryCount: 0,
  timedOut: false,
  aborted: false,
  connectionLost: false
}
swarm.chat.failure {
  requestId: '8800de43-73bd-4d05-b0cb-7ecc50a5698f',
  durationMs: 11,
  stage: 'chat',
  category: 'network',
  status: undefined,
  attempt: 1,
  retryCount: 0,
  timedOut: false,
  aborted: false,
  connectionLost: true
}
swarm.chat.failure {
  requestId: '95f6b4e2-5bc8-4182-97c8-742fff71aaa6',
  durationMs: 13,
  stage: 'plan',
  category: 'server',
  status: 503,
  attempt: 1,
  retryCount: 0,
  timedOut: false,
  aborted: false,
  connectionLost: false
}
swarm.chat.failure {
  requestId: 'e6bbd19a-a261-4583-9a94-9f1dae1dc4a8',
  durationMs: 11,
  stage: 'chat',
  category: 'server',
  status: 503,
  attempt: 1,
  retryCount: 0,
  timedOut: false,
  aborted: false,
  connectionLost: false
}
swarm.chat.failure {
  requestId: 'ee8e0e80-4308-4c20-adbd-a17f02ddebf5',
  durationMs: 13,
  stage: 'plan',
  category: 'rate_limit',
  status: 429,
  attempt: 1,
  retryCount: 0,
  timedOut: false,
  aborted: false,
  connectionLost: false
}
swarm.chat.failure {
  requestId: 'e4a7469a-18d1-4175-b3b9-c0bc040ae278',
  durationMs: 21,
  stage: 'review',
  category: 'network',
  status: undefined,
  attempt: 3,
  retryCount: 2,
  timedOut: false,
  aborted: false,
  connectionLost: true
}
swarm.chat.failure {
  requestId: '4b90c571-ac39-4904-99d5-8240fa6694ae',
  durationMs: 6,
  stage: 'chat',
  category: 'network',
  status: undefined,
  attempt: 1,
  retryCount: 0,
  timedOut: false,
  aborted: false,
  connectionLost: true
}
swarm.chat.failure {
  requestId: 'db0d6939-9877-4878-a591-b11ce3f0abd5',
  durationMs: 13,
  stage: 'plan',
  category: 'server',
  status: 503,
  attempt: 1,
  retryCount: 0,
  timedOut: false,
  aborted: false,
  connectionLost: false
}
swarm.chat.failure {
  requestId: '5aa604a6-0926-4a87-82b9-af1f3edf7526',
  durationMs: 15,
  stage: 'chat',
  category: 'rate_limit',
  status: 429,
  attempt: 1,
  retryCount: 0,
  timedOut: false,
  aborted: false,
  connectionLost: false
}
swarm.chat.failure {
  requestId: '5496e39e-2c37-455b-be4c-e18000a51798',
  durationMs: 6,
  stage: 'chat',
  category: 'server',
  status: 503,
  attempt: 1,
  retryCount: 0,
  timedOut: false,
  aborted: false,
  connectionLost: false
}
swarm.chat.failure {
  requestId: '4005cce0-1f97-4ba5-8dda-bc165402bb04',
  durationMs: 8,
  stage: 'plan',
  category: 'rate_limit',
  status: 429,
  attempt: 1,
  retryCount: 0,
  timedOut: false,
  aborted: false,
  connectionLost: false
}
swarm.chat.failure {
  requestId: 'fb15815b-a589-4153-a6df-d4f828924cf5',
  durationMs: 22,
  stage: 'review',
  category: 'network',
  status: undefined,
  attempt: 3,
  retryCount: 2,
  timedOut: false,
  aborted: false,
  connectionLost: true
}
swarm.chat.failure {
  requestId: '14477bbf-fa87-403a-a132-c6e133dec07d',
  durationMs: 8,
  stage: 'chat',
  category: 'rate_limit',
  status: 429,
  attempt: 1,
  retryCount: 0,
  timedOut: false,
  aborted: false,
  connectionLost: false
}
swarm.chat.failure {
  requestId: '9d943402-6001-4797-a4fe-0489b3f773e8',
  durationMs: 11,
  stage: 'chat',
  category: 'network',
  status: undefined,
  attempt: 1,
  retryCount: 0,
  timedOut: false,
  aborted: false,
  connectionLost: true
}
swarm.chat.failure {
  requestId: '2473eacf-3c55-4307-bffa-1b33acb3eebe',
  durationMs: 14,
  stage: 'plan',
  category: 'server',
  status: 503,
  attempt: 1,
  retryCount: 0,
  timedOut: false,
  aborted: false,
  connectionLost: false
}
swarm.chat.failure {
  requestId: '084194dc-2d51-4b6d-9e3d-284e1b567270',
  durationMs: 9,
  stage: 'chat',
  category: 'server',
  status: 503,
  attempt: 1,
  retryCount: 0,
  timedOut: false,
  aborted: false,
  connectionLost: false
}
swarm.chat.failure {
  requestId: 'dcecad27-9895-4fea-a27d-4c8d9978c534',
  durationMs: 12,
  stage: 'plan',
  category: 'rate_limit',
  status: 429,
  attempt: 1,
  retryCount: 0,
  timedOut: false,
  aborted: false,
  connectionLost: false
}
swarm.chat.failure {
  requestId: 'd9650022-ba63-4fa8-82b6-c684e453763e',
  durationMs: 20,
  stage: 'review',
  category: 'network',
  status: undefined,
  attempt: 3,
  retryCount: 2,
  timedOut: false,
  aborted: false,
  connectionLost: true
}
swarm.chat.failure {
  requestId: 'c044f62e-d94b-4e50-a6e2-0c815744e6fd',
  durationMs: 7,
  stage: 'plan',
  category: 'server',
  status: 503,
  attempt: 1,
  retryCount: 0,
  timedOut: false,
  aborted: false,
  connectionLost: false
}
swarm.chat.failure {
  requestId: 'd993e2bd-3a5b-463d-ac71-10abab54be65',
  durationMs: 11,
  stage: 'chat',
  category: 'network',
  status: undefined,
  attempt: 1,
  retryCount: 0,
  timedOut: false,
  aborted: false,
  connectionLost: true
}
swarm.chat.failure {
  requestId: 'f06ab535-d4b7-4ff9-bb3b-a3615c43348c',
  durationMs: 14,
  stage: 'chat',
  category: 'rate_limit',
  status: 429,
  attempt: 1,
  retryCount: 0,
  timedOut: false,
  aborted: false,
  connectionLost: false
}
swarm.chat.failure {
  requestId: 'af6ec3ce-87a9-4371-98bf-06f1052afcea',
  durationMs: 7,
  stage: 'plan',
  category: 'rate_limit',
  status: 429,
  attempt: 1,
  retryCount: 0,
  timedOut: false,
  aborted: false,
  connectionLost: false
}
swarm.chat.failure {
  requestId: '7b28c48f-2916-4afe-865f-c90582f2fb78',
  durationMs: 13,
  stage: 'chat',
  category: 'server',
  status: 503,
  attempt: 1,
  retryCount: 0,
  timedOut: false,
  aborted: false,
  connectionLost: false
}
swarm.chat.failure {
  requestId: '559df181-2475-4342-b196-7592c0be2a94',
  durationMs: 34,
  stage: 'review',
  category: 'network',
  status: undefined,
  attempt: 3,
  retryCount: 2,
  timedOut: false,
  aborted: false,
  connectionLost: true
}
swarm.chat.failure {
  requestId: 'da3e9f62-eddc-42bf-aa61-a3a53337ecad',
  durationMs: 7,
  stage: 'chat',
  category: 'rate_limit',
  status: 429,
  attempt: 1,
  retryCount: 0,
  timedOut: false,
  aborted: false,
  connectionLost: false
}
swarm.chat.failure {
  requestId: '7c593a55-cc8b-4b45-b691-c20db4a7197c',
  durationMs: 8,
  stage: 'plan',
  category: 'server',
  status: 503,
  attempt: 1,
  retryCount: 0,
  timedOut: false,
  aborted: false,
  connectionLost: false
}
swarm.chat.failure {
  requestId: 'ee786e16-a654-4266-a70c-46d4753921ef',
  durationMs: 15,
  stage: 'chat',
  category: 'network',
  status: undefined,
  attempt: 1,
  retryCount: 0,
  timedOut: false,
  aborted: false,
  connectionLost: true
}
swarm.chat.failure {
  requestId: 'b746a38b-88f8-4843-ab08-667b142004f2',
  durationMs: 9,
  stage: 'chat',
  category: 'server',
  status: 503,
  attempt: 1,
  retryCount: 0,
  timedOut: false,
  aborted: false,
  connectionLost: false
}
swarm.chat.failure {
  requestId: '95b23298-a7d6-44e1-8187-d509c5afb564',
  durationMs: 13,
  stage: 'plan',
  category: 'rate_limit',
  status: 429,
  attempt: 1,
  retryCount: 0,
  timedOut: false,
  aborted: false,
  connectionLost: false
}
swarm.chat.failure {
  requestId: '7a6369b7-2b2a-4df0-9f9d-5a13305a1d8a',
  durationMs: 24,
  stage: 'review',
  category: 'network',
  status: undefined,
  attempt: 3,
  retryCount: 2,
  timedOut: false,
  aborted: false,
  connectionLost: true
}
swarm.chat.failure {
  requestId: '1c76a7a1-3654-444c-8245-3df2e9396b2e',
  durationMs: 6,
  stage: 'chat',
  category: 'network',
  status: undefined,
  attempt: 1,
  retryCount: 0,
  timedOut: false,
  aborted: false,
  connectionLost: true
}
swarm.chat.failure {
  requestId: '5fe84009-0cc7-4ee3-be57-851e7540e655',
  durationMs: 7,
  stage: 'chat',
  category: 'rate_limit',
  status: 429,
  attempt: 1,
  retryCount: 0,
  timedOut: false,
  aborted: false,
  connectionLost: false
}
swarm.chat.failure {
  requestId: 'ec09417e-6fc7-4c6a-a415-be09fee973ed',
  durationMs: 11,
  stage: 'plan',
  category: 'server',
  status: 503,
  attempt: 1,
  retryCount: 0,
  timedOut: false,
  aborted: false,
  connectionLost: false
}
swarm.chat.failure {
  requestId: '4b0e2e9c-d2ea-4a79-bf3b-5ec801fef6f4',
  durationMs: 8,
  stage: 'chat',
  category: 'server',
  status: 503,
  attempt: 1,
  retryCount: 0,
  timedOut: false,
  aborted: false,
  connectionLost: false
}
swarm.chat.failure {
  requestId: '025940d6-a7f9-4a23-89b3-40d223a8ae75',
  durationMs: 15,
  stage: 'plan',
  category: 'rate_limit',
  status: 429,
  attempt: 1,
  retryCount: 0,
  timedOut: false,
  aborted: false,
  connectionLost: false
}
swarm.chat.failure {
  requestId: 'd4f173d8-22e9-4f79-8c50-1bb421fbdbc9',
  durationMs: 24,
  stage: 'review',
  category: 'network',
  status: undefined,
  attempt: 3,
  retryCount: 2,
  timedOut: false,
  aborted: false,
  connectionLost: true
}
swarm.chat.failure {
  requestId: '75e07cb4-c497-4e58-877f-1eb190b9e3fb',
  durationMs: 8,
  stage: 'chat',
  category: 'rate_limit',
  status: 429,
  attempt: 1,
  retryCount: 0,
  timedOut: false,
  aborted: false,
  connectionLost: false
}
swarm.chat.failure {
  requestId: '9881f857-26fe-4cb7-b7fa-6de3dee09747',
  durationMs: 9,
  stage: 'chat',
  category: 'network',
  status: undefined,
  attempt: 1,
  retryCount: 0,
  timedOut: false,
  aborted: false,
  connectionLost: true
}
swarm.chat.failure {
  requestId: '2b47d3f6-df7e-4b55-85ca-c48b586af965',
  durationMs: 13,
  stage: 'plan',
  category: 'server',
  status: 503,
  attempt: 1,
  retryCount: 0,
  timedOut: false,
  aborted: false,
  connectionLost: false
}
swarm.chat.failure {
  requestId: '0acf5eed-9c08-4c17-b0be-fd45269e6e76',
  durationMs: 9,
  stage: 'chat',
  category: 'server',
  status: 503,
  attempt: 1,
  retryCount: 0,
  timedOut: false,
  aborted: false,
  connectionLost: false
}
swarm.chat.failure {
  requestId: '3bac3aee-45fe-4228-ba71-e40e0c584c6b',
  durationMs: 12,
  stage: 'plan',
  category: 'rate_limit',
  status: 429,
  attempt: 1,
  retryCount: 0,
  timedOut: false,
  aborted: false,
  connectionLost: false
}
swarm.chat.failure {
  requestId: '4c8005fe-d5f9-47a3-86ed-6c7f35e85057',
  durationMs: 23,
  stage: 'review',
  category: 'network',
  status: undefined,
  attempt: 3,
  retryCount: 2,
  timedOut: false,
  aborted: false,
  connectionLost: true
}
swarm.chat.failure {
  requestId: '5965fef0-3c2a-4eb6-a1ca-ef440d25a015',
  durationMs: 7,
  stage: 'chat',
  category: 'network',
  status: undefined,
  attempt: 1,
  retryCount: 0,
  timedOut: false,
  aborted: false,
  connectionLost: true
}
swarm.chat.failure {
  requestId: '8e30d44f-2828-4581-a48e-42e1c6137b5a',
  durationMs: 11,
  stage: 'plan',
  category: 'server',
  status: 503,
  attempt: 1,
  retryCount: 0,
  timedOut: false,
  aborted: false,
  connectionLost: false
}
swarm.chat.failure {
  requestId: 'a644f7e8-ef7a-48a7-9ebb-8f70346e56ed',
  durationMs: 14,
  stage: 'chat',
  category: 'rate_limit',
  status: 429,
  attempt: 1,
  retryCount: 0,
  timedOut: false,
  aborted: false,
  connectionLost: false
}
swarm.chat.failure {
  requestId: 'b2cb937d-c06a-490c-beb9-08ddaa5721a1',
  durationMs: 5,
  stage: 'chat',
  category: 'server',
  status: 503,
  attempt: 1,
  retryCount: 0,
  timedOut: false,
  aborted: false,
  connectionLost: false
}
swarm.chat.failure {
  requestId: 'a7f7e84c-1cde-43be-a0cc-fedf89708305',
  durationMs: 11,
  stage: 'plan',
  category: 'rate_limit',
  status: 429,
  attempt: 1,
  retryCount: 0,
  timedOut: false,
  aborted: false,
  connectionLost: false
}
swarm.chat.failure {
  requestId: 'c1d8ed8e-b1ed-405f-9564-043326aefd78',
  durationMs: 21,
  stage: 'review',
  category: 'network',
  status: undefined,
  attempt: 3,
  retryCount: 2,
  timedOut: false,
  aborted: false,
  connectionLost: true
}
swarm.chat.failure {
  requestId: '8251119c-cc24-4420-9112-138ce15f0101',
  durationMs: 8,
  stage: 'chat',
  category: 'rate_limit',
  status: 429,
  attempt: 1,
  retryCount: 0,
  timedOut: false,
  aborted: false,
  connectionLost: false
}
swarm.chat.failure {
  requestId: 'cf1334df-eac6-48cc-85d8-634a6f774406',
  durationMs: 9,
  stage: 'chat',
  category: 'network',
  status: undefined,
  attempt: 1,
  retryCount: 0,
  timedOut: false,
  aborted: false,
  connectionLost: true
}
swarm.chat.failure {
  requestId: '879c582f-b23d-4fab-bdc9-dc238c27fdbe',
  durationMs: 12,
  stage: 'plan',
  category: 'server',
  status: 503,
  attempt: 1,
  retryCount: 0,
  timedOut: false,
  aborted: false,
  connectionLost: false
}
swarm.chat.failure {
  requestId: '5d0d2afe-1623-4703-af50-cbe75b95baf3',
  durationMs: 13,
  stage: 'chat',
  category: 'server',
  status: 503,
  attempt: 1,
  retryCount: 0,
  timedOut: false,
  aborted: false,
  connectionLost: false
}
swarm.chat.failure {
  requestId: 'e6f64a1d-1c54-4aae-a78f-f1d915ee28be',
  durationMs: 16,
  stage: 'plan',
  category: 'rate_limit',
  status: 429,
  attempt: 1,
  retryCount: 0,
  timedOut: false,
  aborted: false,
  connectionLost: false
}
swarm.chat.failure {
  requestId: '88f763d2-5b4d-4e18-80ef-e214d187b146',
  durationMs: 25,
  stage: 'review',
  category: 'network',
  status: undefined,
  attempt: 3,
  retryCount: 2,
  timedOut: false,
  aborted: false,
  connectionLost: true
}
swarm.chat.failure {
  requestId: '5a2dfd6f-ce28-4429-a30f-e41a6cd7d8e9',
  durationMs: 6,
  stage: 'plan',
  category: 'server',
  status: 503,
  attempt: 1,
  retryCount: 0,
  timedOut: false,
  aborted: false,
  connectionLost: false
}
swarm.chat.failure {
  requestId: '30490f35-6d01-4b80-9b32-0f133e76b6ac',
  durationMs: 9,
  stage: 'chat',
  category: 'network',
  status: undefined,
  attempt: 1,
  retryCount: 0,
  timedOut: false,
  aborted: false,
  connectionLost: true
}
swarm.chat.failure {
  requestId: '9512bf7a-6884-48b8-8a67-f6cf32665d61',
  durationMs: 11,
  stage: 'chat',
  category: 'rate_limit',
  status: 429,
  attempt: 1,
  retryCount: 0,
  timedOut: false,
  aborted: false,
  connectionLost: false
}
swarm.chat.failure {
  requestId: '33f0e47c-87cb-4940-a1d6-0be9ca752581',
  durationMs: 6,
  stage: 'plan',
  category: 'rate_limit',
  status: 429,
  attempt: 1,
  retryCount: 0,
  timedOut: false,
  aborted: false,
  connectionLost: false
}
swarm.chat.failure {
  requestId: '9b67cb28-bfe4-4e8b-bd4d-12a845956c36',
  durationMs: 13,
  stage: 'chat',
  category: 'server',
  status: 503,
  attempt: 1,
  retryCount: 0,
  timedOut: false,
  aborted: false,
  connectionLost: false
}
swarm.chat.failure {
  requestId: '960f544c-155d-46cc-a178-3f9d4b10b97c',
  durationMs: 24,
  stage: 'review',
  category: 'network',
  status: undefined,
  attempt: 3,
  retryCount: 2,
  timedOut: false,
  aborted: false,
  connectionLost: true
}
swarm.chat.failure {
  requestId: 'cbeb0638-0d05-45af-87f9-0c7d3fcc5c2f',
  durationMs: 13,
  stage: 'plan',
  category: 'server',
  status: 503,
  attempt: 1,
  retryCount: 0,
  timedOut: false,
  aborted: false,
  connectionLost: false
}
swarm.chat.failure {
  requestId: '1aac643e-729d-421e-ba44-8f2d15318d22',
  durationMs: 17,
  stage: 'chat',
  category: 'rate_limit',
  status: 429,
  attempt: 1,
  retryCount: 0,
  timedOut: false,
  aborted: false,
  connectionLost: false
}
swarm.chat.failure {
  requestId: '113cebd3-a516-4a01-aa76-e1d2c38ce605',
  durationMs: 19,
  stage: 'chat',
  category: 'network',
  status: undefined,
  attempt: 1,
  retryCount: 0,
  timedOut: false,
  aborted: false,
  connectionLost: true
}
swarm.chat.failure {
  requestId: '3292365e-4935-4908-ac80-ba89de293a8b',
  durationMs: 8,
  stage: 'plan',
  category: 'rate_limit',
  status: 429,
  attempt: 1,
  retryCount: 0,
  timedOut: false,
  aborted: false,
  connectionLost: false
}
swarm.chat.failure {
  requestId: '3f00574a-19e6-49b4-aea2-f14c2594ef2e',
  durationMs: 11,
  stage: 'chat',
  category: 'server',
  status: 503,
  attempt: 1,
  retryCount: 0,
  timedOut: false,
  aborted: false,
  connectionLost: false
}
swarm.chat.failure {
  requestId: 'b3fc83c4-11f7-41ae-8767-725bb1cd3e86',
  durationMs: 16,
  stage: 'review',
  category: 'network',
  status: undefined,
  attempt: 3,
  retryCount: 2,
  timedOut: false,
  aborted: false,
  connectionLost: true
}
swarm.chat.failure {
  requestId: 'ee01e874-5f9e-4c57-985a-49a1a79bc9ee',
  durationMs: 7,
  stage: 'chat',
  category: 'network',
  status: undefined,
  attempt: 1,
  retryCount: 0,
  timedOut: false,
  aborted: false,
  connectionLost: true
}
swarm.chat.failure {
  requestId: '95902dd3-a84b-4f1f-8da8-2697566ef89f',
  durationMs: 10,
  stage: 'chat',
  category: 'rate_limit',
  status: 429,
  attempt: 1,
  retryCount: 0,
  timedOut: false,
  aborted: false,
  connectionLost: false
}
swarm.chat.failure {
  requestId: '8b0f4154-a25d-4ae9-bd90-a7437b469ab4',
  durationMs: 13,
  stage: 'plan',
  category: 'server',
  status: 503,
  attempt: 1,
  retryCount: 0,
  timedOut: false,
  aborted: false,
  connectionLost: false
}
swarm.chat.failure {
  requestId: '57ae11af-120f-43b9-83db-6896a1186de1',
  durationMs: 7,
  stage: 'chat',
  category: 'server',
  status: 503,
  attempt: 1,
  retryCount: 0,
  timedOut: false,
  aborted: false,
  connectionLost: false
}
swarm.chat.failure {
  requestId: '1850a76a-1a8f-43f1-8eac-8c17a129bc50',
  durationMs: 16,
  stage: 'plan',
  category: 'rate_limit',
  status: 429,
  attempt: 1,
  retryCount: 0,
  timedOut: false,
  aborted: false,
  connectionLost: false
}
swarm.chat.failure {
  requestId: '6bc34873-7cfe-49a5-87a7-bd89ccac1edc',
  durationMs: 23,
  stage: 'review',
  category: 'network',
  status: undefined,
  attempt: 3,
  retryCount: 2,
  timedOut: false,
  aborted: false,
  connectionLost: true
}
swarm.chat.failure {
  requestId: '0615819c-5a2e-4efa-9ff3-614b2cbf01a8',
  durationMs: 5,
  stage: 'chat',
  category: 'rate_limit',
  status: 429,
  attempt: 1,
  retryCount: 0,
  timedOut: false,
  aborted: false,
  connectionLost: false
}
swarm.chat.failure {
  requestId: '1497a420-8617-404e-9765-6ef8fd5509a5',
  durationMs: 8,
  stage: 'chat',
  category: 'network',
  status: undefined,
  attempt: 1,
  retryCount: 0,
  timedOut: false,
  aborted: false,
  connectionLost: true
}
swarm.chat.failure {
  requestId: 'e1089d50-f373-4b4e-9cd3-d2b238df624d',
  durationMs: 11,
  stage: 'plan',
  category: 'server',
  status: 503,
  attempt: 1,
  retryCount: 0,
  timedOut: false,
  aborted: false,
  connectionLost: false
}
swarm.chat.failure {
  requestId: '48a15735-2d79-4ee9-8d99-85ade125f24f',
  durationMs: 12,
  stage: 'chat',
  category: 'server',
  status: 503,
  attempt: 1,
  retryCount: 0,
  timedOut: false,
  aborted: false,
  connectionLost: false
}
swarm.chat.failure {
  requestId: '3d9782ab-bcb2-4993-a3fd-f623837d5383',
  durationMs: 14,
  stage: 'plan',
  category: 'rate_limit',
  status: 429,
  attempt: 1,
  retryCount: 0,
  timedOut: false,
  aborted: false,
  connectionLost: false
}
swarm.chat.failure {
  requestId: '7fe0cd77-2286-407f-b463-9c424ac5f402',
  durationMs: 23,
  stage: 'review',
  category: 'network',
  status: undefined,
  attempt: 3,
  retryCount: 2,
  timedOut: false,
  aborted: false,
  connectionLost: true
}
swarm.chat.failure {
  requestId: '6b14b273-dbc7-4859-92a3-d1c57d2054f7',
  durationMs: 7,
  stage: 'plan',
  category: 'server',
  status: 503,
  attempt: 1,
  retryCount: 0,
  timedOut: false,
  aborted: false,
  connectionLost: false
}
swarm.chat.failure {
  requestId: '76e05f97-3616-41ef-8027-4c2c8a7a9e88',
  durationMs: 9,
  stage: 'chat',
  category: 'network',
  status: undefined,
  attempt: 1,
  retryCount: 0,
  timedOut: false,
  aborted: false,
  connectionLost: true
}
swarm.chat.failure {
  requestId: '081ff6ad-e079-4427-a406-b6c857524475',
  durationMs: 11,
  stage: 'chat',
  category: 'rate_limit',
  status: 429,
  attempt: 1,
  retryCount: 0,
  timedOut: false,
  aborted: false,
  connectionLost: false
}
swarm.chat.failure {
  requestId: 'e3fd392e-7769-42fa-9e91-0a9380399180',
  durationMs: 11,
  stage: 'plan',
  category: 'rate_limit',
  status: 429,
  attempt: 1,
  retryCount: 0,
  timedOut: false,
  aborted: false,
  connectionLost: false
}
swarm.chat.failure {
  requestId: 'e60438f1-4458-4e88-a7ef-3aa4b7d09faa',
  durationMs: 15,
  stage: 'chat',
  category: 'server',
  status: 503,
  attempt: 1,
  retryCount: 0,
  timedOut: false,
  aborted: false,
  connectionLost: false
}
swarm.chat.failure {
  requestId: 'd0f5e794-513f-4932-9e63-42db326f484f',
  durationMs: 25,
  stage: 'review',
  category: 'network',
  status: undefined,
  attempt: 3,
  retryCount: 2,
  timedOut: false,
  aborted: false,
  connectionLost: true
}
swarm.chat.failure {
  requestId: '3fe7760e-2ffb-4e65-af7e-3d9aec4c29c2',
  durationMs: 5,
  stage: 'chat',
  category: 'rate_limit',
  status: 429,
  attempt: 1,
  retryCount: 0,
  timedOut: false,
  aborted: false,
  connectionLost: false
}
swarm.chat.failure {
  requestId: 'bd99d04b-35a0-4a48-b5c0-822cce9179dd',
  durationMs: 8,
  stage: 'chat',
  category: 'network',
  status: undefined,
  attempt: 1,
  retryCount: 0,
  timedOut: false,
  aborted: false,
  connectionLost: true
}
swarm.chat.failure {
  requestId: '83e3f182-e9d7-40e5-931f-600f9c71ba4c',
  durationMs: 12,
  stage: 'plan',
  category: 'server',
  status: 503,
  attempt: 1,
  retryCount: 0,
  timedOut: false,
  aborted: false,
  connectionLost: false
}
swarm.chat.failure {
  requestId: 'ed15fe09-d20f-46de-a705-7f84b74bbd10',
  durationMs: 10,
  stage: 'chat',
  category: 'server',
  status: 503,
  attempt: 1,
  retryCount: 0,
  timedOut: false,
  aborted: false,
  connectionLost: false
}
swarm.chat.failure {
  requestId: 'c02b1c7b-e17b-4e08-9586-fe02a8b575ec',
  durationMs: 13,
  stage: 'plan',
  category: 'rate_limit',
  status: 429,
  attempt: 1,
  retryCount: 0,
  timedOut: false,
  aborted: false,
  connectionLost: false
}
swarm.chat.failure {
  requestId: 'b4d209ba-75c5-400b-acda-73c06393842f',
  durationMs: 16,
  stage: 'review',
  category: 'network',
  status: undefined,
  attempt: 3,
  retryCount: 2,
  timedOut: false,
  aborted: false,
  connectionLost: true
}
swarm.chat.failure {
  requestId: '3970d429-b184-4a16-b7ca-a18d349eb058',
  durationMs: 5,
  stage: 'plan',
  category: 'server',
  status: 503,
  attempt: 1,
  retryCount: 0,
  timedOut: false,
  aborted: false,
  connectionLost: false
}
swarm.chat.failure {
  requestId: '3bddaadd-ddc5-4dfb-82d2-f4218a25fab0',
  durationMs: 8,
  stage: 'chat',
  category: 'rate_limit',
  status: 429,
  attempt: 1,
  retryCount: 0,
  timedOut: false,
  aborted: false,
  connectionLost: false
}
swarm.chat.failure {
  requestId: '26422fdc-065a-42a1-aff4-ec47490d9943',
  durationMs: 10,
  stage: 'chat',
  category: 'network',
  status: undefined,
  attempt: 1,
  retryCount: 0,
  timedOut: false,
  aborted: false,
  connectionLost: true
}
swarm.chat.failure {
  requestId: 'd40ce5d6-96ac-4e21-9295-b0b3bddcf17c',
  durationMs: 5,
  stage: 'plan',
  category: 'rate_limit',
  status: 429,
  attempt: 1,
  retryCount: 0,
  timedOut: false,
  aborted: false,
  connectionLost: false
}
swarm.chat.failure {
  requestId: 'e8cbc0eb-219a-4c81-b48a-3ee5b297746a',
  durationMs: 11,
  stage: 'chat',
  category: 'server',
  status: 503,
  attempt: 1,
  retryCount: 0,
  timedOut: false,
  aborted: false,
  connectionLost: false
}
swarm.chat.failure {
  requestId: '87099b20-964d-48a9-b974-dd14fcd6c089',
  durationMs: 17,
  stage: 'review',
  category: 'network',
  status: undefined,
  attempt: 3,
  retryCount: 2,
  timedOut: false,
  aborted: false,
  connectionLost: true
}
swarm.chat.failure {
  requestId: 'a4691fc1-1f9a-47ad-81a0-797351b8d673',
  durationMs: 6,
  stage: 'chat',
  category: 'rate_limit',
  status: 429,
  attempt: 1,
  retryCount: 0,
  timedOut: false,
  aborted: false,
  connectionLost: false
}
swarm.chat.failure {
  requestId: '469f3f34-8254-49e7-9811-f174799cec1d',
  durationMs: 9,
  stage: 'chat',
  category: 'network',
  status: undefined,
  attempt: 1,
  retryCount: 0,
  timedOut: false,
  aborted: false,
  connectionLost: true
}
swarm.chat.failure {
  requestId: '6c02cede-becf-4192-93f6-48b4b1a605fe',
  durationMs: 12,
  stage: 'plan',
  category: 'server',
  status: 503,
  attempt: 1,
  retryCount: 0,
  timedOut: false,
  aborted: false,
  connectionLost: false
}
swarm.chat.failure {
  requestId: 'dad1e177-4976-4f63-8d2c-51f300ace011',
  durationMs: 13,
  stage: 'chat',
  category: 'server',
  status: 503,
  attempt: 1,
  retryCount: 0,
  timedOut: false,
  aborted: false,
  connectionLost: false
}
swarm.chat.failure {
  requestId: '00cd2f17-27e7-4684-9168-90bcef0fd699',
  durationMs: 17,
  stage: 'plan',
  category: 'rate_limit',
  status: 429,
  attempt: 1,
  retryCount: 0,
  timedOut: false,
  aborted: false,
  connectionLost: false
}
swarm.chat.failure {
  requestId: '7f89330c-134b-4bfc-b1e3-e4fb7f11b9d1',
  durationMs: 26,
  stage: 'review',
  category: 'network',
  status: undefined,
  attempt: 3,
  retryCount: 2,
  timedOut: false,
  aborted: false,
  connectionLost: true
}
swarm.chat.failure {
  requestId: 'c86958ab-2b5a-49cd-bb44-774eed433f88',
  durationMs: 6,
  stage: 'chat',
  category: 'network',
  status: undefined,
  attempt: 1,
  retryCount: 0,
  timedOut: false,
  aborted: false,
  connectionLost: true
}
swarm.chat.failure {
  requestId: '5f7cf73f-1d80-4470-9ad5-72af9cd4ed63',
  durationMs: 9,
  stage: 'chat',
  category: 'rate_limit',
  status: 429,
  attempt: 1,
  retryCount: 0,
  timedOut: false,
  aborted: false,
  connectionLost: false
}
swarm.chat.failure {
  requestId: '547a6d98-5831-4292-823e-c795ca574eb3',
  durationMs: 13,
  stage: 'plan',
  category: 'server',
  status: 503,
  attempt: 1,
  retryCount: 0,
  timedOut: false,
  aborted: false,
  connectionLost: false
}
swarm.chat.failure {
  requestId: '89d78e60-21b2-4ed4-8977-e7060996983d',
  durationMs: 8,
  stage: 'chat',
  category: 'server',
  status: 503,
  attempt: 1,
  retryCount: 0,
  timedOut: false,
  aborted: false,
  connectionLost: false
}
swarm.chat.failure {
  requestId: '5b2f1a90-44be-47c5-b790-94f4dc2607fd',
  durationMs: 15,
  stage: 'plan',
  category: 'rate_limit',
  status: 429,
  attempt: 1,
  retryCount: 0,
  timedOut: false,
  aborted: false,
  connectionLost: false
}
swarm.chat.failure {
  requestId: 'a163162c-e375-4e26-8640-878e530af1fc',
  durationMs: 19,
  stage: 'review',
  category: 'network',
  status: undefined,
  attempt: 3,
  retryCount: 2,
  timedOut: false,
  aborted: false,
  connectionLost: true
}
swarm.chat.failure {
  requestId: '504714ad-6b9b-43da-a097-a3b0fa3808da',
  durationMs: 6,
  stage: 'chat',
  category: 'rate_limit',
  status: 429,
  attempt: 1,
  retryCount: 0,
  timedOut: false,
  aborted: false,
  connectionLost: false
}
swarm.chat.failure {
  requestId: 'aae6e893-4b6d-4613-a821-b7eca1343ccd',
  durationMs: 11,
  stage: 'chat',
  category: 'network',
  status: undefined,
  attempt: 1,
  retryCount: 0,
  timedOut: false,
  aborted: false,
  connectionLost: true
}
swarm.chat.failure {
  requestId: '475be283-c28d-47b7-83aa-29729d11f479',
  durationMs: 14,
  stage: 'plan',
  category: 'server',
  status: 503,
  attempt: 1,
  retryCount: 0,
  timedOut: false,
  aborted: false,
  connectionLost: false
}
swarm.chat.failure {
  requestId: 'aa004227-a03c-4c9c-acda-ec76c9b0f622',
  durationMs: 11,
  stage: 'chat',
  category: 'server',
  status: 503,
  attempt: 1,
  retryCount: 0,
  timedOut: false,
  aborted: false,
  connectionLost: false
}
swarm.chat.failure {
  requestId: 'cded8125-f66c-45b9-bd49-4f1bab2a9c82',
  durationMs: 16,
  stage: 'plan',
  category: 'rate_limit',
  status: 429,
  attempt: 1,
  retryCount: 0,
  timedOut: false,
  aborted: false,
  connectionLost: false
}
swarm.chat.failure {
  requestId: 'cb6a2900-8a9f-4e9b-8487-a65aeff711db',
  durationMs: 22,
  stage: 'review',
  category: 'network',
  status: undefined,
  attempt: 3,
  retryCount: 2,
  timedOut: false,
  aborted: false,
  connectionLost: true
}
swarm.chat.failure {
  requestId: '343c90cf-8b3f-4ac9-83f2-35e877910ecb',
  durationMs: 6,
  stage: 'plan',
  category: 'server',
  status: 503,
  attempt: 1,
  retryCount: 0,
  timedOut: false,
  aborted: false,
  connectionLost: false
}
swarm.chat.failure {
  requestId: '809e57b5-f059-495f-a4ae-d01aa3fd426f',
  durationMs: 9,
  stage: 'chat',
  category: 'rate_limit',
  status: 429,
  attempt: 1,
  retryCount: 0,
  timedOut: false,
  aborted: false,
  connectionLost: false
}
swarm.chat.failure {
  requestId: '83378205-2bed-4ce6-962a-f474159c98d6',
  durationMs: 12,
  stage: 'chat',
  category: 'network',
  status: undefined,
  attempt: 1,
  retryCount: 0,
  timedOut: false,
  aborted: false,
  connectionLost: true
}
swarm.chat.failure {
  requestId: 'e0293efc-6951-43d7-a538-69243212225c',
  durationMs: 8,
  stage: 'plan',
  category: 'rate_limit',
  status: 429,
  attempt: 1,
  retryCount: 0,
  timedOut: false,
  aborted: false,
  connectionLost: false
}
swarm.chat.failure {
  requestId: 'd28adb03-2178-4374-b61e-4dcc65fbea19',
  durationMs: 16,
  stage: 'chat',
  category: 'server',
  status: 503,
  attempt: 1,
  retryCount: 0,
  timedOut: false,
  aborted: false,
  connectionLost: false
}
swarm.chat.failure {
  requestId: 'b482b3ae-4688-4fae-bd9d-e74c6aa19c83',
  durationMs: 25,
  stage: 'review',
  category: 'network',
  status: undefined,
  attempt: 3,
  retryCount: 2,
  timedOut: false,
  aborted: false,
  connectionLost: true
}
swarm.chat.failure {
  requestId: '056bc106-3947-4220-9545-5e388f9d1069',
  durationMs: 7,
  stage: 'plan',
  category: 'server',
  status: 503,
  attempt: 1,
  retryCount: 0,
  timedOut: false,
  aborted: false,
  connectionLost: false
}
swarm.chat.failure {
  requestId: '5a1dfcdc-339b-4164-af78-83a89866f725',
  durationMs: 11,
  stage: 'chat',
  category: 'rate_limit',
  status: 429,
  attempt: 1,
  retryCount: 0,
  timedOut: false,
  aborted: false,
  connectionLost: false
}
swarm.chat.failure {
  requestId: '89d20a8f-8328-4b73-8363-08b8bbcbc1ec',
  durationMs: 13,
  stage: 'chat',
  category: 'network',
  status: undefined,
  attempt: 1,
  retryCount: 0,
  timedOut: false,
  aborted: false,
  connectionLost: true
}
swarm.chat.failure {
  requestId: 'bd883c2e-3cde-4711-9082-ec669079bdd8',
  durationMs: 15,
  stage: 'plan',
  category: 'rate_limit',
  status: 429,
  attempt: 1,
  retryCount: 0,
  timedOut: false,
  aborted: false,
  connectionLost: false
}
swarm.chat.failure {
  requestId: '390f8b86-5692-462c-ab9c-3474a0bbb2c5',
  durationMs: 21,
  stage: 'chat',
  category: 'server',
  status: 503,
  attempt: 1,
  retryCount: 0,
  timedOut: false,
  aborted: false,
  connectionLost: false
}
swarm.chat.failure {
  requestId: '754e57c6-60b3-4ec6-bcf8-772ec61e6b27',
  durationMs: 33,
  stage: 'review',
  category: 'network',
  status: undefined,
  attempt: 3,
  retryCount: 2,
  timedOut: false,
  aborted: false,
  connectionLost: true
}
swarm.chat.failure {
  requestId: '2315db29-94e0-4644-83ca-3ce11d178a96',
  durationMs: 7,
  stage: 'chat',
  category: 'network',
  status: undefined,
  attempt: 1,
  retryCount: 0,
  timedOut: false,
  aborted: false,
  connectionLost: true
}
swarm.chat.failure {
  requestId: 'fb257afd-eb61-4a14-ab47-5f512a8852a9',
  durationMs: 9,
  stage: 'chat',
  category: 'rate_limit',
  status: 429,
  attempt: 1,
  retryCount: 0,
  timedOut: false,
  aborted: false,
  connectionLost: false
}
swarm.chat.failure {
  requestId: '04ce722c-fc1e-482b-baa3-87b88ff96ccd',
  durationMs: 15,
  stage: 'plan',
  category: 'server',
  status: 503,
  attempt: 1,
  retryCount: 0,
  timedOut: false,
  aborted: false,
  connectionLost: false
}
swarm.chat.failure {
  requestId: '547d88e1-084b-4c0d-860e-1890bc2ed24a',
  durationMs: 6,
  stage: 'chat',
  category: 'server',
  status: 503,
  attempt: 1,
  retryCount: 0,
  timedOut: false,
  aborted: false,
  connectionLost: false
}
swarm.chat.failure {
  requestId: '5d6d3c2b-1865-4c58-92b0-a27d9c713d7a',
  durationMs: 13,
  stage: 'plan',
  category: 'rate_limit',
  status: 429,
  attempt: 1,
  retryCount: 0,
  timedOut: false,
  aborted: false,
  connectionLost: false
}
swarm.chat.failure {
  requestId: '69432ee9-42e6-4005-aabd-b1a999878515',
  durationMs: 19,
  stage: 'review',
  category: 'network',
  status: undefined,
  attempt: 3,
  retryCount: 2,
  timedOut: false,
  aborted: false,
  connectionLost: true
}
swarm.chat.failure {
  requestId: '3b36426a-ba21-455c-9224-d0d48c25d63c',
  durationMs: 10,
  stage: 'chat',
  category: 'rate_limit',
  status: 429,
  attempt: 1,
  retryCount: 0,
  timedOut: false,
  aborted: false,
  connectionLost: false
}
swarm.chat.failure {
  requestId: 'b2a88375-d0bb-4586-afb5-bc61bf9c1afb',
  durationMs: 16,
  stage: 'chat',
  category: 'network',
  status: undefined,
  attempt: 1,
  retryCount: 0,
  timedOut: false,
  aborted: false,
  connectionLost: true
}
swarm.chat.failure {
  requestId: 'bd13f454-b029-4bf3-abd7-811549c987ce',
  durationMs: 18,
  stage: 'plan',
  category: 'server',
  status: 503,
  attempt: 1,
  retryCount: 0,
  timedOut: false,
  aborted: false,
  connectionLost: false
}
swarm.chat.failure {
  requestId: '7b613d06-3076-4acb-b189-e12add0da95b',
  durationMs: 11,
  stage: 'chat',
  category: 'server',
  status: 503,
  attempt: 1,
  retryCount: 0,
  timedOut: false,
  aborted: false,
  connectionLost: false
}
swarm.chat.failure {
  requestId: 'f8fcddf7-e7c4-4277-8ecc-50254bfa9deb',
  durationMs: 15,
  stage: 'plan',
  category: 'rate_limit',
  status: 429,
  attempt: 1,
  retryCount: 0,
  timedOut: false,
  aborted: false,
  connectionLost: false
}
swarm.chat.failure {
  requestId: 'b7f4a07e-a584-46c9-bd75-d94c2af2a1e0',
  durationMs: 28,
  stage: 'review',
  category: 'network',
  status: undefined,
  attempt: 3,
  retryCount: 2,
  timedOut: false,
  aborted: false,
  connectionLost: true
}
swarm.chat.failure {
  requestId: '2c18982d-7052-4dff-b550-1a761e0e0f29',
  durationMs: 6,
  stage: 'plan',
  category: 'server',
  status: 503,
  attempt: 1,
  retryCount: 0,
  timedOut: false,
  aborted: false,
  connectionLost: false
}
swarm.chat.failure {
  requestId: '8c7dc71e-03bb-4cf4-a5cf-8dd06fdc4807',
  durationMs: 12,
  stage: 'chat',
  category: 'network',
  status: undefined,
  attempt: 1,
  retryCount: 0,
  timedOut: false,
  aborted: false,
  connectionLost: true
}
swarm.chat.failure {
  requestId: '5e0576b2-b368-480a-81d5-8d6bed349266',
  durationMs: 16,
  stage: 'chat',
  category: 'rate_limit',
  status: 429,
  attempt: 1,
  retryCount: 0,
  timedOut: false,
  aborted: false,
  connectionLost: false
}
swarm.chat.failure {
  requestId: '9b4a51d7-6123-4a87-bec7-4b4a2f964008',
  durationMs: 9,
  stage: 'chat',
  category: 'server',
  status: 503,
  attempt: 1,
  retryCount: 0,
  timedOut: false,
  aborted: false,
  connectionLost: false
}
swarm.chat.failure {
  requestId: '9c09741e-aef2-49d7-9e12-1ecf664e0721',
  durationMs: 12,
  stage: 'plan',
  category: 'rate_limit',
  status: 429,
  attempt: 1,
  retryCount: 0,
  timedOut: false,
  aborted: false,
  connectionLost: false
}
swarm.chat.failure {
  requestId: 'ca661680-246d-45b9-a22f-ffe39c739fea',
  durationMs: 32,
  stage: 'review',
  category: 'network',
  status: undefined,
  attempt: 3,
  retryCount: 2,
  timedOut: false,
  aborted: false,
  connectionLost: true
}
swarm.chat.failure {
  requestId: 'ffc25aa1-ef6c-4d49-85e3-cb005107b695',
  durationMs: 8,
  stage: 'chat',
  category: 'rate_limit',
  status: 429,
  attempt: 1,
  retryCount: 0,
  timedOut: false,
  aborted: false,
  connectionLost: false
}
swarm.chat.failure {
  requestId: '42fb207b-d2fe-46ba-b9eb-b01b22c56cc1',
  durationMs: 12,
  stage: 'chat',
  category: 'network',
  status: undefined,
  attempt: 1,
  retryCount: 0,
  timedOut: false,
  aborted: false,
  connectionLost: true
}
swarm.chat.failure {
  requestId: '41c37b31-c059-4d3e-a00b-e9a31bfea56e',
  durationMs: 18,
  stage: 'plan',
  category: 'server',
  status: 503,
  attempt: 1,
  retryCount: 0,
  timedOut: false,
  aborted: false,
  connectionLost: false
}
swarm.chat.failure {
  requestId: '14fecf70-9ca4-4de1-a369-796d91c76769',
  durationMs: 13,
  stage: 'chat',
  category: 'server',
  status: 503,
  attempt: 1,
  retryCount: 0,
  timedOut: false,
  aborted: false,
  connectionLost: false
}
swarm.chat.failure {
  requestId: 'b79c6149-6c9a-4376-b512-b5ba1f779f02',
  durationMs: 16,
  stage: 'plan',
  category: 'rate_limit',
  status: 429,
  attempt: 1,
  retryCount: 0,
  timedOut: false,
  aborted: false,
  connectionLost: false
}
swarm.chat.failure {
  requestId: '6c063423-0a00-4591-80e1-572bb377a842',
  durationMs: 20,
  stage: 'review',
  category: 'network',
  status: undefined,
  attempt: 3,
  retryCount: 2,
  timedOut: false,
  aborted: false,
  connectionLost: true
}
swarm.chat.failure {
  requestId: 'b19fe1ce-792f-44ef-bd73-f7a6e1ff9e4f',
  durationMs: 7,
  stage: 'plan',
  category: 'server',
  status: 503,
  attempt: 1,
  retryCount: 0,
  timedOut: false,
  aborted: false,
  connectionLost: false
}
swarm.chat.failure {
  requestId: 'c77d53d1-dd40-4d1e-b657-b90b3a17562f',
  durationMs: 9,
  stage: 'chat',
  category: 'rate_limit',
  status: 429,
  attempt: 1,
  retryCount: 0,
  timedOut: false,
  aborted: false,
  connectionLost: false
}
swarm.chat.failure {
  requestId: '5bc83f33-db5f-49c5-a644-3b2f641415bd',
  durationMs: 12,
  stage: 'chat',
  category: 'network',
  status: undefined,
  attempt: 1,
  retryCount: 0,
  timedOut: false,
  aborted: false,
  connectionLost: true
}
swarm.chat.failure {
  requestId: '348654f2-6d29-4a45-83a5-30c4162e9b1c',
  durationMs: 6,
  stage: 'plan',
  category: 'rate_limit',
  status: 429,
  attempt: 1,
  retryCount: 0,
  timedOut: false,
  aborted: false,
  connectionLost: false
}
swarm.chat.failure {
  requestId: 'eca0acae-4263-49e8-868f-148689c2f94d',
  durationMs: 10,
  stage: 'chat',
  category: 'server',
  status: 503,
  attempt: 1,
  retryCount: 0,
  timedOut: false,
  aborted: false,
  connectionLost: false
}
swarm.chat.failure {
  requestId: '5b06fab1-565d-42eb-a293-e0a6589d1e5b',
  durationMs: 22,
  stage: 'review',
  category: 'network',
  status: undefined,
  attempt: 3,
  retryCount: 2,
  timedOut: false,
  aborted: false,
  connectionLost: true
}
swarm.chat.failure {
  requestId: '3cfc5ad3-7197-4e6f-a434-7a46069859b1',
  durationMs: 6,
  stage: 'chat',
  category: 'rate_limit',
  status: 429,
  attempt: 1,
  retryCount: 0,
  timedOut: false,
  aborted: false,
  connectionLost: false
}
swarm.chat.failure {
  requestId: 'bc6ee9d0-9726-4249-ba64-b35ad4f10e07',
  durationMs: 9,
  stage: 'chat',
  category: 'network',
  status: undefined,
  attempt: 1,
  retryCount: 0,
  timedOut: false,
  aborted: false,
  connectionLost: true
}
swarm.chat.failure {
  requestId: 'ed835cd2-99bb-495a-a73d-f64241246ee6',
  durationMs: 13,
  stage: 'plan',
  category: 'server',
  status: 503,
  attempt: 1,
  retryCount: 0,
  timedOut: false,
  aborted: false,
  connectionLost: false
}
swarm.chat.failure {
  requestId: 'a2da9a1f-3733-4993-83c1-3535ae79be1e',
  durationMs: 10,
  stage: 'chat',
  category: 'server',
  status: 503,
  attempt: 1,
  retryCount: 0,
  timedOut: false,
  aborted: false,
  connectionLost: false
}
swarm.chat.failure {
  requestId: '30f47128-5268-49b9-b518-c8ed6a0aef4e',
  durationMs: 14,
  stage: 'plan',
  category: 'rate_limit',
  status: 429,
  attempt: 1,
  retryCount: 0,
  timedOut: false,
  aborted: false,
  connectionLost: false
}
swarm.chat.failure {
  requestId: '80840b24-eb06-4ce2-8e5e-d00f8e09a5ba',
  durationMs: 21,
  stage: 'review',
  category: 'network',
  status: undefined,
  attempt: 3,
  retryCount: 2,
  timedOut: false,
  aborted: false,
  connectionLost: true
}
swarm.chat.failure {
  requestId: '7a295c39-28f6-428e-8ece-7fe35829ef81',
  durationMs: 8,
  stage: 'plan',
  category: 'server',
  status: 503,
  attempt: 1,
  retryCount: 0,
  timedOut: false,
  aborted: false,
  connectionLost: false
}
swarm.chat.failure {
  requestId: '01c9c525-cc83-4133-ba7b-eeb2f56a4268',
  durationMs: 14,
  stage: 'chat',
  category: 'rate_limit',
  status: 429,
  attempt: 1,
  retryCount: 0,
  timedOut: false,
  aborted: false,
  connectionLost: false
}
swarm.chat.failure {
  requestId: '63561682-f81d-45c7-8501-d9b96b59effa',
  durationMs: 18,
  stage: 'chat',
  category: 'network',
  status: undefined,
  attempt: 1,
  retryCount: 0,
  timedOut: false,
  aborted: false,
  connectionLost: true
}
swarm.chat.failure {
  requestId: 'f02d7979-d2e8-42d9-bf8c-aa7a6e644dc1',
  durationMs: 7,
  stage: 'plan',
  category: 'rate_limit',
  status: 429,
  attempt: 1,
  retryCount: 0,
  timedOut: false,
  aborted: false,
  connectionLost: false
}
swarm.chat.failure {
  requestId: '9b797c1c-24ac-404b-ab96-4c92242577a6',
  durationMs: 14,
  stage: 'chat',
  category: 'server',
  status: 503,
  attempt: 1,
  retryCount: 0,
  timedOut: false,
  aborted: false,
  connectionLost: false
}
swarm.chat.failure {
  requestId: '367c2a94-1692-430b-8fcb-0e1ce3adf8d6',
  durationMs: 25,
  stage: 'review',
  category: 'network',
  status: undefined,
  attempt: 3,
  retryCount: 2,
  timedOut: false,
  aborted: false,
  connectionLost: true
}
swarm.chat.failure {
  requestId: '6500a213-627a-41ae-bbb2-06cc5e38981f',
  durationMs: 5,
  stage: 'chat',
  category: 'rate_limit',
  status: 429,
  attempt: 1,
  retryCount: 0,
  timedOut: false,
  aborted: false,
  connectionLost: false
}
swarm.chat.failure {
  requestId: '05b8c8aa-1ee3-4a28-ad62-dd2e7f99fa7c',
  durationMs: 8,
  stage: 'chat',
  category: 'network',
  status: undefined,
  attempt: 1,
  retryCount: 0,
  timedOut: false,
  aborted: false,
  connectionLost: true
}
swarm.chat.failure {
  requestId: 'f5c3672a-e1bc-46f2-b57a-b5046cdb61f6',
  durationMs: 10,
  stage: 'plan',
  category: 'server',
  status: 503,
  attempt: 1,
  retryCount: 0,
  timedOut: false,
  aborted: false,
  connectionLost: false
}
swarm.chat.failure {
  requestId: '228b247c-ee3a-4844-b74c-129a8dddcc45',
  durationMs: 10,
  stage: 'chat',
  category: 'server',
  status: 503,
  attempt: 1,
  retryCount: 0,
  timedOut: false,
  aborted: false,
  connectionLost: false
}
swarm.chat.failure {
  requestId: 'ed3e8e26-4cd9-4b41-a05e-7b5f72b9cdb8',
  durationMs: 13,
  stage: 'plan',
  category: 'rate_limit',
  status: 429,
  attempt: 1,
  retryCount: 0,
  timedOut: false,
  aborted: false,
  connectionLost: false
}
swarm.chat.failure {
  requestId: '5e05931f-4a04-4077-8630-834a595ec0db',
  durationMs: 19,
  stage: 'review',
  category: 'network',
  status: undefined,
  attempt: 3,
  retryCount: 2,
  timedOut: false,
  aborted: false,
  connectionLost: true
}
swarm.chat.failure {
  requestId: '38c36c17-9334-4230-bf59-4e92512bfdd8',
  durationMs: 6,
  stage: 'chat',
  category: 'network',
  status: undefined,
  attempt: 1,
  retryCount: 0,
  timedOut: false,
  aborted: false,
  connectionLost: true
}
swarm.chat.failure {
  requestId: '175f3dc9-3e84-43db-b9b7-27f497993009',
  durationMs: 9,
  stage: 'plan',
  category: 'server',
  status: 503,
  attempt: 1,
  retryCount: 0,
  timedOut: false,
  aborted: false,
  connectionLost: false
}
swarm.chat.failure {
  requestId: '6850fdff-397b-4643-95a5-81394e03e926',
  durationMs: 13,
  stage: 'chat',
  category: 'rate_limit',
  status: 429,
  attempt: 1,
  retryCount: 0,
  timedOut: false,
  aborted: false,
  connectionLost: false
}
swarm.chat.failure {
  requestId: '7a735e48-c062-4013-ad45-7c2c760d31b3',
  durationMs: 7,
  stage: 'chat',
  category: 'server',
  status: 503,
  attempt: 1,
  retryCount: 0,
  timedOut: false,
  aborted: false,
  connectionLost: false
}
swarm.chat.failure {
  requestId: '1b3dc2a1-8fb8-4005-96da-5cf652cc794a',
  durationMs: 9,
  stage: 'plan',
  category: 'rate_limit',
  status: 429,
  attempt: 1,
  retryCount: 0,
  timedOut: false,
  aborted: false,
  connectionLost: false
}
swarm.chat.failure {
  requestId: 'bb4921b1-57df-43cb-83f5-0475c72b3108',
  durationMs: 24,
  stage: 'review',
  category: 'network',
  status: undefined,
  attempt: 3,
  retryCount: 2,
  timedOut: false,
  aborted: false,
  connectionLost: true
}
swarm.chat.failure {
  requestId: '7808e831-4766-4e1d-a642-570837f0e8f1',
  durationMs: 6,
  stage: 'chat',
  category: 'rate_limit',
  status: 429,
  attempt: 1,
  retryCount: 0,
  timedOut: false,
  aborted: false,
  connectionLost: false
}
swarm.chat.failure {
  requestId: '91f4b077-c714-48fc-bd6d-c983017d7606',
  durationMs: 9,
  stage: 'chat',
  category: 'network',
  status: undefined,
  attempt: 1,
  retryCount: 0,
  timedOut: false,
  aborted: false,
  connectionLost: true
}
swarm.chat.failure {
  requestId: '586cd1e3-0263-458b-b678-a3ed78c65ef9',
  durationMs: 14,
  stage: 'plan',
  category: 'server',
  status: 503,
  attempt: 1,
  retryCount: 0,
  timedOut: false,
  aborted: false,
  connectionLost: false
}
swarm.chat.failure {
  requestId: '4fa368ec-037d-4484-a58d-c5cf068a8398',
  durationMs: 8,
  stage: 'chat',
  category: 'server',
  status: 503,
  attempt: 1,
  retryCount: 0,
  timedOut: false,
  aborted: false,
  connectionLost: false
}
swarm.chat.failure {
  requestId: 'bc72bcb4-10aa-4315-a026-88a46372f78a',
  durationMs: 13,
  stage: 'plan',
  category: 'rate_limit',
  status: 429,
  attempt: 1,
  retryCount: 0,
  timedOut: false,
  aborted: false,
  connectionLost: false
}
swarm.chat.failure {
  requestId: '8c83d831-a1e0-4731-b506-d449a828f2f9',
  durationMs: 22,
  stage: 'review',
  category: 'network',
  status: undefined,
  attempt: 3,
  retryCount: 2,
  timedOut: false,
  aborted: false,
  connectionLost: true
}
swarm.chat.failure {
  requestId: 'daa3cc6e-979a-40e5-ac1c-6c625f9e14b1',
  durationMs: 6,
  stage: 'chat',
  category: 'network',
  status: undefined,
  attempt: 1,
  retryCount: 0,
  timedOut: false,
  aborted: false,
  connectionLost: true
}
swarm.chat.failure {
  requestId: 'd0498173-bc82-46ba-bddc-f8c9a88951ef',
  durationMs: 8,
  stage: 'chat',
  category: 'rate_limit',
  status: 429,
  attempt: 1,
  retryCount: 0,
  timedOut: false,
  aborted: false,
  connectionLost: false
}
swarm.chat.failure {
  requestId: 'd84d0135-3d87-4086-8e21-1226ca882630',
  durationMs: 12,
  stage: 'plan',
  category: 'server',
  status: 503,
  attempt: 1,
  retryCount: 0,
  timedOut: false,
  aborted: false,
  connectionLost: false
}
swarm.chat.failure {
  requestId: '02daa7ce-6ea7-41f6-adcc-a25f0670d205',
  durationMs: 6,
  stage: 'chat',
  category: 'server',
  status: 503,
  attempt: 1,
  retryCount: 0,
  timedOut: false,
  aborted: false,
  connectionLost: false
}
swarm.chat.failure {
  requestId: 'ca770d19-4d4c-4a45-a22a-171779b19aef',
  durationMs: 15,
  stage: 'plan',
  category: 'rate_limit',
  status: 429,
  attempt: 1,
  retryCount: 0,
  timedOut: false,
  aborted: false,
  connectionLost: false
}
swarm.chat.failure {
  requestId: '66882d73-c385-41a4-be6e-ff9b4524d94d',
  durationMs: 22,
  stage: 'review',
  category: 'network',
  status: undefined,
  attempt: 3,
  retryCount: 2,
  timedOut: false,
  aborted: false,
  connectionLost: true
}
swarm.chat.failure {
  requestId: '0e98b4fb-ae77-4839-9a0a-f00548c4ce59',
  durationMs: 12,
  stage: 'chat',
  category: 'rate_limit',
  status: 429,
  attempt: 1,
  retryCount: 0,
  timedOut: false,
  aborted: false,
  connectionLost: false
}
swarm.chat.failure {
  requestId: '15413ff3-1ff8-4c1f-8f14-d157f7390b17',
  durationMs: 22,
  stage: 'chat',
  category: 'network',
  status: undefined,
  attempt: 1,
  retryCount: 0,
  timedOut: false,
  aborted: false,
  connectionLost: true
}
swarm.chat.failure {
  requestId: '7d232b58-8498-47cf-9ba8-cbf040d37cba',
  durationMs: 26,
  stage: 'plan',
  category: 'server',
  status: 503,
  attempt: 1,
  retryCount: 0,
  timedOut: false,
  aborted: false,
  connectionLost: false
}
swarm.chat.failure {
  requestId: 'da8e49ef-9968-4b18-bfda-df2fc51dfa5b',
  durationMs: 11,
  stage: 'chat',
  category: 'server',
  status: 503,
  attempt: 1,
  retryCount: 0,
  timedOut: false,
  aborted: false,
  connectionLost: false
}
swarm.chat.failure {
  requestId: '0ae7a08d-81be-4d7e-8e2b-0a229cd8b4c1',
  durationMs: 23,
  stage: 'plan',
  category: 'rate_limit',
  status: 429,
  attempt: 1,
  retryCount: 0,
  timedOut: false,
  aborted: false,
  connectionLost: false
}
swarm.chat.failure {
  requestId: '9a8b9bd2-a1d9-43f8-97e4-1e30faa9e635',
  durationMs: 39,
  stage: 'review',
  category: 'network',
  status: undefined,
  attempt: 3,
  retryCount: 2,
  timedOut: false,
  aborted: false,
  connectionLost: true
}
swarm.chat.failure {
  requestId: 'b50d4cce-c167-45dc-94d9-0ce8512f6a48',
  durationMs: 7,
  stage: 'chat',
  category: 'network',
  status: undefined,
  attempt: 1,
  retryCount: 0,
  timedOut: false,
  aborted: false,
  connectionLost: true
}
swarm.chat.failure {
  requestId: '2fd44da1-d62e-4df0-9ac4-2819a026baec',
  durationMs: 9,
  stage: 'plan',
  category: 'server',
  status: 503,
  attempt: 1,
  retryCount: 0,
  timedOut: false,
  aborted: false,
  connectionLost: false
}
swarm.chat.failure {
  requestId: 'd8a4dddd-c4da-4be6-92de-b03b89f8ed22',
  durationMs: 18,
  stage: 'chat',
  category: 'rate_limit',
  status: 429,
  attempt: 1,
  retryCount: 0,
  timedOut: false,
  aborted: false,
  connectionLost: false
}
swarm.chat.failure {
  requestId: 'f8d7cf0c-452a-4d8d-9c7a-b79d9f2ffbf2',
  durationMs: 10,
  stage: 'chat',
  category: 'server',
  status: 503,
  attempt: 1,
  retryCount: 0,
  timedOut: false,
  aborted: false,
  connectionLost: false
}
swarm.chat.failure {
  requestId: '4c444d08-241d-4e2e-985c-6b9f6b2804d1',
  durationMs: 16,
  stage: 'plan',
  category: 'rate_limit',
  status: 429,
  attempt: 1,
  retryCount: 0,
  timedOut: false,
  aborted: false,
  connectionLost: false
}
swarm.chat.failure {
  requestId: '89dfe6ef-e4ad-4851-8f91-ee8fd497f34c',
  durationMs: 23,
  stage: 'review',
  category: 'network',
  status: undefined,
  attempt: 3,
  retryCount: 2,
  timedOut: false,
  aborted: false,
  connectionLost: true
}
swarm.chat.failure {
  requestId: '61954f41-0d4b-45e4-8e6a-33706905d8fc',
  durationMs: 6,
  stage: 'chat',
  category: 'rate_limit',
  status: 429,
  attempt: 1,
  retryCount: 0,
  timedOut: false,
  aborted: false,
  connectionLost: false
}
swarm.chat.failure {
  requestId: '0ed2429f-50ac-435e-bbc8-d8e338ace265',
  durationMs: 9,
  stage: 'chat',
  category: 'network',
  status: undefined,
  attempt: 1,
  retryCount: 0,
  timedOut: false,
  aborted: false,
  connectionLost: true
}
swarm.chat.failure {
  requestId: 'd9d63d33-d90c-4244-917e-0a1a6c2c1799',
  durationMs: 12,
  stage: 'plan',
  category: 'server',
  status: 503,
  attempt: 1,
  retryCount: 0,
  timedOut: false,
  aborted: false,
  connectionLost: false
}
swarm.chat.failure {
  requestId: '4ae93092-555d-4078-9fd0-187802f83166',
  durationMs: 9,
  stage: 'chat',
  category: 'server',
  status: 503,
  attempt: 1,
  retryCount: 0,
  timedOut: false,
  aborted: false,
  connectionLost: false
}
swarm.chat.failure {
  requestId: '6ada2593-92dc-4c0f-ae7c-7cf9c57896b9',
  durationMs: 11,
  stage: 'plan',
  category: 'rate_limit',
  status: 429,
  attempt: 1,
  retryCount: 0,
  timedOut: false,
  aborted: false,
  connectionLost: false
}
swarm.chat.failure {
  requestId: 'bdafd5a3-0767-41ac-892a-8b3a1cc85c69',
  durationMs: 19,
  stage: 'review',
  category: 'network',
  status: undefined,
  attempt: 3,
  retryCount: 2,
  timedOut: false,
  aborted: false,
  connectionLost: true
}
swarm.chat.failure {
  requestId: '559bc5ae-015a-40b1-9cc5-a4d57795e81b',
  durationMs: 7,
  stage: 'plan',
  category: 'server',
  status: 503,
  attempt: 1,
  retryCount: 0,
  timedOut: false,
  aborted: false,
  connectionLost: false
}
swarm.chat.failure {
  requestId: '06c441e4-de13-4957-81dc-0a33c1b18160',
  durationMs: 10,
  stage: 'chat',
  category: 'rate_limit',
  status: 429,
  attempt: 1,
  retryCount: 0,
  timedOut: false,
  aborted: false,
  connectionLost: false
}
swarm.chat.failure {
  requestId: '32f17e10-0424-4780-9a3b-b7c761a92141',
  durationMs: 14,
  stage: 'chat',
  category: 'network',
  status: undefined,
  attempt: 1,
  retryCount: 0,
  timedOut: false,
  aborted: false,
  connectionLost: true
}
swarm.chat.failure {
  requestId: 'c7c58573-500b-43b4-8022-0f7486bbd4d5',
  durationMs: 5,
  stage: 'plan',
  category: 'rate_limit',
  status: 429,
  attempt: 1,
  retryCount: 0,
  timedOut: false,
  aborted: false,
  connectionLost: false
}
swarm.chat.failure {
  requestId: 'a910088a-7a23-4b5e-a723-1c85d3eff067',
  durationMs: 9,
  stage: 'chat',
  category: 'server',
  status: 503,
  attempt: 1,
  retryCount: 0,
  timedOut: false,
  aborted: false,
  connectionLost: false
}
swarm.chat.failure {
  requestId: '7244d23e-5436-4da0-b794-030fe8342075',
  durationMs: 18,
  stage: 'review',
  category: 'network',
  status: undefined,
  attempt: 3,
  retryCount: 2,
  timedOut: false,
  aborted: false,
  connectionLost: true
}
swarm.chat.failure {
  requestId: '60a762b4-bcb2-432f-b76f-424e75bcec9d',
  durationMs: 7,
  stage: 'chat',
  category: 'rate_limit',
  status: 429,
  attempt: 1,
  retryCount: 0,
  timedOut: false,
  aborted: false,
  connectionLost: false
}
swarm.chat.failure {
  requestId: 'cd07d613-ec7c-4692-bd1f-49dbe3ffb4b9',
  durationMs: 11,
  stage: 'chat',
  category: 'network',
  status: undefined,
  attempt: 1,
  retryCount: 0,
  timedOut: false,
  aborted: false,
  connectionLost: true
}
swarm.chat.failure {
  requestId: 'c93bd6b1-a763-4ccb-bc37-6596d1190cb6',
  durationMs: 15,
  stage: 'plan',
  category: 'server',
  status: 503,
  attempt: 1,
  retryCount: 0,
  timedOut: false,
  aborted: false,
  connectionLost: false
}
swarm.chat.failure {
  requestId: '7cfc88f2-a38e-4f6d-a101-2df178d8239f',
  durationMs: 13,
  stage: 'chat',
  category: 'server',
  status: 503,
  attempt: 1,
  retryCount: 0,
  timedOut: false,
  aborted: false,
  connectionLost: false
}
swarm.chat.failure {
  requestId: 'd4b3f250-2bef-4d84-b547-d3926618149f',
  durationMs: 16,
  stage: 'plan',
  category: 'rate_limit',
  status: 429,
  attempt: 1,
  retryCount: 0,
  timedOut: false,
  aborted: false,
  connectionLost: false
}
swarm.chat.failure {
  requestId: 'f92ea221-7035-4897-bedf-1e9adf7f3497',
  durationMs: 23,
  stage: 'review',
  category: 'network',
  status: undefined,
  attempt: 3,
  retryCount: 2,
  timedOut: false,
  aborted: false,
  connectionLost: true
}
swarm.chat.failure {
  requestId: '92da3f64-14de-4eeb-9bec-67b82e53338a',
  durationMs: 8,
  stage: 'plan',
  category: 'server',
  status: 503,
  attempt: 1,
  retryCount: 0,
  timedOut: false,
  aborted: false,
  connectionLost: false
}
swarm.chat.failure {
  requestId: 'eba3375e-3d95-4197-85ec-e52476810a1f',
  durationMs: 12,
  stage: 'chat',
  category: 'network',
  status: undefined,
  attempt: 1,
  retryCount: 0,
  timedOut: false,
  aborted: false,
  connectionLost: true
}
swarm.chat.failure {
  requestId: '7d7fab1b-54fa-45b5-ba61-215703e70f8b',
  durationMs: 15,
  stage: 'chat',
  category: 'rate_limit',
  status: 429,
  attempt: 1,
  retryCount: 0,
  timedOut: false,
  aborted: false,
  connectionLost: false
}
swarm.chat.failure {
  requestId: '565635a7-a2dc-4714-a5df-0d6e0c7e21cf',
  durationMs: 6,
  stage: 'plan',
  category: 'rate_limit',
  status: 429,
  attempt: 1,
  retryCount: 0,
  timedOut: false,
  aborted: false,
  connectionLost: false
}
swarm.chat.failure {
  requestId: '46e061b7-07ed-4bbf-b44b-046a6c3003ff',
  durationMs: 12,
  stage: 'chat',
  category: 'server',
  status: 503,
  attempt: 1,
  retryCount: 0,
  timedOut: false,
  aborted: false,
  connectionLost: false
}
swarm.chat.failure {
  requestId: 'b9420f76-fe94-4636-87bf-c660be23c65d',
  durationMs: 24,
  stage: 'review',
  category: 'network',
  status: undefined,
  attempt: 3,
  retryCount: 2,
  timedOut: false,
  aborted: false,
  connectionLost: true
}
swarm.chat.failure {
  requestId: '21e2945b-7eaa-4bb7-ab4a-561ac9553403',
  durationMs: 7,
  stage: 'chat',
  category: 'rate_limit',
  status: 429,
  attempt: 1,
  retryCount: 0,
  timedOut: false,
  aborted: false,
  connectionLost: false
}
swarm.chat.failure {
  requestId: 'f6a4bb84-4f68-448d-be9d-48833e970385',
  durationMs: 9,
  stage: 'plan',
  category: 'server',
  status: 503,
  attempt: 1,
  retryCount: 0,
  timedOut: false,
  aborted: false,
  connectionLost: false
}
swarm.chat.failure {
  requestId: '3e71363e-7151-428f-85cc-ef5f2f4db215',
  durationMs: 13,
  stage: 'chat',
  category: 'network',
  status: undefined,
  attempt: 1,
  retryCount: 0,
  timedOut: false,
  aborted: false,
  connectionLost: true
}
swarm.chat.failure {
  requestId: '795ab9ec-fafe-4623-98f2-39afc8f1cbf4',
  durationMs: 9,
  stage: 'chat',
  category: 'server',
  status: 503,
  attempt: 1,
  retryCount: 0,
  timedOut: false,
  aborted: false,
  connectionLost: false
}
swarm.chat.failure {
  requestId: '0f050c5d-25b6-4790-9c80-8c03cb47d2c4',
  durationMs: 12,
  stage: 'plan',
  category: 'rate_limit',
  status: 429,
  attempt: 1,
  retryCount: 0,
  timedOut: false,
  aborted: false,
  connectionLost: false
}
swarm.chat.failure {
  requestId: '9deb1bfd-1c2f-43aa-9821-fe38d4e09535',
  durationMs: 21,
  stage: 'review',
  category: 'network',
  status: undefined,
  attempt: 3,
  retryCount: 2,
  timedOut: false,
  aborted: false,
  connectionLost: true
}
swarm.chat.failure {
  requestId: '48d7c5c5-6210-426e-bd8e-ba52bd112347',
  durationMs: 6,
  stage: 'chat',
  category: 'network',
  status: undefined,
  attempt: 1,
  retryCount: 0,
  timedOut: false,
  aborted: false,
  connectionLost: true
}
swarm.chat.failure {
  requestId: '58c6e9fc-88ba-4e11-a3a0-f270714387fa',
  durationMs: 7,
  stage: 'chat',
  category: 'rate_limit',
  status: 429,
  attempt: 1,
  retryCount: 0,
  timedOut: false,
  aborted: false,
  connectionLost: false
}
swarm.chat.failure {
  requestId: 'ca9aeb22-7129-4fea-9079-c76a88c538a3',
  durationMs: 13,
  stage: 'plan',
  category: 'server',
  status: 503,
  attempt: 1,
  retryCount: 0,
  timedOut: false,
  aborted: false,
  connectionLost: false
}
swarm.chat.failure {
  requestId: '54218314-fa9b-42df-933d-59ea85c92ecf',
  durationMs: 5,
  stage: 'chat',
  category: 'server',
  status: 503,
  attempt: 1,
  retryCount: 0,
  timedOut: false,
  aborted: false,
  connectionLost: false
}
swarm.chat.failure {
  requestId: '3e704173-4caa-479f-bbfe-1caff0437ea5',
  durationMs: 13,
  stage: 'plan',
  category: 'rate_limit',
  status: 429,
  attempt: 1,
  retryCount: 0,
  timedOut: false,
  aborted: false,
  connectionLost: false
}
swarm.chat.failure {
  requestId: '71941466-82d8-489b-b89f-e72418bfb3c8',
  durationMs: 19,
  stage: 'review',
  category: 'network',
  status: undefined,
  attempt: 3,
  retryCount: 2,
  timedOut: false,
  aborted: false,
  connectionLost: true
}
swarm.chat.failure {
  requestId: '96adab39-211c-4b7e-b251-8f837b34a870',
  durationMs: 6,
  stage: 'chat',
  category: 'rate_limit',
  status: 429,
  attempt: 1,
  retryCount: 0,
  timedOut: false,
  aborted: false,
  connectionLost: false
}
swarm.chat.failure {
  requestId: '33e09528-4f4f-4c7d-b59b-d1307ae7154f',
  durationMs: 10,
  stage: 'chat',
  category: 'network',
  status: undefined,
  attempt: 1,
  retryCount: 0,
  timedOut: false,
  aborted: false,
  connectionLost: true
}
swarm.chat.failure {
  requestId: 'd2ba8097-8065-4e9d-985a-9a95cb8af239',
  durationMs: 15,
  stage: 'plan',
  category: 'server',
  status: 503,
  attempt: 1,
  retryCount: 0,
  timedOut: false,
  aborted: false,
  connectionLost: false
}
swarm.chat.failure {
  requestId: '0852a885-6326-4207-914f-4a33c4ccda36',
  durationMs: 8,
  stage: 'chat',
  category: 'server',
  status: 503,
  attempt: 1,
  retryCount: 0,
  timedOut: false,
  aborted: false,
  connectionLost: false
}
swarm.chat.failure {
  requestId: '21855c2b-ce2d-45b9-86b2-722a88ac8102',
  durationMs: 17,
  stage: 'plan',
  category: 'rate_limit',
  status: 429,
  attempt: 1,
  retryCount: 0,
  timedOut: false,
  aborted: false,
  connectionLost: false
}
swarm.chat.failure {
  requestId: '5120808c-09cb-47d0-a214-a2f725badb44',
  durationMs: 21,
  stage: 'review',
  category: 'network',
  status: undefined,
  attempt: 3,
  retryCount: 2,
  timedOut: false,
  aborted: false,
  connectionLost: true
}
swarm.chat.failure {
  requestId: '8d858b4d-109a-4c32-b4eb-c93f8610c7a4',
  durationMs: 7,
  stage: 'chat',
  category: 'network',
  status: undefined,
  attempt: 1,
  retryCount: 0,
  timedOut: false,
  aborted: false,
  connectionLost: true
}
swarm.chat.failure {
  requestId: 'e25cb635-d530-4f58-81dc-baae7e724089',
  durationMs: 10,
  stage: 'plan',
  category: 'server',
  status: 503,
  attempt: 1,
  retryCount: 0,
  timedOut: false,
  aborted: false,
  connectionLost: false
}
swarm.chat.failure {
  requestId: '4b4e6c65-6bab-4fa8-8890-41dc531e487a',
  durationMs: 12,
  stage: 'chat',
  category: 'rate_limit',
  status: 429,
  attempt: 1,
  retryCount: 0,
  timedOut: false,
  aborted: false,
  connectionLost: false
}
swarm.chat.failure {
  requestId: '9b3fda46-4c84-466b-96dd-f10e7a17d8b0',
  durationMs: 6,
  stage: 'chat',
  category: 'server',
  status: 503,
  attempt: 1,
  retryCount: 0,
  timedOut: false,
  aborted: false,
  connectionLost: false
}
swarm.chat.failure {
  requestId: '51e16b74-4961-4827-9bd0-9a21754c3dc0',
  durationMs: 9,
  stage: 'plan',
  category: 'rate_limit',
  status: 429,
  attempt: 1,
  retryCount: 0,
  timedOut: false,
  aborted: false,
  connectionLost: false
}
swarm.chat.failure {
  requestId: 'ead05e6e-463a-4b70-8334-1ef15a1407e7',
  durationMs: 20,
  stage: 'review',
  category: 'network',
  status: undefined,
  attempt: 3,
  retryCount: 2,
  timedOut: false,
  aborted: false,
  connectionLost: true
}
swarm.chat.failure {
  requestId: 'f16953e5-2be4-488d-823c-66532bde6bde',
  durationMs: 6,
  stage: 'chat',
  category: 'rate_limit',
  status: 429,
  attempt: 1,
  retryCount: 0,
  timedOut: false,
  aborted: false,
  connectionLost: false
}
swarm.chat.failure {
  requestId: '46df498c-ea54-429f-a5fe-410564ecf03c',
  durationMs: 13,
  stage: 'chat',
  category: 'network',
  status: undefined,
  attempt: 1,
  retryCount: 0,
  timedOut: false,
  aborted: false,
  connectionLost: true
}
swarm.chat.failure {
  requestId: '0d53819a-7083-4415-89db-318528061300',
  durationMs: 15,
  stage: 'plan',
  category: 'server',
  status: 503,
  attempt: 1,
  retryCount: 0,
  timedOut: false,
  aborted: false,
  connectionLost: false
}
swarm.chat.failure {
  requestId: '036c5136-609a-4325-8e46-c9bfbf3ac678',
  durationMs: 8,
  stage: 'chat',
  category: 'server',
  status: 503,
  attempt: 1,
  retryCount: 0,
  timedOut: false,
  aborted: false,
  connectionLost: false
}
swarm.chat.failure {
  requestId: '2c60397c-4f84-4088-8df6-81583c886456',
  durationMs: 17,
  stage: 'plan',
  category: 'rate_limit',
  status: 429,
  attempt: 1,
  retryCount: 0,
  timedOut: false,
  aborted: false,
  connectionLost: false
}
swarm.chat.failure {
  requestId: '97530596-0c21-4465-9510-ab647cd9848d',
  durationMs: 25,
  stage: 'review',
  category: 'network',
  status: undefined,
  attempt: 3,
  retryCount: 2,
  timedOut: false,
  aborted: false,
  connectionLost: true
}
swarm.chat.failure {
  requestId: 'b5226954-5707-4a87-920f-79dd57f54e24',
  durationMs: 5,
  stage: 'chat',
  category: 'network',
  status: undefined,
  attempt: 1,
  retryCount: 0,
  timedOut: false,
  aborted: false,
  connectionLost: true
}
swarm.chat.failure {
  requestId: 'bee2c9ed-6e1c-4a2a-8ea8-ff4c5d10f52f',
  durationMs: 8,
  stage: 'plan',
  category: 'server',
  status: 503,
  attempt: 1,
  retryCount: 0,
  timedOut: false,
  aborted: false,
  connectionLost: false
}
swarm.chat.failure {
  requestId: '9e8d46a2-8c4e-47e1-92e8-162235bb045f',
  durationMs: 15,
  stage: 'chat',
  category: 'rate_limit',
  status: 429,
  attempt: 1,
  retryCount: 0,
  timedOut: false,
  aborted: false,
  connectionLost: false
}
swarm.chat.failure {
  requestId: '24a72c10-e0d6-45c5-bd9a-4ffeafe3030d',
  durationMs: 7,
  stage: 'chat',
  category: 'server',
  status: 503,
  attempt: 1,
  retryCount: 0,
  timedOut: false,
  aborted: false,
  connectionLost: false
}
swarm.chat.failure {
  requestId: 'e376a9cb-29f5-4e06-abe9-7e36d282c996',
  durationMs: 14,
  stage: 'plan',
  category: 'rate_limit',
  status: 429,
  attempt: 1,
  retryCount: 0,
  timedOut: false,
  aborted: false,
  connectionLost: false
}
swarm.chat.failure {
  requestId: '3a68f82c-9833-4ecb-b264-7b5c40ed1d53',
  durationMs: 22,
  stage: 'review',
  category: 'network',
  status: undefined,
  attempt: 3,
  retryCount: 2,
  timedOut: false,
  aborted: false,
  connectionLost: true
}
swarm.chat.failure {
  requestId: '77221ec9-671d-4269-bb45-b6be638a53a1',
  durationMs: 11,
  stage: 'chat',
  category: 'rate_limit',
  status: 429,
  attempt: 1,
  retryCount: 0,
  timedOut: false,
  aborted: false,
  connectionLost: false
}
swarm.chat.failure {
  requestId: '7c923986-47fd-4c91-8203-0c430622b0df',
  durationMs: 13,
  stage: 'chat',
  category: 'network',
  status: undefined,
  attempt: 1,
  retryCount: 0,
  timedOut: false,
  aborted: false,
  connectionLost: true
}
swarm.chat.failure {
  requestId: '7adc211c-74c2-4642-a0b2-0f42b90708da',
  durationMs: 14,
  stage: 'plan',
  category: 'server',
  status: 503,
  attempt: 1,
  retryCount: 0,
  timedOut: false,
  aborted: false,
  connectionLost: false
}
swarm.chat.failure {
  requestId: '33993c6e-a7da-40ec-ac17-c92da2946018',
  durationMs: 12,
  stage: 'chat',
  category: 'server',
  status: 503,
  attempt: 1,
  retryCount: 0,
  timedOut: false,
  aborted: false,
  connectionLost: false
}
swarm.chat.failure {
  requestId: 'b58ea164-558b-405e-b370-eacb8ed0ef1d',
  durationMs: 14,
  stage: 'plan',
  category: 'rate_limit',
  status: 429,
  attempt: 1,
  retryCount: 0,
  timedOut: false,
  aborted: false,
  connectionLost: false
}
swarm.chat.failure {
  requestId: 'e69df5a8-e35e-46dc-a4c9-7bfd4e789c8f',
  durationMs: 26,
  stage: 'review',
  category: 'network',
  status: undefined,
  attempt: 3,
  retryCount: 2,
  timedOut: false,
  aborted: false,
  connectionLost: true
}
swarm.chat.failure {
  requestId: 'ee034a9d-a7ea-4cb6-86dd-a9420b7926c9',
  durationMs: 7,
  stage: 'plan',
  category: 'server',
  status: 503,
  attempt: 1,
  retryCount: 0,
  timedOut: false,
  aborted: false,
  connectionLost: false
}
swarm.chat.failure {
  requestId: '7e3a342a-2806-438a-b326-e457befb7998',
  durationMs: 11,
  stage: 'chat',
  category: 'network',
  status: undefined,
  attempt: 1,
  retryCount: 0,
  timedOut: false,
  aborted: false,
  connectionLost: true
}
swarm.chat.failure {
  requestId: '00dcc550-7f1e-473d-9e3f-4c244655f729',
  durationMs: 14,
  stage: 'chat',
  category: 'rate_limit',
  status: 429,
  attempt: 1,
  retryCount: 0,
  timedOut: false,
  aborted: false,
  connectionLost: false
}
swarm.chat.failure {
  requestId: '79fce69a-a5d8-491d-8f89-8782678df406',
  durationMs: 8,
  stage: 'plan',
  category: 'rate_limit',
  status: 429,
  attempt: 1,
  retryCount: 0,
  timedOut: false,
  aborted: false,
  connectionLost: false
}
swarm.chat.failure {
  requestId: '7230d7c0-4305-4ac1-a7fc-03e30dba56a6',
  durationMs: 16,
  stage: 'chat',
  category: 'server',
  status: 503,
  attempt: 1,
  retryCount: 0,
  timedOut: false,
  aborted: false,
  connectionLost: false
}
swarm.chat.failure {
  requestId: '4c400b2e-a545-47cd-9a57-5c6f58cd8fce',
  durationMs: 31,
  stage: 'review',
  category: 'network',
  status: undefined,
  attempt: 3,
  retryCount: 2,
  timedOut: false,
  aborted: false,
  connectionLost: true
}
swarm.chat.failure {
  requestId: '447e3326-fa76-4892-92b8-c0e7ffaac22e',
  durationMs: 6,
  stage: 'plan',
  category: 'server',
  status: 503,
  attempt: 1,
  retryCount: 0,
  timedOut: false,
  aborted: false,
  connectionLost: false
}
swarm.chat.failure {
  requestId: 'fab30287-2225-4931-a288-fe7d0985bd4e',
  durationMs: 9,
  stage: 'chat',
  category: 'rate_limit',
  status: 429,
  attempt: 1,
  retryCount: 0,
  timedOut: false,
  aborted: false,
  connectionLost: false
}
swarm.chat.failure {
  requestId: '1013968d-6e50-4ddb-82d5-7bd938484a8c',
  durationMs: 11,
  stage: 'chat',
  category: 'network',
  status: undefined,
  attempt: 1,
  retryCount: 0,
  timedOut: false,
  aborted: false,
  connectionLost: true
}
swarm.chat.failure {
  requestId: 'f4b30924-81e1-4e8e-bb9c-271293ceb219',
  durationMs: 10,
  stage: 'plan',
  category: 'rate_limit',
  status: 429,
  attempt: 1,
  retryCount: 0,
  timedOut: false,
  aborted: false,
  connectionLost: false
}
swarm.chat.failure {
  requestId: '1ff7ed37-4b80-4e00-b834-9a988ec3bc7f',
  durationMs: 13,
  stage: 'chat',
  category: 'server',
  status: 503,
  attempt: 1,
  retryCount: 0,
  timedOut: false,
  aborted: false,
  connectionLost: false
}
swarm.chat.failure {
  requestId: '10726eb7-bb18-4cad-aee3-12365a5bb891',
  durationMs: 22,
  stage: 'review',
  category: 'network',
  status: undefined,
  attempt: 3,
  retryCount: 2,
  timedOut: false,
  aborted: false,
  connectionLost: true
}
swarm.chat.failure {
  requestId: 'c06dd69b-9ebb-429f-9f8c-c1e9beda1595',
  durationMs: 6,
  stage: 'chat',
  category: 'network',
  status: undefined,
  attempt: 1,
  retryCount: 0,
  timedOut: false,
  aborted: false,
  connectionLost: true
}
swarm.chat.failure {
  requestId: '90bbeb03-0558-4678-8a7e-954d771412a7',
  durationMs: 9,
  stage: 'chat',
  category: 'rate_limit',
  status: 429,
  attempt: 1,
  retryCount: 0,
  timedOut: false,
  aborted: false,
  connectionLost: false
}
swarm.chat.failure {
  requestId: 'a8de2a11-8817-42ff-a976-b3aaae5ceea2',
  durationMs: 12,
  stage: 'plan',
  category: 'server',
  status: 503,
  attempt: 1,
  retryCount: 0,
  timedOut: false,
  aborted: false,
  connectionLost: false
}
swarm.chat.failure {
  requestId: '245781a8-ab2a-4d6f-9672-03ee5876e159',
  durationMs: 8,
  stage: 'chat',
  category: 'server',
  status: 503,
  attempt: 1,
  retryCount: 0,
  timedOut: false,
  aborted: false,
  connectionLost: false
}
swarm.chat.failure {
  requestId: '94600439-73dd-4847-81c7-daa035bf73e4',
  durationMs: 15,
  stage: 'plan',
  category: 'rate_limit',
  status: 429,
  attempt: 1,
  retryCount: 0,
  timedOut: false,
  aborted: false,
  connectionLost: false
}
swarm.chat.failure {
  requestId: '78e0d391-e4f8-4e10-9c2a-36639f6f9029',
  durationMs: 22,
  stage: 'review',
  category: 'network',
  status: undefined,
  attempt: 3,
  retryCount: 2,
  timedOut: false,
  aborted: false,
  connectionLost: true
}
swarm.chat.failure {
  requestId: 'a8c8a2fc-056f-4761-8211-3b0a4c5055df',
  durationMs: 6,
  stage: 'chat',
  category: 'rate_limit',
  status: 429,
  attempt: 1,
  retryCount: 0,
  timedOut: false,
  aborted: false,
  connectionLost: false
}
swarm.chat.failure {
  requestId: '2090c325-7051-4bcd-8c81-4626dd18e6a1',
  durationMs: 10,
  stage: 'chat',
  category: 'network',
  status: undefined,
  attempt: 1,
  retryCount: 0,
  timedOut: false,
  aborted: false,
  connectionLost: true
}
swarm.chat.failure {
  requestId: '59f269ff-1e0b-4284-842e-7a7170e1bbaa',
  durationMs: 12,
  stage: 'plan',
  category: 'server',
  status: 503,
  attempt: 1,
  retryCount: 0,
  timedOut: false,
  aborted: false,
  connectionLost: false
}
swarm.chat.failure {
  requestId: '43e5466c-6857-4aca-abe5-a76b81cc1fc8',
  durationMs: 10,
  stage: 'chat',
  category: 'server',
  status: 503,
  attempt: 1,
  retryCount: 0,
  timedOut: false,
  aborted: false,
  connectionLost: false
}
swarm.chat.failure {
  requestId: 'e8b4cc47-0174-4986-9ece-5c51e9c97769',
  durationMs: 17,
  stage: 'plan',
  category: 'rate_limit',
  status: 429,
  attempt: 1,
  retryCount: 0,
  timedOut: false,
  aborted: false,
  connectionLost: false
}
swarm.chat.failure {
  requestId: 'fe1cbd06-340d-40d8-ac68-6f7e8ec8365b',
  durationMs: 30,
  stage: 'review',
  category: 'network',
  status: undefined,
  attempt: 3,
  retryCount: 2,
  timedOut: false,
  aborted: false,
  connectionLost: true
}
swarm.chat.failure {
  requestId: '35664e17-d202-47e8-aa9e-2277f2e327c6',
  durationMs: 7,
  stage: 'chat',
  category: 'network',
  status: undefined,
  attempt: 1,
  retryCount: 0,
  timedOut: false,
  aborted: false,
  connectionLost: true
}
swarm.chat.failure {
  requestId: '8c05708a-67de-47cf-b87a-f27d8ccee100',
  durationMs: 12,
  stage: 'plan',
  category: 'server',
  status: 503,
  attempt: 1,
  retryCount: 0,
  timedOut: false,
  aborted: false,
  connectionLost: false
}
swarm.chat.failure {
  requestId: 'e23fcf8e-51d1-43f0-9bbc-22f4736160fe',
  durationMs: 15,
  stage: 'chat',
  category: 'rate_limit',
  status: 429,
  attempt: 1,
  retryCount: 0,
  timedOut: false,
  aborted: false,
  connectionLost: false
}
swarm.chat.failure {
  requestId: '60ec77fd-179f-4dec-855c-78fc7d6b4c92',
  durationMs: 9,
  stage: 'chat',
  category: 'server',
  status: 503,
  attempt: 1,
  retryCount: 0,
  timedOut: false,
  aborted: false,
  connectionLost: false
}
swarm.chat.failure {
  requestId: 'f9706145-022c-498e-8931-136bbeba747e',
  durationMs: 13,
  stage: 'plan',
  category: 'rate_limit',
  status: 429,
  attempt: 1,
  retryCount: 0,
  timedOut: false,
  aborted: false,
  connectionLost: false
}
swarm.chat.failure {
  requestId: '98610834-5a37-420f-8985-cfc4c72b4bd6',
  durationMs: 21,
  stage: 'review',
  category: 'network',
  status: undefined,
  attempt: 3,
  retryCount: 2,
  timedOut: false,
  aborted: false,
  connectionLost: true
}
swarm.chat.failure {
  requestId: '99c904b2-ee3c-460a-903a-bf9edf848fd2',
  durationMs: 10,
  stage: 'chat',
  category: 'rate_limit',
  status: 429,
  attempt: 1,
  retryCount: 0,
  timedOut: false,
  aborted: false,
  connectionLost: false
}
swarm.chat.failure {
  requestId: 'b535eddc-8982-4747-8071-a0ef24e690d1',
  durationMs: 15,
  stage: 'chat',
  category: 'network',
  status: undefined,
  attempt: 1,
  retryCount: 0,
  timedOut: false,
  aborted: false,
  connectionLost: true
}
swarm.chat.failure {
  requestId: '9ed83741-ae86-4598-abd4-8e05d47a5649',
  durationMs: 17,
  stage: 'plan',
  category: 'server',
  status: 503,
  attempt: 1,
  retryCount: 0,
  timedOut: false,
  aborted: false,
  connectionLost: false
}
swarm.chat.failure {
  requestId: 'c2920188-2ab4-4693-b313-b4df9a58fe5f',
  durationMs: 10,
  stage: 'chat',
  category: 'server',
  status: 503,
  attempt: 1,
  retryCount: 0,
  timedOut: false,
  aborted: false,
  connectionLost: false
}
swarm.chat.failure {
  requestId: 'c33e2fe9-51ec-4d16-a6bf-741a8eb28c6c',
  durationMs: 14,
  stage: 'plan',
  category: 'rate_limit',
  status: 429,
  attempt: 1,
  retryCount: 0,
  timedOut: false,
  aborted: false,
  connectionLost: false
}
swarm.chat.failure {
  requestId: 'd4b58bdb-2b9b-4257-bdf8-1742bb73adae',
  durationMs: 21,
  stage: 'review',
  category: 'network',
  status: undefined,
  attempt: 3,
  retryCount: 2,
  timedOut: false,
  aborted: false,
  connectionLost: true
}
swarm.chat.failure {
  requestId: 'ece556bf-4413-4078-b724-ddb5c44f6015',
  durationMs: 10,
  stage: 'chat',
  category: 'network',
  status: undefined,
  attempt: 1,
  retryCount: 0,
  timedOut: false,
  aborted: false,
  connectionLost: true
}
swarm.chat.failure {
  requestId: '5444c89e-a448-484b-ac40-1d50f7c47a43',
  durationMs: 13,
  stage: 'plan',
  category: 'server',
  status: 503,
  attempt: 1,
  retryCount: 0,
  timedOut: false,
  aborted: false,
  connectionLost: false
}
swarm.chat.failure {
  requestId: 'a0c77c51-dd3a-4e47-bbcb-6a20833ffa77',
  durationMs: 14,
  stage: 'chat',
  category: 'rate_limit',
  status: 429,
  attempt: 1,
  retryCount: 0,
  timedOut: false,
  aborted: false,
  connectionLost: false
}
swarm.chat.failure {
  requestId: '64750c76-c65d-45b1-84f2-f0ace0bf0032',
  durationMs: 6,
  stage: 'chat',
  category: 'server',
  status: 503,
  attempt: 1,
  retryCount: 0,
  timedOut: false,
  aborted: false,
  connectionLost: false
}
swarm.chat.failure {
  requestId: '125a47c8-34cc-4794-abcc-94b513d23002',
  durationMs: 13,
  stage: 'plan',
  category: 'rate_limit',
  status: 429,
  attempt: 1,
  retryCount: 0,
  timedOut: false,
  aborted: false,
  connectionLost: false
}
swarm.chat.failure {
  requestId: 'd378f99d-412d-4bb2-8fe2-42021be7f704',
  durationMs: 19,
  stage: 'review',
  category: 'network',
  status: undefined,
  attempt: 3,
  retryCount: 2,
  timedOut: false,
  aborted: false,
  connectionLost: true
}
swarm.chat.failure {
  requestId: '594594c6-ef5c-41c2-8e05-9fe772a6f51b',
  durationMs: 6,
  stage: 'chat',
  category: 'rate_limit',
  status: 429,
  attempt: 1,
  retryCount: 0,
  timedOut: false,
  aborted: false,
  connectionLost: false
}
swarm.chat.failure {
  requestId: 'f5d8fb9b-8c85-4c57-9caf-3ffea11deca5',
  durationMs: 11,
  stage: 'chat',
  category: 'network',
  status: undefined,
  attempt: 1,
  retryCount: 0,
  timedOut: false,
  aborted: false,
  connectionLost: true
}
swarm.chat.failure {
  requestId: '71cfd4eb-cf32-4828-858c-f0830a284546',
  durationMs: 13,
  stage: 'plan',
  category: 'server',
  status: 503,
  attempt: 1,
  retryCount: 0,
  timedOut: false,
  aborted: false,
  connectionLost: false
}
swarm.chat.failure {
  requestId: '3f6811e2-c696-436e-8dcd-da89ffe31b74',
  durationMs: 11,
  stage: 'chat',
  category: 'server',
  status: 503,
  attempt: 1,
  retryCount: 0,
  timedOut: false,
  aborted: false,
  connectionLost: false
}
swarm.chat.failure {
  requestId: 'c2671b45-fd55-40f6-b07f-469609156e8d',
  durationMs: 15,
  stage: 'plan',
  category: 'rate_limit',
  status: 429,
  attempt: 1,
  retryCount: 0,
  timedOut: false,
  aborted: false,
  connectionLost: false
}
swarm.chat.failure {
  requestId: 'a6cef706-a038-4b35-b27a-c42ff53b969a',
  durationMs: 22,
  stage: 'review',
  category: 'network',
  status: undefined,
  attempt: 3,
  retryCount: 2,
  timedOut: false,
  aborted: false,
  connectionLost: true
}
swarm.chat.failure {
  requestId: 'be5e949c-20c5-48ec-8f79-96b944f9774e',
  durationMs: 7,
  stage: 'chat',
  category: 'network',
  status: undefined,
  attempt: 1,
  retryCount: 0,
  timedOut: false,
  aborted: false,
  connectionLost: true
}
swarm.chat.failure {
  requestId: 'bcf2a368-cfdf-4483-a07b-c7b803bdf12d',
  durationMs: 9,
  stage: 'plan',
  category: 'server',
  status: 503,
  attempt: 1,
  retryCount: 0,
  timedOut: false,
  aborted: false,
  connectionLost: false
}
swarm.chat.failure {
  requestId: 'f799c2eb-fb4d-4761-b537-d4076a3a190f',
  durationMs: 11,
  stage: 'chat',
  category: 'rate_limit',
  status: 429,
  attempt: 1,
  retryCount: 0,
  timedOut: false,
  aborted: false,
  connectionLost: false
}
swarm.chat.failure {
  requestId: '7e485fe0-6345-4ea7-8aff-7645895588db',
  durationMs: 10,
  stage: 'chat',
  category: 'server',
  status: 503,
  attempt: 1,
  retryCount: 0,
  timedOut: false,
  aborted: false,
  connectionLost: false
}
swarm.chat.failure {
  requestId: 'e69f3b61-61ee-4a5c-8b38-daaa815ea09f',
  durationMs: 14,
  stage: 'plan',
  category: 'rate_limit',
  status: 429,
  attempt: 1,
  retryCount: 0,
  timedOut: false,
  aborted: false,
  connectionLost: false
}
swarm.chat.failure {
  requestId: 'd81371f4-dd4e-49d5-806d-0c9f9f7a1430',
  durationMs: 23,
  stage: 'review',
  category: 'network',
  status: undefined,
  attempt: 3,
  retryCount: 2,
  timedOut: false,
  aborted: false,
  connectionLost: true
}
swarm.chat.failure {
  requestId: '96bf255d-f35a-408c-86c8-e2cd8c169566',
  durationMs: 9,
  stage: 'chat',
  category: 'rate_limit',
  status: 429,
  attempt: 1,
  retryCount: 0,
  timedOut: false,
  aborted: false,
  connectionLost: false
}
swarm.chat.failure {
  requestId: 'f9f20b89-d662-4532-bc76-420c0499ea20',
  durationMs: 12,
  stage: 'chat',
  category: 'network',
  status: undefined,
  attempt: 1,
  retryCount: 0,
  timedOut: false,
  aborted: false,
  connectionLost: true
}
swarm.chat.failure {
  requestId: 'b848a434-41e1-47ef-bf72-ffe58b0ad2f1',
  durationMs: 15,
  stage: 'plan',
  category: 'server',
  status: 503,
  attempt: 1,
  retryCount: 0,
  timedOut: false,
  aborted: false,
  connectionLost: false
}
swarm.chat.failure {
  requestId: 'fe6138ca-4b18-4e4c-84b9-ce8e0a90523b',
  durationMs: 10,
  stage: 'chat',
  category: 'server',
  status: 503,
  attempt: 1,
  retryCount: 0,
  timedOut: false,
  aborted: false,
  connectionLost: false
}
swarm.chat.failure {
  requestId: '2e864fcf-a263-40f4-a3d0-37060e34d271',
  durationMs: 12,
  stage: 'plan',
  category: 'rate_limit',
  status: 429,
  attempt: 1,
  retryCount: 0,
  timedOut: false,
  aborted: false,
  connectionLost: false
}
swarm.chat.failure {
  requestId: '4c7da663-6b58-4a46-bf0f-3d3f92729cdd',
  durationMs: 21,
  stage: 'review',
  category: 'network',
  status: undefined,
  attempt: 3,
  retryCount: 2,
  timedOut: false,
  aborted: false,
  connectionLost: true
}
swarm.chat.failure {
  requestId: '9c28dae6-f6c9-4d8f-a566-63e41abd2d81',
  durationMs: 8,
  stage: 'chat',
  category: 'network',
  status: undefined,
  attempt: 1,
  retryCount: 0,
  timedOut: false,
  aborted: false,
  connectionLost: true
}
swarm.chat.failure {
  requestId: '5c72c8fa-74b6-41fa-8bb1-808e1e3aa4a3',
  durationMs: 10,
  stage: 'plan',
  category: 'server',
  status: 503,
  attempt: 1,
  retryCount: 0,
  timedOut: false,
  aborted: false,
  connectionLost: false
}
swarm.chat.failure {
  requestId: '23e1e884-6434-4b13-9056-bfe9572e324a',
  durationMs: 16,
  stage: 'chat',
  category: 'rate_limit',
  status: 429,
  attempt: 1,
  retryCount: 0,
  timedOut: false,
  aborted: false,
  connectionLost: false
}
swarm.chat.failure {
  requestId: '796dfef0-e283-4bd8-911a-eeac06e04e66',
  durationMs: 7,
  stage: 'chat',
  category: 'server',
  status: 503,
  attempt: 1,
  retryCount: 0,
  timedOut: false,
  aborted: false,
  connectionLost: false
}
swarm.chat.failure {
  requestId: 'd5fd70fc-9336-4393-a1c4-4e65500d57be',
  durationMs: 9,
  stage: 'plan',
  category: 'rate_limit',
  status: 429,
  attempt: 1,
  retryCount: 0,
  timedOut: false,
  aborted: false,
  connectionLost: false
}
swarm.chat.failure {
  requestId: 'e83b1a3f-37c4-4d89-9b1d-2da54b75bbad',
  durationMs: 26,
  stage: 'review',
  category: 'network',
  status: undefined,
  attempt: 3,
  retryCount: 2,
  timedOut: false,
  aborted: false,
  connectionLost: true
}
swarm.chat.failure {
  requestId: 'ed75e5b9-8811-41eb-a89f-fd27be4ad814',
  durationMs: 6,
  stage: 'chat',
  category: 'rate_limit',
  status: 429,
  attempt: 1,
  retryCount: 0,
  timedOut: false,
  aborted: false,
  connectionLost: false
}
swarm.chat.failure {
  requestId: '110bdd42-52c1-4efd-9d67-73e48dc31f19',
  durationMs: 9,
  stage: 'chat',
  category: 'network',
  status: undefined,
  attempt: 1,
  retryCount: 0,
  timedOut: false,
  aborted: false,
  connectionLost: true
}
swarm.chat.failure {
  requestId: '46ece169-57eb-4d23-9e07-3efe5dbcfb2a',
  durationMs: 12,
  stage: 'plan',
  category: 'server',
  status: 503,
  attempt: 1,
  retryCount: 0,
  timedOut: false,
  aborted: false,
  connectionLost: false
}
swarm.chat.failure {
  requestId: '9dcb6b4a-763c-4e9d-b804-8fe1100abe8e',
  durationMs: 7,
  stage: 'chat',
  category: 'server',
  status: 503,
  attempt: 1,
  retryCount: 0,
  timedOut: false,
  aborted: false,
  connectionLost: false
}
swarm.chat.failure {
  requestId: '3cc69269-7be1-4d29-ad83-ddb77c5beab6',
  durationMs: 21,
  stage: 'plan',
  category: 'rate_limit',
  status: 429,
  attempt: 1,
  retryCount: 0,
  timedOut: false,
  aborted: false,
  connectionLost: false
}
swarm.chat.failure {
  requestId: 'fbfaa891-728d-4954-adf5-3b06267480a4',
  durationMs: 30,
  stage: 'review',
  category: 'network',
  status: undefined,
  attempt: 3,
  retryCount: 2,
  timedOut: false,
  aborted: false,
  connectionLost: true
}
swarm.chat.failure {
  requestId: '8cb7db2c-8c65-4650-9f8f-e2a45737eaa6',
  durationMs: 11,
  stage: 'chat',
  category: 'network',
  status: undefined,
  attempt: 1,
  retryCount: 0,
  timedOut: false,
  aborted: false,
  connectionLost: true
}
swarm.chat.failure {
  requestId: '198adedd-d845-4da1-bd02-36648dc558e7',
  durationMs: 16,
  stage: 'chat',
  category: 'rate_limit',
  status: 429,
  attempt: 1,
  retryCount: 0,
  timedOut: false,
  aborted: false,
  connectionLost: false
}
swarm.chat.failure {
  requestId: '809b5bed-db30-41d4-a59a-b2c9ec4376b1',
  durationMs: 22,
  stage: 'plan',
  category: 'server',
  status: 503,
  attempt: 1,
  retryCount: 0,
  timedOut: false,
  aborted: false,
  connectionLost: false
}
swarm.chat.failure {
  requestId: '487d5725-048d-4b97-b25f-79170835b842',
  durationMs: 6,
  stage: 'chat',
  category: 'server',
  status: 503,
  attempt: 1,
  retryCount: 0,
  timedOut: false,
  aborted: false,
  connectionLost: false
}
swarm.chat.failure {
  requestId: 'd72de015-b182-4ff9-b8a2-a8534ca9147c',
  durationMs: 15,
  stage: 'plan',
  category: 'rate_limit',
  status: 429,
  attempt: 1,
  retryCount: 0,
  timedOut: false,
  aborted: false,
  connectionLost: false
}
swarm.chat.failure {
  requestId: '8240fae7-1576-47ea-8c31-2927680cc920',
  durationMs: 21,
  stage: 'review',
  category: 'network',
  status: undefined,
  attempt: 3,
  retryCount: 2,
  timedOut: false,
  aborted: false,
  connectionLost: true
}
swarm.chat.failure {
  requestId: 'ad1a4a8e-7472-4ef7-81ad-6ea4e206fcdc',
  durationMs: 6,
  stage: 'chat',
  category: 'rate_limit',
  status: 429,
  attempt: 1,
  retryCount: 0,
  timedOut: false,
  aborted: false,
  connectionLost: false
}
swarm.chat.failure {
  requestId: 'fb5f9bd3-cb2d-48fd-a1e8-1f6511ce1843',
  durationMs: 10,
  stage: 'chat',
  category: 'network',
  status: undefined,
  attempt: 1,
  retryCount: 0,
  timedOut: false,
  aborted: false,
  connectionLost: true
}
swarm.chat.failure {
  requestId: 'fc6e0408-e08c-4b5c-915d-567197850461',
  durationMs: 13,
  stage: 'plan',
  category: 'server',
  status: 503,
  attempt: 1,
  retryCount: 0,
  timedOut: false,
  aborted: false,
  connectionLost: false
}
swarm.chat.failure {
  requestId: 'a1445abb-be61-4cea-9424-ba733fd4f20f',
  durationMs: 9,
  stage: 'chat',
  category: 'server',
  status: 503,
  attempt: 1,
  retryCount: 0,
  timedOut: false,
  aborted: false,
  connectionLost: false
}
swarm.chat.failure {
  requestId: 'f3344aca-5039-422e-994f-d3613dbe438a',
  durationMs: 17,
  stage: 'plan',
  category: 'rate_limit',
  status: 429,
  attempt: 1,
  retryCount: 0,
  timedOut: false,
  aborted: false,
  connectionLost: false
}
swarm.chat.failure {
  requestId: '6c98f018-19a9-4f65-8490-1039b1a8eb87',
  durationMs: 25,
  stage: 'review',
  category: 'network',
  status: undefined,
  attempt: 3,
  retryCount: 2,
  timedOut: false,
  aborted: false,
  connectionLost: true
}
swarm.chat.failure {
  requestId: 'ff44f62c-5795-4279-95c9-ddf3d0fdbc89',
  durationMs: 5,
  stage: 'plan',
  category: 'server',
  status: 503,
  attempt: 1,
  retryCount: 0,
  timedOut: false,
  aborted: false,
  connectionLost: false
}
swarm.chat.failure {
  requestId: 'c201bc0e-65e9-48d8-87f3-c2719da9c1b5',
  durationMs: 9,
  stage: 'chat',
  category: 'network',
  status: undefined,
  attempt: 1,
  retryCount: 0,
  timedOut: false,
  aborted: false,
  connectionLost: true
}
swarm.chat.failure {
  requestId: '8970ea4e-8981-4fa5-b1c0-7f61f4b0d269',
  durationMs: 12,
  stage: 'chat',
  category: 'rate_limit',
  status: 429,
  attempt: 1,
  retryCount: 0,
  timedOut: false,
  aborted: false,
  connectionLost: false
}
swarm.chat.failure {
  requestId: '1469f79a-25a8-4950-9394-40c8a5e2fc06',
  durationMs: 11,
  stage: 'chat',
  category: 'server',
  status: 503,
  attempt: 1,
  retryCount: 0,
  timedOut: false,
  aborted: false,
  connectionLost: false
}
swarm.chat.failure {
  requestId: 'fd2a813e-b966-4a8c-bcf1-d7e48fbfcf58',
  durationMs: 12,
  stage: 'plan',
  category: 'rate_limit',
  status: 429,
  attempt: 1,
  retryCount: 0,
  timedOut: false,
  aborted: false,
  connectionLost: false
}
swarm.chat.failure {
  requestId: '417775cf-35c9-408e-abd9-ebd2a332550a',
  durationMs: 23,
  stage: 'review',
  category: 'network',
  status: undefined,
  attempt: 3,
  retryCount: 2,
  timedOut: false,
  aborted: false,
  connectionLost: true
}
swarm.chat.failure {
  requestId: '3a210b75-70a5-413c-b3ea-cfc6bacbfd6a',
  durationMs: 5,
  stage: 'chat',
  category: 'rate_limit',
  status: 429,
  attempt: 1,
  retryCount: 0,
  timedOut: false,
  aborted: false,
  connectionLost: false
}
swarm.chat.failure {
  requestId: '50def362-36a8-427c-b5b1-20fbadd38951',
  durationMs: 10,
  stage: 'chat',
  category: 'network',
  status: undefined,
  attempt: 1,
  retryCount: 0,
  timedOut: false,
  aborted: false,
  connectionLost: true
}
swarm.chat.failure {
  requestId: '49327555-54fa-4fa6-8b94-42b462776072',
  durationMs: 12,
  stage: 'plan',
  category: 'server',
  status: 503,
  attempt: 1,
  retryCount: 0,
  timedOut: false,
  aborted: false,
  connectionLost: false
}
swarm.chat.failure {
  requestId: '8e50b179-0ad4-4677-8594-1ab6844f1660',
  durationMs: 6,
  stage: 'chat',
  category: 'server',
  status: 503,
  attempt: 1,
  retryCount: 0,
  timedOut: false,
  aborted: false,
  connectionLost: false
}
swarm.chat.failure {
  requestId: '9be61b6c-2124-4466-b2fe-1d6a1f210d03',
  durationMs: 12,
  stage: 'plan',
  category: 'rate_limit',
  status: 429,
  attempt: 1,
  retryCount: 0,
  timedOut: false,
  aborted: false,
  connectionLost: false
}
swarm.chat.failure {
  requestId: '2cf62620-9666-4a38-8346-8e52431e3d9a',
  durationMs: 20,
  stage: 'review',
  category: 'network',
  status: undefined,
  attempt: 3,
  retryCount: 2,
  timedOut: false,
  aborted: false,
  connectionLost: true
}
swarm.chat.failure {
  requestId: '4f4bb4b1-4afe-47ac-b785-8944620de18b',
  durationMs: 6,
  stage: 'plan',
  category: 'server',
  status: 503,
  attempt: 1,
  retryCount: 0,
  timedOut: false,
  aborted: false,
  connectionLost: false
}
swarm.chat.failure {
  requestId: '97739349-5020-44ca-bfe6-0cdeb16c9e80',
  durationMs: 9,
  stage: 'chat',
  category: 'network',
  status: undefined,
  attempt: 1,
  retryCount: 0,
  timedOut: false,
  aborted: false,
  connectionLost: true
}
swarm.chat.failure {
  requestId: '21cd746a-a90c-484f-b5c4-93bd620a4b98',
  durationMs: 12,
  stage: 'chat',
  category: 'rate_limit',
  status: 429,
  attempt: 1,
  retryCount: 0,
  timedOut: false,
  aborted: false,
  connectionLost: false
}
swarm.chat.failure {
  requestId: '4d4b9eca-867e-4787-8dc2-4d4f95dbfb65',
  durationMs: 7,
  stage: 'chat',
  category: 'server',
  status: 503,
  attempt: 1,
  retryCount: 0,
  timedOut: false,
  aborted: false,
  connectionLost: false
}
swarm.chat.failure {
  requestId: 'b2d9a969-c4d8-4931-b849-701a10f9c902',
  durationMs: 9,
  stage: 'plan',
  category: 'rate_limit',
  status: 429,
  attempt: 1,
  retryCount: 0,
  timedOut: false,
  aborted: false,
  connectionLost: false
}
swarm.chat.failure {
  requestId: '3dc0c4b8-c05e-4dae-943e-14fc874cd7b1',
  durationMs: 23,
  stage: 'review',
  category: 'network',
  status: undefined,
  attempt: 3,
  retryCount: 2,
  timedOut: false,
  aborted: false,
  connectionLost: true
}
swarm.chat.failure {
  requestId: 'b0c0af7f-c8e0-4e63-b4cf-0d957d03034e',
  durationMs: 10,
  stage: 'chat',
  category: 'rate_limit',
  status: 429,
  attempt: 1,
  retryCount: 0,
  timedOut: false,
  aborted: false,
  connectionLost: false
}
swarm.chat.failure {
  requestId: '68f3d378-0638-45f3-b470-82849785ce5a',
  durationMs: 12,
  stage: 'chat',
  category: 'network',
  status: undefined,
  attempt: 1,
  retryCount: 0,
  timedOut: false,
  aborted: false,
  connectionLost: true
}
swarm.chat.failure {
  requestId: '6489d889-b4e0-473c-b3a0-987982db2139',
  durationMs: 15,
  stage: 'plan',
  category: 'server',
  status: 503,
  attempt: 1,
  retryCount: 0,
  timedOut: false,
  aborted: false,
  connectionLost: false
}
swarm.chat.failure {
  requestId: '1ea98e0e-ae03-4361-bbc3-a7e3d04d874f',
  durationMs: 8,
  stage: 'chat',
  category: 'server',
  status: 503,
  attempt: 1,
  retryCount: 0,
  timedOut: false,
  aborted: false,
  connectionLost: false
}
swarm.chat.failure {
  requestId: '33fdf8e9-9d8c-466d-9de1-739b52fd6dee',
  durationMs: 12,
  stage: 'plan',
  category: 'rate_limit',
  status: 429,
  attempt: 1,
  retryCount: 0,
  timedOut: false,
  aborted: false,
  connectionLost: false
}
swarm.chat.failure {
  requestId: '9995ca86-8fc2-42a5-ad7d-f4d6582820f1',
  durationMs: 18,
  stage: 'review',
  category: 'network',
  status: undefined,
  attempt: 3,
  retryCount: 2,
  timedOut: false,
  aborted: false,
  connectionLost: true
}
swarm.chat.failure {
  requestId: 'b9fcf23f-6917-41c8-8184-dd0ae1f8e74d',
  durationMs: 5,
  stage: 'plan',
  category: 'server',
  status: 503,
  attempt: 1,
  retryCount: 0,
  timedOut: false,
  aborted: false,
  connectionLost: false
}
swarm.chat.failure {
  requestId: '6a837e79-8a52-461f-a8c5-0f8617150828',
  durationMs: 9,
  stage: 'chat',
  category: 'network',
  status: undefined,
  attempt: 1,
  retryCount: 0,
  timedOut: false,
  aborted: false,
  connectionLost: true
}
swarm.chat.failure {
  requestId: '90793c01-31cc-4fda-8694-ca59ea24007e',
  durationMs: 11,
  stage: 'chat',
  category: 'rate_limit',
  status: 429,
  attempt: 1,
  retryCount: 0,
  timedOut: false,
  aborted: false,
  connectionLost: false
}
swarm.chat.failure {
  requestId: 'bdc7ac01-0fd9-42ae-91a9-67271b02e078',
  durationMs: 8,
  stage: 'chat',
  category: 'server',
  status: 503,
  attempt: 1,
  retryCount: 0,
  timedOut: false,
  aborted: false,
  connectionLost: false
}
swarm.chat.failure {
  requestId: '41ae71f8-e933-4e19-8ef3-919b4ca99f4f',
  durationMs: 10,
  stage: 'plan',
  category: 'rate_limit',
  status: 429,
  attempt: 1,
  retryCount: 0,
  timedOut: false,
  aborted: false,
  connectionLost: false
}
swarm.chat.failure {
  requestId: 'a98874a9-5ed1-482d-8c98-9e5e63f3f1d4',
  durationMs: 23,
  stage: 'review',
  category: 'network',
  status: undefined,
  attempt: 3,
  retryCount: 2,
  timedOut: false,
  aborted: false,
  connectionLost: true
}
swarm.chat.failure {
  requestId: '540f8d77-3179-4ac9-b60b-49c5f490cae0',
  durationMs: 5,
  stage: 'chat',
  category: 'rate_limit',
  status: 429,
  attempt: 1,
  retryCount: 0,
  timedOut: false,
  aborted: false,
  connectionLost: false
}
swarm.chat.failure {
  requestId: '28de9154-e9c4-4294-a835-85ab2a039b37',
  durationMs: 8,
  stage: 'chat',
  category: 'network',
  status: undefined,
  attempt: 1,
  retryCount: 0,
  timedOut: false,
  aborted: false,
  connectionLost: true
}
swarm.chat.failure {
  requestId: 'ae8bdb2d-8d6f-47a2-bdff-2cd3c93fd5e2',
  durationMs: 12,
  stage: 'plan',
  category: 'server',
  status: 503,
  attempt: 1,
  retryCount: 0,
  timedOut: false,
  aborted: false,
  connectionLost: false
}
swarm.chat.failure {
  requestId: '8b639841-ae4e-4cc6-a78c-072cd8bdc9f5',
  durationMs: 8,
  stage: 'chat',
  category: 'server',
  status: 503,
  attempt: 1,
  retryCount: 0,
  timedOut: false,
  aborted: false,
  connectionLost: false
}
swarm.chat.failure {
  requestId: 'dbf69924-662e-49c8-9f09-2d4486cbf388',
  durationMs: 27,
  stage: 'plan',
  category: 'rate_limit',
  status: 429,
  attempt: 1,
  retryCount: 0,
  timedOut: false,
  aborted: false,
  connectionLost: false
}
swarm.chat.failure {
  requestId: '77fb6b93-7e45-4c91-a8fa-6132c714073b',
  durationMs: 34,
  stage: 'review',
  category: 'network',
  status: undefined,
  attempt: 3,
  retryCount: 2,
  timedOut: false,
  aborted: false,
  connectionLost: true
}
swarm.chat.failure {
  requestId: 'c45dc4b1-7084-448d-ae28-2ab21fecd47b',
  durationMs: 7,
  stage: 'chat',
  category: 'network',
  status: undefined,
  attempt: 1,
  retryCount: 0,
  timedOut: false,
  aborted: false,
  connectionLost: true
}
swarm.chat.failure {
  requestId: 'c4cd3821-ac81-4643-bacd-12ea400d071a',
  durationMs: 8,
  stage: 'chat',
  category: 'rate_limit',
  status: 429,
  attempt: 1,
  retryCount: 0,
  timedOut: false,
  aborted: false,
  connectionLost: false
}
swarm.chat.failure {
  requestId: '60717a4e-3ccf-4b82-ab07-3bc4164d380f',
  durationMs: 11,
  stage: 'plan',
  category: 'server',
  status: 503,
  attempt: 1,
  retryCount: 0,
  timedOut: false,
  aborted: false,
  connectionLost: false
}
swarm.chat.failure {
  requestId: '8621fed9-6bff-439e-9acd-2f85f2fe2a34',
  durationMs: 10,
  stage: 'chat',
  category: 'server',
  status: 503,
  attempt: 1,
  retryCount: 0,
  timedOut: false,
  aborted: false,
  connectionLost: false
}
swarm.chat.failure {
  requestId: 'ea0f1870-9f93-4a30-8bca-0dd8058b05df',
  durationMs: 18,
  stage: 'plan',
  category: 'rate_limit',
  status: 429,
  attempt: 1,
  retryCount: 0,
  timedOut: false,
  aborted: false,
  connectionLost: false
}
swarm.chat.failure {
  requestId: '2c3da5af-f516-4922-8b10-28ff1ddc68dd',
  durationMs: 38,
  stage: 'review',
  category: 'network',
  status: undefined,
  attempt: 3,
  retryCount: 2,
  timedOut: false,
  aborted: false,
  connectionLost: true
}
swarm.chat.failure {
  requestId: '5b33f539-0741-423b-9224-1cbbd1d7db71',
  durationMs: 7,
  stage: 'chat',
  category: 'rate_limit',
  status: 429,
  attempt: 1,
  retryCount: 0,
  timedOut: false,
  aborted: false,
  connectionLost: false
}
swarm.chat.failure {
  requestId: '43216fca-9614-48d9-927f-d9e995c4bada',
  durationMs: 10,
  stage: 'chat',
  category: 'network',
  status: undefined,
  attempt: 1,
  retryCount: 0,
  timedOut: false,
  aborted: false,
  connectionLost: true
}
swarm.chat.failure {
  requestId: 'd233e672-953a-4b41-9e2b-3303d57a9aad',
  durationMs: 14,
  stage: 'plan',
  category: 'server',
  status: 503,
  attempt: 1,
  retryCount: 0,
  timedOut: false,
  aborted: false,
  connectionLost: false
}
swarm.chat.failure {
  requestId: 'af42ec56-8353-481f-8d44-5ec0d25382f9',
  durationMs: 7,
  stage: 'chat',
  category: 'server',
  status: 503,
  attempt: 1,
  retryCount: 0,
  timedOut: false,
  aborted: false,
  connectionLost: false
}
swarm.chat.failure {
  requestId: 'a24867c7-8c48-4bad-bf6d-6b0bec28cb36',
  durationMs: 12,
  stage: 'plan',
  category: 'rate_limit',
  status: 429,
  attempt: 1,
  retryCount: 0,
  timedOut: false,
  aborted: false,
  connectionLost: false
}
swarm.chat.failure {
  requestId: '45973d7f-d163-40b8-9f9d-e941848f3bc3',
  durationMs: 22,
  stage: 'review',
  category: 'network',
  status: undefined,
  attempt: 3,
  retryCount: 2,
  timedOut: false,
  aborted: false,
  connectionLost: true
}
swarm.chat.failure {
  requestId: 'fffdc6c8-39dc-4e67-b316-8c0e0f58b6d8',
  durationMs: 9,
  stage: 'plan',
  category: 'server',
  status: 503,
  attempt: 1,
  retryCount: 0,
  timedOut: false,
  aborted: false,
  connectionLost: false
}
swarm.chat.failure {
  requestId: '27924a5f-0e94-493b-8fa5-33f0370bfffc',
  durationMs: 11,
  stage: 'chat',
  category: 'rate_limit',
  status: 429,
  attempt: 1,
  retryCount: 0,
  timedOut: false,
  aborted: false,
  connectionLost: false
}
swarm.chat.failure {
  requestId: 'dc32e9c7-9530-4abc-9f3a-5d3ae1850862',
  durationMs: 14,
  stage: 'chat',
  category: 'network',
  status: undefined,
  attempt: 1,
  retryCount: 0,
  timedOut: false,
  aborted: false,
  connectionLost: true
}
swarm.chat.failure {
  requestId: 'e7521341-9ae3-461f-9668-8cf9c3a001fa',
  durationMs: 7,
  stage: 'plan',
  category: 'rate_limit',
  status: 429,
  attempt: 1,
  retryCount: 0,
  timedOut: false,
  aborted: false,
  connectionLost: false
}
swarm.chat.failure {
  requestId: '78263183-857b-4635-a41a-cb2579712305',
  durationMs: 11,
  stage: 'chat',
  category: 'server',
  status: 503,
  attempt: 1,
  retryCount: 0,
  timedOut: false,
  aborted: false,
  connectionLost: false
}
swarm.chat.failure {
  requestId: '722c167b-7ccb-4c62-8328-9d2d3c6209c7',
  durationMs: 26,
  stage: 'review',
  category: 'network',
  status: undefined,
  attempt: 3,
  retryCount: 2,
  timedOut: false,
  aborted: false,
  connectionLost: true
}
swarm.chat.failure {
  requestId: 'dc2f51ee-5026-4105-a399-1e5ddaf1466c',
  durationMs: 5,
  stage: 'chat',
  category: 'rate_limit',
  status: 429,
  attempt: 1,
  retryCount: 0,
  timedOut: false,
  aborted: false,
  connectionLost: false
}
swarm.chat.failure {
  requestId: '9def1873-2af0-4421-a8de-f9b7d5f4ddc2',
  durationMs: 7,
  stage: 'chat',
  category: 'network',
  status: undefined,
  attempt: 1,
  retryCount: 0,
  timedOut: false,
  aborted: false,
  connectionLost: true
}
swarm.chat.failure {
  requestId: '3c872109-3fdd-42cf-8ec1-dd8bfe45a93c',
  durationMs: 12,
  stage: 'plan',
  category: 'server',
  status: 503,
  attempt: 1,
  retryCount: 0,
  timedOut: false,
  aborted: false,
  connectionLost: false
}
swarm.chat.failure {
  requestId: 'f81ed0b2-b08a-40fe-81ce-9763d90d1c5f',
  durationMs: 9,
  stage: 'chat',
  category: 'server',
  status: 503,
  attempt: 1,
  retryCount: 0,
  timedOut: false,
  aborted: false,
  connectionLost: false
}
swarm.chat.failure {
  requestId: '384a5933-28da-447b-8c3a-a118a4dfe510',
  durationMs: 18,
  stage: 'plan',
  category: 'rate_limit',
  status: 429,
  attempt: 1,
  retryCount: 0,
  timedOut: false,
  aborted: false,
  connectionLost: false
}
swarm.chat.failure {
  requestId: '4c27c40f-9dbd-439c-bb8a-65f30282a38d',
  durationMs: 21,
  stage: 'review',
  category: 'network',
  status: undefined,
  attempt: 3,
  retryCount: 2,
  timedOut: false,
  aborted: false,
  connectionLost: true
}
swarm.chat.failure {
  requestId: '2f170e63-44f8-4484-9d26-5e6936e2660c',
  durationMs: 7,
  stage: 'chat',
  category: 'network',
  status: undefined,
  attempt: 1,
  retryCount: 0,
  timedOut: false,
  aborted: false,
  connectionLost: true
}
swarm.chat.failure {
  requestId: 'a0c66fb4-b927-4757-b6be-517b50a2e94e',
  durationMs: 12,
  stage: 'plan',
  category: 'server',
  status: 503,
  attempt: 1,
  retryCount: 0,
  timedOut: false,
  aborted: false,
  connectionLost: false
}
swarm.chat.failure {
  requestId: '2954b6e6-16f9-49fa-b709-576c46a112ea',
  durationMs: 14,
  stage: 'chat',
  category: 'rate_limit',
  status: 429,
  attempt: 1,
  retryCount: 0,
  timedOut: false,
  aborted: false,
  connectionLost: false
}
swarm.chat.failure {
  requestId: '54c9591f-2aab-49ce-adea-ea4350043385',
  durationMs: 7,
  stage: 'chat',
  category: 'server',
  status: 503,
  attempt: 1,
  retryCount: 0,
  timedOut: false,
  aborted: false,
  connectionLost: false
}
swarm.chat.failure {
  requestId: 'a34877e6-cf64-4d0f-ab39-810f6847f07f',
  durationMs: 10,
  stage: 'plan',
  category: 'rate_limit',
  status: 429,
  attempt: 1,
  retryCount: 0,
  timedOut: false,
  aborted: false,
  connectionLost: false
}
swarm.chat.failure {
  requestId: '0c044e09-0712-41d1-b989-8f27dcb20a14',
  durationMs: 29,
  stage: 'review',
  category: 'network',
  status: undefined,
  attempt: 3,
  retryCount: 2,
  timedOut: false,
  aborted: false,
  connectionLost: true
}
swarm.chat.failure {
  requestId: '07efa62e-0572-48c1-88bc-d8b2bc41dcb0',
  durationMs: 7,
  stage: 'chat',
  category: 'network',
  status: undefined,
  attempt: 1,
  retryCount: 0,
  timedOut: false,
  aborted: false,
  connectionLost: true
}
swarm.chat.failure {
  requestId: '7b4053ef-e99a-44b5-bad1-016d75e6218d',
  durationMs: 9,
  stage: 'chat',
  category: 'rate_limit',
  status: 429,
  attempt: 1,
  retryCount: 0,
  timedOut: false,
  aborted: false,
  connectionLost: false
}
swarm.chat.failure {
  requestId: 'a9df6499-f7e0-4dab-bebc-2535c039dbd6',
  durationMs: 11,
  stage: 'plan',
  category: 'server',
  status: 503,
  attempt: 1,
  retryCount: 0,
  timedOut: false,
  aborted: false,
  connectionLost: false
}
swarm.chat.failure {
  requestId: 'e671fa36-46e3-4df3-b20e-e1c3df372463',
  durationMs: 9,
  stage: 'chat',
  category: 'server',
  status: 503,
  attempt: 1,
  retryCount: 0,
  timedOut: false,
  aborted: false,
  connectionLost: false
}
swarm.chat.failure {
  requestId: 'e4f73ef9-d902-4c8d-97bd-1e4de25b8851',
  durationMs: 12,
  stage: 'plan',
  category: 'rate_limit',
  status: 429,
  attempt: 1,
  retryCount: 0,
  timedOut: false,
  aborted: false,
  connectionLost: false
}
swarm.chat.failure {
  requestId: 'dafaac7a-f63e-4d0b-a5b6-a792e70f7f86',
  durationMs: 19,
  stage: 'review',
  category: 'network',
  status: undefined,
  attempt: 3,
  retryCount: 2,
  timedOut: false,
  aborted: false,
  connectionLost: true
}
swarm.chat.failure {
  requestId: 'c8110c58-7bd7-4f0a-bf5e-41cd2c8b6fb3',
  durationMs: 6,
  stage: 'chat',
  category: 'network',
  status: undefined,
  attempt: 1,
  retryCount: 0,
  timedOut: false,
  aborted: false,
  connectionLost: true
}
swarm.chat.failure {
  requestId: '519a0f07-c610-46bc-98e5-a8babfa81631',
  durationMs: 10,
  stage: 'chat',
  category: 'rate_limit',
  status: 429,
  attempt: 1,
  retryCount: 0,
  timedOut: false,
  aborted: false,
  connectionLost: false
}
swarm.chat.failure {
  requestId: '1b9ad553-5479-4f09-a5a5-b883af5d00dc',
  durationMs: 13,
  stage: 'plan',
  category: 'server',
  status: 503,
  attempt: 1,
  retryCount: 0,
  timedOut: false,
  aborted: false,
  connectionLost: false
}
swarm.chat.failure {
  requestId: '16cfd5b7-10c4-450f-9543-76ca61e8fb6e',
  durationMs: 8,
  stage: 'chat',
  category: 'server',
  status: 503,
  attempt: 1,
  retryCount: 0,
  timedOut: false,
  aborted: false,
  connectionLost: false
}
swarm.chat.failure {
  requestId: '69ea889a-4b96-4220-8032-734074fcdf42',
  durationMs: 11,
  stage: 'plan',
  category: 'rate_limit',
  status: 429,
  attempt: 1,
  retryCount: 0,
  timedOut: false,
  aborted: false,
  connectionLost: false
}
swarm.chat.failure {
  requestId: 'b7dbe059-5216-43b2-a74b-e85c410fac9f',
  durationMs: 21,
  stage: 'review',
  category: 'network',
  status: undefined,
  attempt: 3,
  retryCount: 2,
  timedOut: false,
  aborted: false,
  connectionLost: true
}
swarm.chat.failure {
  requestId: '30affe86-0121-4aae-9efe-8fdc7975a17b',
  durationMs: 4,
  stage: 'chat',
  category: 'rate_limit',
  status: 429,
  attempt: 1,
  retryCount: 0,
  timedOut: false,
  aborted: false,
  connectionLost: false
}
swarm.chat.failure {
  requestId: '60f231c3-9f02-4766-b59c-bb99ecab4d2d',
  durationMs: 11,
  stage: 'chat',
  category: 'network',
  status: undefined,
  attempt: 1,
  retryCount: 0,
  timedOut: false,
  aborted: false,
  connectionLost: true
}
swarm.chat.failure {
  requestId: 'cb6062f9-3f53-48a7-8826-7e6568e79de1',
  durationMs: 13,
  stage: 'plan',
  category: 'server',
  status: 503,
  attempt: 1,
  retryCount: 0,
  timedOut: false,
  aborted: false,
  connectionLost: false
}
swarm.chat.failure {
  requestId: 'e4c6d353-b279-430f-9638-d71104308fd0',
  durationMs: 8,
  stage: 'chat',
  category: 'server',
  status: 503,
  attempt: 1,
  retryCount: 0,
  timedOut: false,
  aborted: false,
  connectionLost: false
}
swarm.chat.failure {
  requestId: 'cba3fc62-f22b-4e53-8d4f-78928cd37b30',
  durationMs: 11,
  stage: 'plan',
  category: 'rate_limit',
  status: 429,
  attempt: 1,
  retryCount: 0,
  timedOut: false,
  aborted: false,
  connectionLost: false
}
swarm.chat.failure {
  requestId: '8628cf42-70e6-4e42-b4c7-8e080d3e5393',
  durationMs: 16,
  stage: 'review',
  category: 'network',
  status: undefined,
  attempt: 3,
  retryCount: 2,
  timedOut: false,
  aborted: false,
  connectionLost: true
}
swarm.chat.failure {
  requestId: '7428febb-9d59-4735-bd97-81ba39b2b55e',
  durationMs: 9,
  stage: 'chat',
  category: 'network',
  status: undefined,
  attempt: 1,
  retryCount: 0,
  timedOut: false,
  aborted: false,
  connectionLost: true
}
swarm.chat.failure {
  requestId: 'ba5bce16-893d-4752-8d21-619884dfc547',
  durationMs: 11,
  stage: 'plan',
  category: 'server',
  status: 503,
  attempt: 1,
  retryCount: 0,
  timedOut: false,
  aborted: false,
  connectionLost: false
}
swarm.chat.failure {
  requestId: '4b6b1b83-58e6-4114-a7ae-549eb69df81f',
  durationMs: 13,
  stage: 'chat',
  category: 'rate_limit',
  status: 429,
  attempt: 1,
  retryCount: 0,
  timedOut: false,
  aborted: false,
  connectionLost: false
}
swarm.chat.failure {
  requestId: '10fbed62-b55d-4395-b004-70ba02ff4aff',
  durationMs: 5,
  stage: 'chat',
  category: 'server',
  status: 503,
  attempt: 1,
  retryCount: 0,
  timedOut: false,
  aborted: false,
  connectionLost: false
}
swarm.chat.failure {
  requestId: '2fb7295a-5f35-4975-963c-8d3d6662a707',
  durationMs: 9,
  stage: 'plan',
  category: 'rate_limit',
  status: 429,
  attempt: 1,
  retryCount: 0,
  timedOut: false,
  aborted: false,
  connectionLost: false
}
swarm.chat.failure {
  requestId: 'a4646b1b-4125-495d-9052-b60bf5923d82',
  durationMs: 18,
  stage: 'review',
  category: 'network',
  status: undefined,
  attempt: 3,
  retryCount: 2,
  timedOut: false,
  aborted: false,
  connectionLost: true
}
swarm.chat.failure {
  requestId: '8fea89ef-94a2-4232-a494-0b345af149bb',
  durationMs: 5,
  stage: 'chat',
  category: 'rate_limit',
  status: 429,
  attempt: 1,
  retryCount: 0,
  timedOut: false,
  aborted: false,
  connectionLost: false
}
swarm.chat.failure {
  requestId: '441be022-2c98-4c53-bbdf-b31a1d2b0e0e',
  durationMs: 9,
  stage: 'chat',
  category: 'network',
  status: undefined,
  attempt: 1,
  retryCount: 0,
  timedOut: false,
  aborted: false,
  connectionLost: true
}
swarm.chat.failure {
  requestId: 'cb932bc5-669a-46cc-83d2-867bdc6c2e7e',
  durationMs: 11,
  stage: 'plan',
  category: 'server',
  status: 503,
  attempt: 1,
  retryCount: 0,
  timedOut: false,
  aborted: false,
  connectionLost: false
}
swarm.chat.failure {
  requestId: '3a36a269-a3ca-4f2b-b3f8-20fc0b212c81',
  durationMs: 9,
  stage: 'chat',
  category: 'server',
  status: 503,
  attempt: 1,
  retryCount: 0,
  timedOut: false,
  aborted: false,
  connectionLost: false
}
swarm.chat.failure {
  requestId: '2fa802b7-ff9d-49a0-91b8-6761dfa8296a',
  durationMs: 16,
  stage: 'plan',
  category: 'rate_limit',
  status: 429,
  attempt: 1,
  retryCount: 0,
  timedOut: false,
  aborted: false,
  connectionLost: false
}
swarm.chat.failure {
  requestId: '1780fd25-0713-4937-9d3f-84a93cb03ece',
  durationMs: 22,
  stage: 'review',
  category: 'network',
  status: undefined,
  attempt: 3,
  retryCount: 2,
  timedOut: false,
  aborted: false,
  connectionLost: true
}
swarm.chat.failure {
  requestId: '84977c25-d337-4071-a73d-9915b0307169',
  durationMs: 5,
  stage: 'chat',
  category: 'network',
  status: undefined,
  attempt: 1,
  retryCount: 0,
  timedOut: false,
  aborted: false,
  connectionLost: true
}
swarm.chat.failure {
  requestId: '5cb9d209-5b68-45b0-9fb6-833ad640e7ad',
  durationMs: 8,
  stage: 'plan',
  category: 'server',
  status: 503,
  attempt: 1,
  retryCount: 0,
  timedOut: false,
  aborted: false,
  connectionLost: false
}
swarm.chat.failure {
  requestId: '6c09d2e7-deaf-4f42-83a3-1e33aeb54f94',
  durationMs: 10,
  stage: 'chat',
  category: 'rate_limit',
  status: 429,
  attempt: 1,
  retryCount: 0,
  timedOut: false,
  aborted: false,
  connectionLost: false
}
swarm.chat.failure {
  requestId: '0e8ddd52-75c8-4f58-8562-88ea66a804f8',
  durationMs: 5,
  stage: 'chat',
  category: 'server',
  status: 503,
  attempt: 1,
  retryCount: 0,
  timedOut: false,
  aborted: false,
  connectionLost: false
}
swarm.chat.failure {
  requestId: '4ec27559-e8e6-4840-b9dd-9da3f92c4dde',
  durationMs: 19,
  stage: 'plan',
  category: 'rate_limit',
  status: 429,
  attempt: 1,
  retryCount: 0,
  timedOut: false,
  aborted: false,
  connectionLost: false
}
swarm.chat.failure {
  requestId: '6712a6f8-3295-439e-8fa2-4f577a2e56ee',
  durationMs: 24,
  stage: 'review',
  category: 'network',
  status: undefined,
  attempt: 3,
  retryCount: 2,
  timedOut: false,
  aborted: false,
  connectionLost: true
}
swarm.chat.failure {
  requestId: '6c2a0640-fecb-427c-8f08-2aad154aab74',
  durationMs: 8,
  stage: 'chat',
  category: 'rate_limit',
  status: 429,
  attempt: 1,
  retryCount: 0,
  timedOut: false,
  aborted: false,
  connectionLost: false
}
swarm.chat.failure {
  requestId: 'baf3e67b-5979-4095-8ac9-4cba56950e68',
  durationMs: 10,
  stage: 'chat',
  category: 'network',
  status: undefined,
  attempt: 1,
  retryCount: 0,
  timedOut: false,
  aborted: false,
  connectionLost: true
}
swarm.chat.failure {
  requestId: 'badbce2e-0580-4bd8-8a2b-74341825ffc9',
  durationMs: 15,
  stage: 'plan',
  category: 'server',
  status: 503,
  attempt: 1,
  retryCount: 0,
  timedOut: false,
  aborted: false,
  connectionLost: false
}
swarm.chat.failure {
  requestId: 'f1f3ce73-563e-4448-8e22-032df1e94cc0',
  durationMs: 8,
  stage: 'chat',
  category: 'server',
  status: 503,
  attempt: 1,
  retryCount: 0,
  timedOut: false,
  aborted: false,
  connectionLost: false
}
swarm.chat.failure {
  requestId: '2cd5603e-489d-489d-b1f5-7cc71caaea4d',
  durationMs: 10,
  stage: 'plan',
  category: 'rate_limit',
  status: 429,
  attempt: 1,
  retryCount: 0,
  timedOut: false,
  aborted: false,
  connectionLost: false
}
swarm.chat.failure {
  requestId: '11d9014a-7601-4675-92a5-ecb5a28e1e86',
  durationMs: 22,
  stage: 'review',
  category: 'network',
  status: undefined,
  attempt: 3,
  retryCount: 2,
  timedOut: false,
  aborted: false,
  connectionLost: true
}
swarm.chat.failure {
  requestId: '102fcd21-37c9-443d-925f-d169d900fc8a',
  durationMs: 5,
  stage: 'plan',
  category: 'server',
  status: 503,
  attempt: 1,
  retryCount: 0,
  timedOut: false,
  aborted: false,
  connectionLost: false
}
swarm.chat.failure {
  requestId: 'defd3bce-053b-4de6-b304-01b2f3594fee',
  durationMs: 8,
  stage: 'chat',
  category: 'network',
  status: undefined,
  attempt: 1,
  retryCount: 0,
  timedOut: false,
  aborted: false,
  connectionLost: true
}
swarm.chat.failure {
  requestId: '65472f74-e668-4016-9180-beb044cca908',
  durationMs: 11,
  stage: 'chat',
  category: 'rate_limit',
  status: 429,
  attempt: 1,
  retryCount: 0,
  timedOut: false,
  aborted: false,
  connectionLost: false
}
swarm.chat.failure {
  requestId: '21c72d46-fca1-48ab-86e8-5fbb031cd49e',
  durationMs: 22,
  stage: 'plan',
  category: 'rate_limit',
  status: 429,
  attempt: 1,
  retryCount: 0,
  timedOut: false,
  aborted: false,
  connectionLost: false
}
swarm.chat.failure {
  requestId: 'f4a0dcdb-d097-41c1-8400-5602c8aa287d',
  durationMs: 33,
  stage: 'chat',
  category: 'server',
  status: 503,
  attempt: 1,
  retryCount: 0,
  timedOut: false,
  aborted: false,
  connectionLost: false
}
swarm.chat.failure {
  requestId: '29c4f037-cb38-49c5-94a1-7c6a04874274',
  durationMs: 46,
  stage: 'review',
  category: 'network',
  status: undefined,
  attempt: 3,
  retryCount: 2,
  timedOut: false,
  aborted: false,
  connectionLost: true
}
swarm.chat.failure {
  requestId: 'c51cb2dd-7059-4581-9186-0eb6ad9fc018',
  durationMs: 10,
  stage: 'plan',
  category: 'server',
  status: 503,
  attempt: 1,
  retryCount: 0,
  timedOut: false,
  aborted: false,
  connectionLost: false
}
swarm.chat.failure {
  requestId: 'fddfe56e-be96-485f-9c6b-e5bd069b4cef',
  durationMs: 13,
  stage: 'chat',
  category: 'rate_limit',
  status: 429,
  attempt: 1,
  retryCount: 0,
  timedOut: false,
  aborted: false,
  connectionLost: false
}
swarm.chat.failure {
  requestId: '50fa0755-1e06-408b-a5e1-544e172d9b48',
  durationMs: 16,
  stage: 'chat',
  category: 'network',
  status: undefined,
  attempt: 1,
  retryCount: 0,
  timedOut: false,
  aborted: false,
  connectionLost: true
}
swarm.chat.failure {
  requestId: '4b15ef13-a044-4ee9-9593-0b9a87397e2a',
  durationMs: 11,
  stage: 'plan',
  category: 'rate_limit',
  status: 429,
  attempt: 1,
  retryCount: 0,
  timedOut: false,
  aborted: false,
  connectionLost: false
}
swarm.chat.failure {
  requestId: '86e9904f-c758-46bf-b63f-d7322236f9d2',
  durationMs: 15,
  stage: 'chat',
  category: 'server',
  status: 503,
  attempt: 1,
  retryCount: 0,
  timedOut: false,
  aborted: false,
  connectionLost: false
}
swarm.chat.failure {
  requestId: '21fd385c-91eb-4908-99bf-80d60acd101b',
  durationMs: 23,
  stage: 'review',
  category: 'network',
  status: undefined,
  attempt: 3,
  retryCount: 2,
  timedOut: false,
  aborted: false,
  connectionLost: true
}
swarm.chat.failure {
  requestId: '8c5e0284-80d3-4a10-aee1-ef3d7e858d36',
  durationMs: 7,
  stage: 'chat',
  category: 'network',
  status: undefined,
  attempt: 1,
  retryCount: 0,
  timedOut: false,
  aborted: false,
  connectionLost: true
}
swarm.chat.failure {
  requestId: '23b435b0-42bf-47e9-8db4-04cfe89e6796',
  durationMs: 10,
  stage: 'plan',
  category: 'server',
  status: 503,
  attempt: 1,
  retryCount: 0,
  timedOut: false,
  aborted: false,
  connectionLost: false
}
swarm.chat.failure {
  requestId: '5d47ce61-8aa3-4490-a30b-098ee20fb633',
  durationMs: 12,
  stage: 'chat',
  category: 'rate_limit',
  status: 429,
  attempt: 1,
  retryCount: 0,
  timedOut: false,
  aborted: false,
  connectionLost: false
}
swarm.chat.failure {
  requestId: '2f73fd0f-1bba-4638-a712-6cf75e50e2d1',
  durationMs: 6,
  stage: 'chat',
  category: 'server',
  status: 503,
  attempt: 1,
  retryCount: 0,
  timedOut: false,
  aborted: false,
  connectionLost: false
}
swarm.chat.failure {
  requestId: '8fac6616-3b2c-4c9d-a628-5b6cc8b724a8',
  durationMs: 9,
  stage: 'plan',
  category: 'rate_limit',
  status: 429,
  attempt: 1,
  retryCount: 0,
  timedOut: false,
  aborted: false,
  connectionLost: false
}
swarm.chat.failure {
  requestId: 'f6f94b08-7e8c-4e30-89a9-542ecc12dbb9',
  durationMs: 23,
  stage: 'review',
  category: 'network',
  status: undefined,
  attempt: 3,
  retryCount: 2,
  timedOut: false,
  aborted: false,
  connectionLost: true
}
swarm.chat.failure {
  requestId: '60bccf3d-3bac-4ffb-a5b3-25cb9783a7a4',
  durationMs: 13,
  stage: 'chat',
  category: 'rate_limit',
  status: 429,
  attempt: 1,
  retryCount: 0,
  timedOut: false,
  aborted: false,
  connectionLost: false
}
swarm.chat.failure {
  requestId: 'c7bdfffe-486e-4a98-9867-4b0f631dfe78',
  durationMs: 19,
  stage: 'chat',
  category: 'network',
  status: undefined,
  attempt: 1,
  retryCount: 0,
  timedOut: false,
  aborted: false,
  connectionLost: true
}
swarm.chat.failure {
  requestId: 'f4fb2eda-8e8e-4cad-97f3-2fd3146b6616',
  durationMs: 26,
  stage: 'plan',
  category: 'server',
  status: 503,
  attempt: 1,
  retryCount: 0,
  timedOut: false,
  aborted: false,
  connectionLost: false
}
swarm.chat.failure {
  requestId: 'c147328c-7b43-498c-a9f7-55bfebec43d8',
  durationMs: 10,
  stage: 'chat',
  category: 'server',
  status: 503,
  attempt: 1,
  retryCount: 0,
  timedOut: false,
  aborted: false,
  connectionLost: false
}
swarm.chat.failure {
  requestId: 'eb42c2de-939d-4853-ada7-5d699b7c9fde',
  durationMs: 19,
  stage: 'plan',
  category: 'rate_limit',
  status: 429,
  attempt: 1,
  retryCount: 0,
  timedOut: false,
  aborted: false,
  connectionLost: false
}
swarm.chat.failure {
  requestId: '5db30a18-4831-418e-b659-f6608fbf8ff8',
  durationMs: 35,
  stage: 'review',
  category: 'network',
  status: undefined,
  attempt: 3,
  retryCount: 2,
  timedOut: false,
  aborted: false,
  connectionLost: true
}
swarm.chat.failure {
  requestId: '47340f1a-04b0-440b-8732-755e5c718636',
  durationMs: 9,
  stage: 'plan',
  category: 'server',
  status: 503,
  attempt: 1,
  retryCount: 0,
  timedOut: false,
  aborted: false,
  connectionLost: false
}
swarm.chat.failure {
  requestId: '7ac80f58-6f8d-46ed-9d41-23edb05e5502',
  durationMs: 12,
  stage: 'chat',
  category: 'rate_limit',
  status: 429,
  attempt: 1,
  retryCount: 0,
  timedOut: false,
  aborted: false,
  connectionLost: false
}
swarm.chat.failure {
  requestId: '577bfe35-bf54-4ec8-ad52-1eccb505c956',
  durationMs: 19,
  stage: 'chat',
  category: 'network',
  status: undefined,
  attempt: 1,
  retryCount: 0,
  timedOut: false,
  aborted: false,
  connectionLost: true
}
swarm.chat.failure {
  requestId: '69eccc9c-2454-44f0-9b66-b873de5df57f',
  durationMs: 9,
  stage: 'plan',
  category: 'rate_limit',
  status: 429,
  attempt: 1,
  retryCount: 0,
  timedOut: false,
  aborted: false,
  connectionLost: false
}
swarm.chat.failure {
  requestId: '1fad908c-342b-4478-abd1-a7f88e7835c7',
  durationMs: 19,
  stage: 'chat',
  category: 'server',
  status: 503,
  attempt: 1,
  retryCount: 0,
  timedOut: false,
  aborted: false,
  connectionLost: false
}
swarm.chat.failure {
  requestId: 'a2cfe1ec-41ee-400c-98d7-6c2e74c9da1c',
  durationMs: 34,
  stage: 'review',
  category: 'network',
  status: undefined,
  attempt: 3,
  retryCount: 2,
  timedOut: false,
  aborted: false,
  connectionLost: true
}
swarm.chat.failure {
  requestId: 'eaad8fa1-80ca-49c1-a9bd-91bdf707aef0',
  durationMs: 7,
  stage: 'plan',
  category: 'server',
  status: 503,
  attempt: 1,
  retryCount: 0,
  timedOut: false,
  aborted: false,
  connectionLost: false
}
swarm.chat.failure {
  requestId: '80c3a7b8-1b78-4737-9504-b56ece3716ad',
  durationMs: 12,
  stage: 'chat',
  category: 'rate_limit',
  status: 429,
  attempt: 1,
  retryCount: 0,
  timedOut: false,
  aborted: false,
  connectionLost: false
}
swarm.chat.failure {
  requestId: '65c23161-d046-4d52-8a49-f27249ae9910',
  durationMs: 15,
  stage: 'chat',
  category: 'network',
  status: undefined,
  attempt: 1,
  retryCount: 0,
  timedOut: false,
  aborted: false,
  connectionLost: true
}
swarm.chat.failure {
  requestId: '95970e60-d56c-4144-8940-f8d91235e90a',
  durationMs: 9,
  stage: 'chat',
  category: 'server',
  status: 503,
  attempt: 1,
  retryCount: 0,
  timedOut: false,
  aborted: false,
  connectionLost: false
}
swarm.chat.failure {
  requestId: '8e3c3b3b-0ae5-4546-8393-aaa3a82ea9fd',
  durationMs: 12,
  stage: 'plan',
  category: 'rate_limit',
  status: 429,
  attempt: 1,
  retryCount: 0,
  timedOut: false,
  aborted: false,
  connectionLost: false
}
swarm.chat.failure {
  requestId: 'fca17dcf-4926-4484-8e33-5ae0cf1f75ab',
  durationMs: 29,
  stage: 'review',
  category: 'network',
  status: undefined,
  attempt: 3,
  retryCount: 2,
  timedOut: false,
  aborted: false,
  connectionLost: true
}
swarm.chat.failure {
  requestId: 'f497d3f2-e848-4f33-bef8-96cbc8b9093d',
  durationMs: 5,
  stage: 'plan',
  category: 'server',
  status: 503,
  attempt: 1,
  retryCount: 0,
  timedOut: false,
  aborted: false,
  connectionLost: false
}
swarm.chat.failure {
  requestId: '78e414a5-4fe2-4986-ab74-5a433d29b313',
  durationMs: 8,
  stage: 'chat',
  category: 'network',
  status: undefined,
  attempt: 1,
  retryCount: 0,
  timedOut: false,
  aborted: false,
  connectionLost: true
}
swarm.chat.failure {
  requestId: 'f2ceaf49-f611-42f5-a3d6-7b669543a893',
  durationMs: 11,
  stage: 'chat',
  category: 'rate_limit',
  status: 429,
  attempt: 1,
  retryCount: 0,
  timedOut: false,
  aborted: false,
  connectionLost: false
}
swarm.chat.failure {
  requestId: 'd939d318-5f36-4085-85c8-5ee810250fe1',
  durationMs: 8,
  stage: 'plan',
  category: 'rate_limit',
  status: 429,
  attempt: 1,
  retryCount: 0,
  timedOut: false,
  aborted: false,
  connectionLost: false
}
swarm.chat.failure {
  requestId: 'eea55a2e-cb9e-409e-9479-fff6fb675372',
  durationMs: 15,
  stage: 'chat',
  category: 'server',
  status: 503,
  attempt: 1,
  retryCount: 0,
  timedOut: false,
  aborted: false,
  connectionLost: false
}
swarm.chat.failure {
  requestId: '819562e9-0d56-4685-a58c-4ab7b39864a7',
  durationMs: 26,
  stage: 'review',
  category: 'network',
  status: undefined,
  attempt: 3,
  retryCount: 2,
  timedOut: false,
  aborted: false,
  connectionLost: true
}
swarm.chat.failure {
  requestId: '0f3dfaac-5061-4f30-8028-cbf7ad45cefa',
  durationMs: 6,
  stage: 'plan',
  category: 'server',
  status: 503,
  attempt: 1,
  retryCount: 0,
  timedOut: false,
  aborted: false,
  connectionLost: false
}
swarm.chat.failure {
  requestId: '1f56af20-c524-4cdc-a5ff-3d8cc5f3313e',
  durationMs: 10,
  stage: 'chat',
  category: 'rate_limit',
  status: 429,
  attempt: 1,
  retryCount: 0,
  timedOut: false,
  aborted: false,
  connectionLost: false
}
swarm.chat.failure {
  requestId: '7db131eb-6c54-4695-94a7-361b2ecf45a5',
  durationMs: 14,
  stage: 'chat',
  category: 'network',
  status: undefined,
  attempt: 1,
  retryCount: 0,
  timedOut: false,
  aborted: false,
  connectionLost: true
}
swarm.chat.failure {
  requestId: '93b74d13-b76f-4f14-9c55-595a97f378f3',
  durationMs: 11,
  stage: 'plan',
  category: 'rate_limit',
  status: 429,
  attempt: 1,
  retryCount: 0,
  timedOut: false,
  aborted: false,
  connectionLost: false
}
swarm.chat.failure {
  requestId: 'fa97ea45-0ca8-489d-a4fc-2bea98477dfc',
  durationMs: 14,
  stage: 'chat',
  category: 'server',
  status: 503,
  attempt: 1,
  retryCount: 0,
  timedOut: false,
  aborted: false,
  connectionLost: false
}
swarm.chat.failure {
  requestId: 'f3a5def9-5df1-4d8b-a947-c09ed2b8d9bb',
  durationMs: 20,
  stage: 'review',
  category: 'network',
  status: undefined,
  attempt: 3,
  retryCount: 2,
  timedOut: false,
  aborted: false,
  connectionLost: true
}
swarm.chat.failure {
  requestId: '14f3240c-96aa-4fad-a734-701da7f097bf',
  durationMs: 6,
  stage: 'chat',
  category: 'network',
  status: undefined,
  attempt: 1,
  retryCount: 0,
  timedOut: false,
  aborted: false,
  connectionLost: true
}
swarm.chat.failure {
  requestId: '9e3b1a0d-b742-400c-bb21-88aa25091053',
  durationMs: 7,
  stage: 'chat',
  category: 'rate_limit',
  status: 429,
  attempt: 1,
  retryCount: 0,
  timedOut: false,
  aborted: false,
  connectionLost: false
}
swarm.chat.failure {
  requestId: '4874dfa4-ce85-4ccf-831d-62ef801a77cb',
  durationMs: 11,
  stage: 'plan',
  category: 'server',
  status: 503,
  attempt: 1,
  retryCount: 0,
  timedOut: false,
  aborted: false,
  connectionLost: false
}
swarm.chat.failure {
  requestId: '21fa4a17-5a9c-4e3e-a445-446603e97c84',
  durationMs: 5,
  stage: 'chat',
  category: 'server',
  status: 503,
  attempt: 1,
  retryCount: 0,
  timedOut: false,
  aborted: false,
  connectionLost: false
}
swarm.chat.failure {
  requestId: 'd559b147-6d8d-4b9d-8410-5fd222a82e15',
  durationMs: 13,
  stage: 'plan',
  category: 'rate_limit',
  status: 429,
  attempt: 1,
  retryCount: 0,
  timedOut: false,
  aborted: false,
  connectionLost: false
}
swarm.chat.failure {
  requestId: 'e10807c8-8463-41fe-8c36-5952b9d363f4',
  durationMs: 20,
  stage: 'review',
  category: 'network',
  status: undefined,
  attempt: 3,
  retryCount: 2,
  timedOut: false,
  aborted: false,
  connectionLost: true
}
swarm.chat.failure {
  requestId: '8e6ee5b8-df2a-43e2-898f-7a7f1f6e73fe',
  durationMs: 6,
  stage: 'chat',
  category: 'rate_limit',
  status: 429,
  attempt: 1,
  retryCount: 0,
  timedOut: false,
  aborted: false,
  connectionLost: false
}
swarm.chat.failure {
  requestId: 'cecc8d83-899a-491a-815b-46449f4acdfd',
  durationMs: 12,
  stage: 'chat',
  category: 'network',
  status: undefined,
  attempt: 1,
  retryCount: 0,
  timedOut: false,
  aborted: false,
  connectionLost: true
}
swarm.chat.failure {
  requestId: 'da9d2e49-8b03-4b86-9b3e-1d84a4a86675',
  durationMs: 16,
  stage: 'plan',
  category: 'server',
  status: 503,
  attempt: 1,
  retryCount: 0,
  timedOut: false,
  aborted: false,
  connectionLost: false
}
swarm.chat.failure {
  requestId: 'a481c771-50bb-436b-b1d4-8a826913c908',
  durationMs: 9,
  stage: 'chat',
  category: 'server',
  status: 503,
  attempt: 1,
  retryCount: 0,
  timedOut: false,
  aborted: false,
  connectionLost: false
}
swarm.chat.failure {
  requestId: 'ceb6fd05-0f6f-46dd-aa9c-a432739387d5',
  durationMs: 14,
  stage: 'plan',
  category: 'rate_limit',
  status: 429,
  attempt: 1,
  retryCount: 0,
  timedOut: false,
  aborted: false,
  connectionLost: false
}
swarm.chat.failure {
  requestId: '50e65e13-46bb-4026-beef-fa8c98ebb130',
  durationMs: 23,
  stage: 'review',
  category: 'network',
  status: undefined,
  attempt: 3,
  retryCount: 2,
  timedOut: false,
  aborted: false,
  connectionLost: true
}
swarm.chat.failure {
  requestId: '630f5619-5d9c-40bb-b69e-92d912500502',
  durationMs: 5,
  stage: 'chat',
  category: 'network',
  status: undefined,
  attempt: 1,
  retryCount: 0,
  timedOut: false,
  aborted: false,
  connectionLost: true
}
swarm.chat.failure {
  requestId: '6d1e44d5-12de-4f7f-adf8-46f1b18f13d7',
  durationMs: 8,
  stage: 'plan',
  category: 'server',
  status: 503,
  attempt: 1,
  retryCount: 0,
  timedOut: false,
  aborted: false,
  connectionLost: false
}
swarm.chat.failure {
  requestId: 'c4e74024-5107-4162-9065-33dec23c79ff',
  durationMs: 13,
  stage: 'chat',
  category: 'rate_limit',
  status: 429,
  attempt: 1,
  retryCount: 0,
  timedOut: false,
  aborted: false,
  connectionLost: false
}
swarm.chat.failure {
  requestId: '4048c45a-93a7-4941-a4d7-0506df3c298b',
  durationMs: 8,
  stage: 'chat',
  category: 'server',
  status: 503,
  attempt: 1,
  retryCount: 0,
  timedOut: false,
  aborted: false,
  connectionLost: false
}
swarm.chat.failure {
  requestId: '1deb9b7a-32d6-4622-bbcf-10a75f9a559c',
  durationMs: 12,
  stage: 'plan',
  category: 'rate_limit',
  status: 429,
  attempt: 1,
  retryCount: 0,
  timedOut: false,
  aborted: false,
  connectionLost: false
}
swarm.chat.failure {
  requestId: '1e3bda6e-4cf3-44ec-a08f-d2995e4de4bb',
  durationMs: 34,
  stage: 'review',
  category: 'network',
  status: undefined,
  attempt: 3,
  retryCount: 2,
  timedOut: false,
  aborted: false,
  connectionLost: true
}
swarm.chat.failure {
  requestId: '0d5e6818-99dc-4dc4-a00b-ef7a47e33e53',
  durationMs: 5,
  stage: 'chat',
  category: 'rate_limit',
  status: 429,
  attempt: 1,
  retryCount: 0,
  timedOut: false,
  aborted: false,
  connectionLost: false
}
swarm.chat.failure {
  requestId: 'e06e7c1d-ce3a-4bc3-bb32-43d7c8009269',
  durationMs: 8,
  stage: 'plan',
  category: 'server',
  status: 503,
  attempt: 1,
  retryCount: 0,
  timedOut: false,
  aborted: false,
  connectionLost: false
}
swarm.chat.failure {
  requestId: 'd8e680bc-25ea-42a1-93d4-e67c817ed9b2',
  durationMs: 13,
  stage: 'chat',
  category: 'network',
  status: undefined,
  attempt: 1,
  retryCount: 0,
  timedOut: false,
  aborted: false,
  connectionLost: true
}
swarm.chat.failure {
  requestId: 'df6b33a5-aaae-4c15-99cf-3d4c2acbb4fa',
  durationMs: 10,
  stage: 'chat',
  category: 'server',
  status: 503,
  attempt: 1,
  retryCount: 0,
  timedOut: false,
  aborted: false,
  connectionLost: false
}
swarm.chat.failure {
  requestId: 'fa1459de-de5a-4aef-b9f3-890e8be26662',
  durationMs: 14,
  stage: 'plan',
  category: 'rate_limit',
  status: 429,
  attempt: 1,
  retryCount: 0,
  timedOut: false,
  aborted: false,
  connectionLost: false
}
swarm.chat.failure {
  requestId: 'bc3fae1c-1cd1-45db-ab28-3950924bf84a',
  durationMs: 27,
  stage: 'review',
  category: 'network',
  status: undefined,
  attempt: 3,
  retryCount: 2,
  timedOut: false,
  aborted: false,
  connectionLost: true
}
swarm.chat.failure {
  requestId: 'cc6aaa6f-f05b-4b83-bb24-e5b00131c531',
  durationMs: 12,
  stage: 'chat',
  category: 'network',
  status: undefined,
  attempt: 1,
  retryCount: 0,
  timedOut: false,
  aborted: false,
  connectionLost: true
}
swarm.chat.failure {
  requestId: '96c09423-6625-4a05-a73e-a92453d13bee',
  durationMs: 18,
  stage: 'chat',
  category: 'rate_limit',
  status: 429,
  attempt: 1,
  retryCount: 0,
  timedOut: false,
  aborted: false,
  connectionLost: false
}
swarm.chat.failure {
  requestId: '631d264c-ce5f-47c9-bd4d-8dac737433b7',
  durationMs: 24,
  stage: 'plan',
  category: 'server',
  status: 503,
  attempt: 1,
  retryCount: 0,
  timedOut: false,
  aborted: false,
  connectionLost: false
}
swarm.chat.failure {
  requestId: '8fffb11c-7439-4b6e-b472-bcca2ba00bba',
  durationMs: 9,
  stage: 'chat',
  category: 'server',
  status: 503,
  attempt: 1,
  retryCount: 0,
  timedOut: false,
  aborted: false,
  connectionLost: false
}
swarm.chat.failure {
  requestId: 'af6a0a82-b200-4cfd-9570-003df5b2cd0a',
  durationMs: 18,
  stage: 'plan',
  category: 'rate_limit',
  status: 429,
  attempt: 1,
  retryCount: 0,
  timedOut: false,
  aborted: false,
  connectionLost: false
}
swarm.chat.failure {
  requestId: '04ee502c-e3d5-46e3-9417-d49480a5c7a3',
  durationMs: 35,
  stage: 'review',
  category: 'network',
  status: undefined,
  attempt: 3,
  retryCount: 2,
  timedOut: false,
  aborted: false,
  connectionLost: true
}
swarm.chat.failure {
  requestId: 'dd415f6f-0b0f-445a-b2c0-bfb67d8f4187',
  durationMs: 9,
  stage: 'chat',
  category: 'rate_limit',
  status: 429,
  attempt: 1,
  retryCount: 0,
  timedOut: false,
  aborted: false,
  connectionLost: false
}
swarm.chat.failure {
  requestId: 'beb3b108-eca7-49ec-a0b4-2d866ec09d4d',
  durationMs: 17,
  stage: 'chat',
  category: 'network',
  status: undefined,
  attempt: 1,
  retryCount: 0,
  timedOut: false,
  aborted: false,
  connectionLost: true
}
swarm.chat.failure {
  requestId: '1c09e0e0-a316-437f-9a18-b8c422edec28',
  durationMs: 22,
  stage: 'plan',
  category: 'server',
  status: 503,
  attempt: 1,
  retryCount: 0,
  timedOut: false,
  aborted: false,
  connectionLost: false
}
swarm.chat.failure {
  requestId: '3a0b802b-7faa-4105-abcb-d5196cb0d42e',
  durationMs: 9,
  stage: 'chat',
  category: 'server',
  status: 503,
  attempt: 1,
  retryCount: 0,
  timedOut: false,
  aborted: false,
  connectionLost: false
}
swarm.chat.failure {
  requestId: 'e2a5ce91-6da7-4c24-92ce-77733daf3f51',
  durationMs: 19,
  stage: 'plan',
  category: 'rate_limit',
  status: 429,
  attempt: 1,
  retryCount: 0,
  timedOut: false,
  aborted: false,
  connectionLost: false
}
swarm.chat.failure {
  requestId: 'd5c6d05b-13d0-4938-adad-0e54f41242a8',
  durationMs: 33,
  stage: 'review',
  category: 'network',
  status: undefined,
  attempt: 3,
  retryCount: 2,
  timedOut: false,
  aborted: false,
  connectionLost: true
}
swarm.chat.failure {
  requestId: '45ce6d2f-84c3-4651-9ff1-e99ecd1fe2b2',
  durationMs: 30,
  stage: 'plan',
  category: 'server',
  status: 503,
  attempt: 1,
  retryCount: 0,
  timedOut: false,
  aborted: false,
  connectionLost: false
}
swarm.chat.failure {
  requestId: '19d92e39-0792-40c6-821e-f17a0a812b7e',
  durationMs: 46,
  stage: 'chat',
  category: 'rate_limit',
  status: 429,
  attempt: 1,
  retryCount: 0,
  timedOut: false,
  aborted: false,
  connectionLost: false
}
swarm.chat.failure {
  requestId: '97eeb0de-a1cc-41aa-af7d-3e44dabc2f9a',
  durationMs: 80,
  stage: 'chat',
  category: 'network',
  status: undefined,
  attempt: 1,
  retryCount: 0,
  timedOut: false,
  aborted: false,
  connectionLost: true
}
swarm.chat.failure {
  requestId: 'b2e4ac46-c966-4e69-82a7-1d754c0430d2',
  durationMs: 8,
  stage: 'plan',
  category: 'rate_limit',
  status: 429,
  attempt: 1,
  retryCount: 0,
  timedOut: false,
  aborted: false,
  connectionLost: false
}
swarm.chat.failure {
  requestId: '2d64c38a-c8fc-431c-a2d5-4935f3a938e8',
  durationMs: 16,
  stage: 'chat',
  category: 'server',
  status: 503,
  attempt: 1,
  retryCount: 0,
  timedOut: false,
  aborted: false,
  connectionLost: false
}
swarm.chat.failure {
  requestId: '76f0aff7-70f9-46f9-a817-1d11fd8da6ec',
  durationMs: 31,
  stage: 'review',
  category: 'network',
  status: undefined,
  attempt: 3,
  retryCount: 2,
  timedOut: false,
  aborted: false,
  connectionLost: true
}
swarm.chat.failure {
  requestId: 'edf81635-8be2-4003-bc14-34a34d23c9b3',
  durationMs: 13,
  stage: 'chat',
  category: 'network',
  status: undefined,
  attempt: 1,
  retryCount: 0,
  timedOut: false,
  aborted: false,
  connectionLost: true
}
swarm.chat.failure {
  requestId: '9accb603-d426-4d74-8141-6574ca5338de',
  durationMs: 18,
  stage: 'chat',
  category: 'rate_limit',
  status: 429,
  attempt: 1,
  retryCount: 0,
  timedOut: false,
  aborted: false,
  connectionLost: false
}
swarm.chat.failure {
  requestId: '4ae27b3b-cfbc-4a38-ac3d-2eba10776c3d',
  durationMs: 22,
  stage: 'plan',
  category: 'server',
  status: 503,
  attempt: 1,
  retryCount: 0,
  timedOut: false,
  aborted: false,
  connectionLost: false
}
swarm.chat.failure {
  requestId: '715c6c69-f3bc-4c41-9c92-d2e4f82522cd',
  durationMs: 13,
  stage: 'chat',
  category: 'server',
  status: 503,
  attempt: 1,
  retryCount: 0,
  timedOut: false,
  aborted: false,
  connectionLost: false
}
swarm.chat.failure {
  requestId: 'c417d193-f4cf-49a5-ab1c-e27d56e3c280',
  durationMs: 16,
  stage: 'plan',
  category: 'rate_limit',
  status: 429,
  attempt: 1,
  retryCount: 0,
  timedOut: false,
  aborted: false,
  connectionLost: false
}
swarm.chat.failure {
  requestId: 'b7926bc2-3353-4293-b353-d486c57301ce',
  durationMs: 27,
  stage: 'review',
  category: 'network',
  status: undefined,
  attempt: 3,
  retryCount: 2,
  timedOut: false,
  aborted: false,
  connectionLost: true
}
swarm.chat.failure {
  requestId: '369346b0-3cdf-4881-a1b9-cbc9cfed7211',
  durationMs: 8,
  stage: 'chat',
  category: 'network',
  status: undefined,
  attempt: 1,
  retryCount: 0,
  timedOut: false,
  aborted: false,
  connectionLost: true
}
swarm.chat.failure {
  requestId: '275588d2-2bda-4afb-933f-524289ab5215',
  durationMs: 10,
  stage: 'chat',
  category: 'rate_limit',
  status: 429,
  attempt: 1,
  retryCount: 0,
  timedOut: false,
  aborted: false,
  connectionLost: false
}
swarm.chat.failure {
  requestId: 'b10acff9-4f6f-49e7-9f8b-9af680454e0b',
  durationMs: 14,
  stage: 'plan',
  category: 'server',
  status: 503,
  attempt: 1,
  retryCount: 0,
  timedOut: false,
  aborted: false,
  connectionLost: false
}
swarm.chat.failure {
  requestId: '54fb4112-12d7-4f43-a614-dd2b8bdc0a08',
  durationMs: 11,
  stage: 'chat',
  category: 'server',
  status: 503,
  attempt: 1,
  retryCount: 0,
  timedOut: false,
  aborted: false,
  connectionLost: false
}
swarm.chat.failure {
  requestId: 'ce313267-d1c1-43f1-aa1b-056c35b3dc6f',
  durationMs: 16,
  stage: 'plan',
  category: 'rate_limit',
  status: 429,
  attempt: 1,
  retryCount: 0,
  timedOut: false,
  aborted: false,
  connectionLost: false
}
swarm.chat.failure {
  requestId: 'fc8125ab-bd5c-4b1f-8f9f-b5b2f8165879',
  durationMs: 39,
  stage: 'review',
  category: 'network',
  status: undefined,
  attempt: 3,
  retryCount: 2,
  timedOut: false,
  aborted: false,
  connectionLost: true
}
swarm.chat.failure {
  requestId: '8ccbee2e-a8a6-404d-94a2-95b55ec376da',
  durationMs: 10,
  stage: 'chat',
  category: 'rate_limit',
  status: 429,
  attempt: 1,
  retryCount: 0,
  timedOut: false,
  aborted: false,
  connectionLost: false
}
swarm.chat.failure {
  requestId: 'd04ac916-16dd-4053-8dff-8ddedf6339a6',
  durationMs: 16,
  stage: 'chat',
  category: 'network',
  status: undefined,
  attempt: 1,
  retryCount: 0,
  timedOut: false,
  aborted: false,
  connectionLost: true
}
swarm.chat.failure {
  requestId: '5426d5a5-4b3e-4514-bcab-7ca77631d8f7',
  durationMs: 25,
  stage: 'plan',
  category: 'server',
  status: 503,
  attempt: 1,
  retryCount: 0,
  timedOut: false,
  aborted: false,
  connectionLost: false
}
swarm.chat.failure {
  requestId: '247efad4-8360-4e67-865d-28c854b02fe4',
  durationMs: 23,
  stage: 'chat',
  category: 'server',
  status: 503,
  attempt: 1,
  retryCount: 0,
  timedOut: false,
  aborted: false,
  connectionLost: false
}
swarm.chat.failure {
  requestId: 'fc906b3f-2fbe-4e81-917b-9b356b823da9',
  durationMs: 28,
  stage: 'plan',
  category: 'rate_limit',
  status: 429,
  attempt: 1,
  retryCount: 0,
  timedOut: false,
  aborted: false,
  connectionLost: false
}
swarm.chat.failure {
  requestId: '2e403798-8153-4f7e-9ba2-28344e807db1',
  durationMs: 51,
  stage: 'review',
  category: 'network',
  status: undefined,
  attempt: 3,
  retryCount: 2,
  timedOut: false,
  aborted: false,
  connectionLost: true
}
swarm.chat.failure {
  requestId: 'bd4e5824-da80-45d9-97fc-d7e1377dde0f',
  durationMs: 15,
  stage: 'chat',
  category: 'network',
  status: undefined,
  attempt: 1,
  retryCount: 0,
  timedOut: false,
  aborted: false,
  connectionLost: true
}
swarm.chat.failure {
  requestId: '101ac0fd-87d7-4345-bdde-c94e259b74d7',
  durationMs: 21,
  stage: 'chat',
  category: 'rate_limit',
  status: 429,
  attempt: 1,
  retryCount: 0,
  timedOut: false,
  aborted: false,
  connectionLost: false
}
swarm.chat.failure {
  requestId: '020f050e-6373-4294-ac54-697f448ee916',
  durationMs: 30,
  stage: 'plan',
  category: 'server',
  status: 503,
  attempt: 1,
  retryCount: 0,
  timedOut: false,
  aborted: false,
  connectionLost: false
}
swarm.chat.failure {
  requestId: '8fafa7e0-c0a0-4b4f-a891-08b7cc92d35f',
  durationMs: 9,
  stage: 'chat',
  category: 'server',
  status: 503,
  attempt: 1,
  retryCount: 0,
  timedOut: false,
  aborted: false,
  connectionLost: false
}
swarm.chat.failure {
  requestId: 'fbbe0bd5-fd92-4ae2-92c8-7a4e0d4c92f5',
  durationMs: 17,
  stage: 'plan',
  category: 'rate_limit',
  status: 429,
  attempt: 1,
  retryCount: 0,
  timedOut: false,
  aborted: false,
  connectionLost: false
}
swarm.chat.failure {
  requestId: '9d73fa66-3bf5-4c26-aa21-edd6f009e39a',
  durationMs: 39,
  stage: 'review',
  category: 'network',
  status: undefined,
  attempt: 3,
  retryCount: 2,
  timedOut: false,
  aborted: false,
  connectionLost: true
}
swarm.chat.failure {
  requestId: '8b7acaef-6b81-439f-bea2-1a3327a66db0',
  durationMs: 10,
  stage: 'chat',
  category: 'rate_limit',
  status: 429,
  attempt: 1,
  retryCount: 0,
  timedOut: false,
  aborted: false,
  connectionLost: false
}
swarm.chat.failure {
  requestId: '1346aef8-42c3-40bf-a557-812f0c773bf3',
  durationMs: 14,
  stage: 'chat',
  category: 'network',
  status: undefined,
  attempt: 1,
  retryCount: 0,
  timedOut: false,
  aborted: false,
  connectionLost: true
}
swarm.chat.failure {
  requestId: 'b73f9745-e57c-49ad-a097-d3243806421d',
  durationMs: 19,
  stage: 'plan',
  category: 'server',
  status: 503,
  attempt: 1,
  retryCount: 0,
  timedOut: false,
  aborted: false,
  connectionLost: false
}
swarm.chat.failure {
  requestId: 'a78ae936-cd7e-49a4-8809-44324a4bc247',
  durationMs: 15,
  stage: 'chat',
  category: 'server',
  status: 503,
  attempt: 1,
  retryCount: 0,
  timedOut: false,
  aborted: false,
  connectionLost: false
}
swarm.chat.failure {
  requestId: '71f074d6-8342-4e02-8ba4-b09d92af9aea',
  durationMs: 19,
  stage: 'plan',
  category: 'rate_limit',
  status: 429,
  attempt: 1,
  retryCount: 0,
  timedOut: false,
  aborted: false,
  connectionLost: false
}
swarm.chat.failure {
  requestId: 'cd45d437-64dc-41c1-9970-6a1b2ad26cd3',
  durationMs: 32,
  stage: 'review',
  category: 'network',
  status: undefined,
  attempt: 3,
  retryCount: 2,
  timedOut: false,
  aborted: false,
  connectionLost: true
}
swarm.chat.failure {
  requestId: '4bd947a8-7502-4d18-aff6-cd7967db8d3e',
  durationMs: 9,
  stage: 'chat',
  category: 'network',
  status: undefined,
  attempt: 1,
  retryCount: 0,
  timedOut: false,
  aborted: false,
  connectionLost: true
}
swarm.chat.failure {
  requestId: '27bc9cd3-8260-4e7b-95c7-74c75e0505ec',
  durationMs: 13,
  stage: 'chat',
  category: 'rate_limit',
  status: 429,
  attempt: 1,
  retryCount: 0,
  timedOut: false,
  aborted: false,
  connectionLost: false
}
swarm.chat.failure {
  requestId: '2935613c-ad29-4f45-b540-d5fa6be47db4',
  durationMs: 20,
  stage: 'plan',
  category: 'server',
  status: 503,
  attempt: 1,
  retryCount: 0,
  timedOut: false,
  aborted: false,
  connectionLost: false
}
swarm.chat.failure {
  requestId: 'a7c64255-b5ef-48b7-a59a-da495561b499',
  durationMs: 7,
  stage: 'chat',
  category: 'server',
  status: 503,
  attempt: 1,
  retryCount: 0,
  timedOut: false,
  aborted: false,
  connectionLost: false
}
swarm.chat.failure {
  requestId: 'bfc4fd65-3e68-4177-8b42-6188b8026194',
  durationMs: 20,
  stage: 'plan',
  category: 'rate_limit',
  status: 429,
  attempt: 1,
  retryCount: 0,
  timedOut: false,
  aborted: false,
  connectionLost: false
}
swarm.chat.failure {
  requestId: '538c077d-23a2-4409-8b44-f7b92147fe19',
  durationMs: 27,
  stage: 'review',
  category: 'network',
  status: undefined,
  attempt: 3,
  retryCount: 2,
  timedOut: false,
  aborted: false,
  connectionLost: true
}
swarm.chat.failure {
  requestId: '82186441-7122-4bf7-bbe3-cef1e9b53607',
  durationMs: 6,
  stage: 'chat',
  category: 'rate_limit',
  status: 429,
  attempt: 1,
  retryCount: 0,
  timedOut: false,
  aborted: false,
  connectionLost: false
}
swarm.chat.failure {
  requestId: 'a76ec28d-7682-46ab-9dd2-b9579e0f1c2f',
  durationMs: 10,
  stage: 'chat',
  category: 'network',
  status: undefined,
  attempt: 1,
  retryCount: 0,
  timedOut: false,
  aborted: false,
  connectionLost: true
}
swarm.chat.failure {
  requestId: '348056a0-9743-49d3-9df7-7ed3931343c4',
  durationMs: 16,
  stage: 'plan',
  category: 'server',
  status: 503,
  attempt: 1,
  retryCount: 0,
  timedOut: false,
  aborted: false,
  connectionLost: false
}
swarm.chat.failure {
  requestId: '9917a833-feb8-4683-852a-1c74c18beaf3',
  durationMs: 11,
  stage: 'chat',
  category: 'server',
  status: 503,
  attempt: 1,
  retryCount: 0,
  timedOut: false,
  aborted: false,
  connectionLost: false
}
swarm.chat.failure {
  requestId: 'e6451114-f723-457e-b480-bac8c764f8cc',
  durationMs: 19,
  stage: 'plan',
  category: 'rate_limit',
  status: 429,
  attempt: 1,
  retryCount: 0,
  timedOut: false,
  aborted: false,
  connectionLost: false
}
swarm.chat.failure {
  requestId: 'd0653d87-f953-4393-a43e-d5c1b6cb687b',
  durationMs: 33,
  stage: 'review',
  category: 'network',
  status: undefined,
  attempt: 3,
  retryCount: 2,
  timedOut: false,
  aborted: false,
  connectionLost: true
}
swarm.chat.failure {
  requestId: 'e8b1181e-d51e-4975-8fc8-87bae3d5b9a0',
  durationMs: 8,
  stage: 'plan',
  category: 'server',
  status: 503,
  attempt: 1,
  retryCount: 0,
  timedOut: false,
  aborted: false,
  connectionLost: false
}
swarm.chat.failure {
  requestId: 'c04291de-bd18-46d3-9109-fef03261b56f',
  durationMs: 17,
  stage: 'chat',
  category: 'network',
  status: undefined,
  attempt: 1,
  retryCount: 0,
  timedOut: false,
  aborted: false,
  connectionLost: true
}
swarm.chat.failure {
  requestId: '9c313372-6db2-4029-ba51-bd3b63cb897d',
  durationMs: 20,
  stage: 'chat',
  category: 'rate_limit',
  status: 429,
  attempt: 1,
  retryCount: 0,
  timedOut: false,
  aborted: false,
  connectionLost: false
}
swarm.chat.failure {
  requestId: 'd2ed6019-179d-4c57-970f-cf6cd06ee9a9',
  durationMs: 9,
  stage: 'chat',
  category: 'server',
  status: 503,
  attempt: 1,
  retryCount: 0,
  timedOut: false,
  aborted: false,
  connectionLost: false
}
swarm.chat.failure {
  requestId: 'fa3c8084-3ee8-443b-8f3a-b5d673176448',
  durationMs: 21,
  stage: 'plan',
  category: 'rate_limit',
  status: 429,
  attempt: 1,
  retryCount: 0,
  timedOut: false,
  aborted: false,
  connectionLost: false
}
swarm.chat.failure {
  requestId: '790501f5-eae1-467c-b582-85e31330a30a',
  durationMs: 37,
  stage: 'review',
  category: 'network',
  status: undefined,
  attempt: 3,
  retryCount: 2,
  timedOut: false,
  aborted: false,
  connectionLost: true
}
swarm.chat.failure {
  requestId: 'ecfa9565-18a7-4bbe-833f-c1a4be7ce952',
  durationMs: 9,
  stage: 'chat',
  category: 'rate_limit',
  status: 429,
  attempt: 1,
  retryCount: 0,
  timedOut: false,
  aborted: false,
  connectionLost: false
}
swarm.chat.failure {
  requestId: 'd8394826-1cd3-4e5c-8610-d62be2c5ce50',
  durationMs: 24,
  stage: 'chat',
  category: 'network',
  status: undefined,
  attempt: 1,
  retryCount: 0,
  timedOut: false,
  aborted: false,
  connectionLost: true
}
swarm.chat.failure {
  requestId: '07339199-f782-49aa-98f2-7136464da0c7',
  durationMs: 30,
  stage: 'plan',
  category: 'server',
  status: 503,
  attempt: 1,
  retryCount: 0,
  timedOut: false,
  aborted: false,
  connectionLost: false
}
swarm.chat.failure {
  requestId: 'e0ae2292-8b2d-487e-8ee4-c73d62de5d01',
  durationMs: 12,
  stage: 'chat',
  category: 'server',
  status: 503,
  attempt: 1,
  retryCount: 0,
  timedOut: false,
  aborted: false,
  connectionLost: false
}
swarm.chat.failure {
  requestId: 'ebee56e2-850f-465d-99b0-5f49bfb9ba5d',
  durationMs: 25,
  stage: 'plan',
  category: 'rate_limit',
  status: 429,
  attempt: 1,
  retryCount: 0,
  timedOut: false,
  aborted: false,
  connectionLost: false
}
swarm.chat.failure {
  requestId: 'a5165e36-1d54-4f18-a290-742dbc4e69c4',
  durationMs: 35,
  stage: 'review',
  category: 'network',
  status: undefined,
  attempt: 3,
  retryCount: 2,
  timedOut: false,
  aborted: false,
  connectionLost: true
}
swarm.chat.failure {
  requestId: 'dc1d84ba-b634-48d6-bc75-66725d12cbbc',
  durationMs: 5,
  stage: 'chat',
  category: 'network',
  status: undefined,
  attempt: 1,
  retryCount: 0,
  timedOut: false,
  aborted: false,
  connectionLost: true
}
swarm.chat.failure {
  requestId: '29e200b1-36ed-4efe-b7ee-4539274364f7',
  durationMs: 7,
  stage: 'plan',
  category: 'server',
  status: 503,
  attempt: 1,
  retryCount: 0,
  timedOut: false,
  aborted: false,
  connectionLost: false
}
swarm.chat.failure {
  requestId: 'b47b4610-01c4-4bfb-bd26-56bb63e6a312',
  durationMs: 10,
  stage: 'chat',
  category: 'rate_limit',
  status: 429,
  attempt: 1,
  retryCount: 0,
  timedOut: false,
  aborted: false,
  connectionLost: false
}
swarm.chat.failure {
  requestId: '03970423-7dc1-4ade-a063-bcdc8851e76c',
  durationMs: 7,
  stage: 'chat',
  category: 'server',
  status: 503,
  attempt: 1,
  retryCount: 0,
  timedOut: false,
  aborted: false,
  connectionLost: false
}
swarm.chat.failure {
  requestId: '88c4f19b-1985-4018-b56a-b535b2727efc',
  durationMs: 13,
  stage: 'plan',
  category: 'rate_limit',
  status: 429,
  attempt: 1,
  retryCount: 0,
  timedOut: false,
  aborted: false,
  connectionLost: false
}
swarm.chat.failure {
  requestId: 'bcdae07d-8e51-49f8-a6ee-b73abcef9fa0',
  durationMs: 31,
  stage: 'review',
  category: 'network',
  status: undefined,
  attempt: 3,
  retryCount: 2,
  timedOut: false,
  aborted: false,
  connectionLost: true
}
swarm.chat.failure {
  requestId: '4788686b-b769-4875-8452-aac00e43ff3e',
  durationMs: 5,
  stage: 'chat',
  category: 'rate_limit',
  status: 429,
  attempt: 1,
  retryCount: 0,
  timedOut: false,
  aborted: false,
  connectionLost: false
}
swarm.chat.failure {
  requestId: '57006ac2-13e1-419d-a2e9-24ae4154f016',
  durationMs: 10,
  stage: 'chat',
  category: 'network',
  status: undefined,
  attempt: 1,
  retryCount: 0,
  timedOut: false,
  aborted: false,
  connectionLost: true
}
swarm.chat.failure {
  requestId: 'df358197-e33e-459f-82ff-02fa546f7357',
  durationMs: 16,
  stage: 'plan',
  category: 'server',
  status: 503,
  attempt: 1,
  retryCount: 0,
  timedOut: false,
  aborted: false,
  connectionLost: false
}
swarm.chat.failure {
  requestId: 'f8cb18bc-c30e-4ac2-955a-5d1c9a7e7151',
  durationMs: 13,
  stage: 'chat',
  category: 'server',
  status: 503,
  attempt: 1,
  retryCount: 0,
  timedOut: false,
  aborted: false,
  connectionLost: false
}
swarm.chat.failure {
  requestId: 'def1db74-333e-4794-b393-75d7cba4cf46',
  durationMs: 23,
  stage: 'plan',
  category: 'rate_limit',
  status: 429,
  attempt: 1,
  retryCount: 0,
  timedOut: false,
  aborted: false,
  connectionLost: false
}
swarm.chat.failure {
  requestId: '7a497856-9b7a-4386-95f8-8c069f41248f',
  durationMs: 43,
  stage: 'review',
  category: 'network',
  status: undefined,
  attempt: 3,
  retryCount: 2,
  timedOut: false,
  aborted: false,
  connectionLost: true
}
swarm.chat.failure {
  requestId: 'ed05f62f-e476-42bf-9f01-6bf75d360e59',
  durationMs: 7,
  stage: 'plan',
  category: 'server',
  status: 503,
  attempt: 1,
  retryCount: 0,
  timedOut: false,
  aborted: false,
  connectionLost: false
}
swarm.chat.failure {
  requestId: 'f0001ed4-0a27-48a4-9904-4773f0ae1ea5',
  durationMs: 10,
  stage: 'chat',
  category: 'network',
  status: undefined,
  attempt: 1,
  retryCount: 0,
  timedOut: false,
  aborted: false,
  connectionLost: true
}
swarm.chat.failure {
  requestId: '7dbfad3a-a54e-428c-aa55-efc3dee6487e',
  durationMs: 13,
  stage: 'chat',
  category: 'rate_limit',
  status: 429,
  attempt: 1,
  retryCount: 0,
  timedOut: false,
  aborted: false,
  connectionLost: false
}
swarm.chat.failure {
  requestId: '073c2f42-f02e-41bf-b622-2775867e1891',
  durationMs: 6,
  stage: 'plan',
  category: 'rate_limit',
  status: 429,
  attempt: 1,
  retryCount: 0,
  timedOut: false,
  aborted: false,
  connectionLost: false
}
swarm.chat.failure {
  requestId: '5a46fd02-b2c5-4827-b862-04562199d186',
  durationMs: 14,
  stage: 'chat',
  category: 'server',
  status: 503,
  attempt: 1,
  retryCount: 0,
  timedOut: false,
  aborted: false,
  connectionLost: false
}
swarm.chat.failure {
  requestId: '0a42ccb0-6669-4a64-99ac-45b921c5779f',
  durationMs: 22,
  stage: 'review',
  category: 'network',
  status: undefined,
  attempt: 3,
  retryCount: 2,
  timedOut: false,
  aborted: false,
  connectionLost: true
}
swarm.chat.failure {
  requestId: 'bbceaffa-e257-438d-9b37-3c8fe6223fde',
  durationMs: 10,
  stage: 'chat',
  category: 'rate_limit',
  status: 429,
  attempt: 1,
  retryCount: 0,
  timedOut: false,
  aborted: false,
  connectionLost: false
}
swarm.chat.failure {
  requestId: 'd3177cf6-6a1e-4254-a260-a5559048884e',
  durationMs: 13,
  stage: 'chat',
  category: 'network',
  status: undefined,
  attempt: 1,
  retryCount: 0,
  timedOut: false,
  aborted: false,
  connectionLost: true
}
swarm.chat.failure {
  requestId: '07d1f391-1a64-4a97-abed-e39f48e01476',
  durationMs: 19,
  stage: 'plan',
  category: 'server',
  status: 503,
  attempt: 1,
  retryCount: 0,
  timedOut: false,
  aborted: false,
  connectionLost: false
}
swarm.chat.failure {
  requestId: 'b13a5b02-7332-4f4d-a664-d2918f51b4a6',
  durationMs: 13,
  stage: 'chat',
  category: 'server',
  status: 503,
  attempt: 1,
  retryCount: 0,
  timedOut: false,
  aborted: false,
  connectionLost: false
}
swarm.chat.failure {
  requestId: '76318209-fc9f-4e23-b3fe-0151f35241d4',
  durationMs: 19,
  stage: 'plan',
  category: 'rate_limit',
  status: 429,
  attempt: 1,
  retryCount: 0,
  timedOut: false,
  aborted: false,
  connectionLost: false
}
swarm.chat.failure {
  requestId: 'e90f9a45-b504-474b-8254-565e7c486b21',
  durationMs: 38,
  stage: 'review',
  category: 'network',
  status: undefined,
  attempt: 3,
  retryCount: 2,
  timedOut: false,
  aborted: false,
  connectionLost: true
}
swarm.chat.failure {
  requestId: '0b2c6795-53ad-4244-b965-4325bfa6dc76',
  durationMs: 8,
  stage: 'chat',
  category: 'network',
  status: undefined,
  attempt: 1,
  retryCount: 0,
  timedOut: false,
  aborted: false,
  connectionLost: true
}
swarm.chat.failure {
  requestId: '3cd601f9-bb1f-4bd7-9ff2-bb53b4d4ad17',
  durationMs: 12,
  stage: 'plan',
  category: 'server',
  status: 503,
  attempt: 1,
  retryCount: 0,
  timedOut: false,
  aborted: false,
  connectionLost: false
}
swarm.chat.failure {
  requestId: '5251e693-eef1-4cd9-8e3e-a899587473ac',
  durationMs: 16,
  stage: 'chat',
  category: 'rate_limit',
  status: 429,
  attempt: 1,
  retryCount: 0,
  timedOut: false,
  aborted: false,
  connectionLost: false
}
swarm.chat.failure {
  requestId: 'f6032d2b-b438-48ec-8397-8de390bd466d',
  durationMs: 10,
  stage: 'chat',
  category: 'server',
  status: 503,
  attempt: 1,
  retryCount: 0,
  timedOut: false,
  aborted: false,
  connectionLost: false
}
swarm.chat.failure {
  requestId: '663266fd-1594-4764-9603-0dee0f380f61',
  durationMs: 19,
  stage: 'plan',
  category: 'rate_limit',
  status: 429,
  attempt: 1,
  retryCount: 0,
  timedOut: false,
  aborted: false,
  connectionLost: false
}
swarm.chat.failure {
  requestId: 'fac5cea2-e941-44a9-9ae5-6abcef4798c6',
  durationMs: 37,
  stage: 'review',
  category: 'network',
  status: undefined,
  attempt: 3,
  retryCount: 2,
  timedOut: false,
  aborted: false,
  connectionLost: true
}
swarm.chat.failure {
  requestId: '4be31763-8ce1-4c4d-a827-e1fcc47d0338',
  durationMs: 7,
  stage: 'chat',
  category: 'rate_limit',
  status: 429,
  attempt: 1,
  retryCount: 0,
  timedOut: false,
  aborted: false,
  connectionLost: false
}
swarm.chat.failure {
  requestId: '706309ee-6049-4af0-8045-2fe4fa48e0e3',
  durationMs: 10,
  stage: 'chat',
  category: 'network',
  status: undefined,
  attempt: 1,
  retryCount: 0,
  timedOut: false,
  aborted: false,
  connectionLost: true
}
swarm.chat.failure {
  requestId: 'fdaf6d39-c98e-4be7-a019-d7e208c94490',
  durationMs: 17,
  stage: 'plan',
  category: 'server',
  status: 503,
  attempt: 1,
  retryCount: 0,
  timedOut: false,
  aborted: false,
  connectionLost: false
}
swarm.chat.failure {
  requestId: 'a574ef56-4af5-4377-8434-ecf1f86ad6aa',
  durationMs: 12,
  stage: 'chat',
  category: 'server',
  status: 503,
  attempt: 1,
  retryCount: 0,
  timedOut: false,
  aborted: false,
  connectionLost: false
}
swarm.chat.failure {
  requestId: '25a6fbbc-becb-47d9-92c4-54f328e391be',
  durationMs: 16,
  stage: 'plan',
  category: 'rate_limit',
  status: 429,
  attempt: 1,
  retryCount: 0,
  timedOut: false,
  aborted: false,
  connectionLost: false
}
swarm.chat.failure {
  requestId: '424f17f5-f54e-4630-8f52-281c821696fe',
  durationMs: 27,
  stage: 'review',
  category: 'network',
  status: undefined,
  attempt: 3,
  retryCount: 2,
  timedOut: false,
  aborted: false,
  connectionLost: true
}
swarm.chat.failure {
  requestId: '20d62ca4-81db-46c0-9aba-88a6756ce3a2',
  durationMs: 11,
  stage: 'chat',
  category: 'network',
  status: undefined,
  attempt: 1,
  retryCount: 0,
  timedOut: false,
  aborted: false,
  connectionLost: true
}
swarm.chat.failure {
  requestId: 'a49a6477-e26a-4aea-a7d5-5735c91a8cc4',
  durationMs: 18,
  stage: 'plan',
  category: 'server',
  status: 503,
  attempt: 1,
  retryCount: 0,
  timedOut: false,
  aborted: false,
  connectionLost: false
}
swarm.chat.failure {
  requestId: 'c7d4b909-9c24-43f4-953c-321be4837692',
  durationMs: 24,
  stage: 'chat',
  category: 'rate_limit',
  status: 429,
  attempt: 1,
  retryCount: 0,
  timedOut: false,
  aborted: false,
  connectionLost: false
}
swarm.chat.failure {
  requestId: '6a8435b7-c6f1-42f7-8b1e-45abda461f2a',
  durationMs: 9,
  stage: 'chat',
  category: 'server',
  status: 503,
  attempt: 1,
  retryCount: 0,
  timedOut: false,
  aborted: false,
  connectionLost: false
}
swarm.chat.failure {
  requestId: '5f33feb6-f221-4288-b34c-af7467dd94fb',
  durationMs: 13,
  stage: 'plan',
  category: 'rate_limit',
  status: 429,
  attempt: 1,
  retryCount: 0,
  timedOut: false,
  aborted: false,
  connectionLost: false
}
swarm.chat.failure {
  requestId: '85cf51cd-aab8-47dc-9679-cf9f5a311d32',
  durationMs: 32,
  stage: 'review',
  category: 'network',
  status: undefined,
  attempt: 3,
  retryCount: 2,
  timedOut: false,
  aborted: false,
  connectionLost: true
}
swarm.chat.failure {
  requestId: '483ce9f0-00b9-4c5c-be84-33673e86c72a',
  durationMs: 7,
  stage: 'chat',
  category: 'rate_limit',
  status: 429,
  attempt: 1,
  retryCount: 0,
  timedOut: false,
  aborted: false,
  connectionLost: false
}
swarm.chat.failure {
  requestId: '84915e7f-b472-4fbe-8603-7c25f8c83b67',
  durationMs: 11,
  stage: 'chat',
  category: 'network',
  status: undefined,
  attempt: 1,
  retryCount: 0,
  timedOut: false,
  aborted: false,
  connectionLost: true
}
swarm.chat.failure {
  requestId: 'f12f7ec9-93f8-4786-89a0-ec76f0fb50a7',
  durationMs: 15,
  stage: 'plan',
  category: 'server',
  status: 503,
  attempt: 1,
  retryCount: 0,
  timedOut: false,
  aborted: false,
  connectionLost: false
}
swarm.chat.failure {
  requestId: '6c20c50b-a0b9-467b-b857-b2d0f008e8a6',
  durationMs: 14,
  stage: 'chat',
  category: 'server',
  status: 503,
  attempt: 1,
  retryCount: 0,
  timedOut: false,
  aborted: false,
  connectionLost: false
}
swarm.chat.failure {
  requestId: '119083d9-5a5e-4310-a446-68ecb960fbc6',
  durationMs: 18,
  stage: 'plan',
  category: 'rate_limit',
  status: 429,
  attempt: 1,
  retryCount: 0,
  timedOut: false,
  aborted: false,
  connectionLost: false
}
swarm.chat.failure {
  requestId: '4f9311f4-91ba-4244-9784-a233468b00e7',
  durationMs: 34,
  stage: 'review',
  category: 'network',
  status: undefined,
  attempt: 3,
  retryCount: 2,
  timedOut: false,
  aborted: false,
  connectionLost: true
}
swarm.chat.failure {
  requestId: '4e82ff74-c0a9-4972-93eb-0f5cf9d6a9d0',
  durationMs: 7,
  stage: 'plan',
  category: 'server',
  status: 503,
  attempt: 1,
  retryCount: 0,
  timedOut: false,
  aborted: false,
  connectionLost: false
}
swarm.chat.failure {
  requestId: '09aed906-2cf3-4154-a6e5-59f3b321f43a',
  durationMs: 11,
  stage: 'chat',
  category: 'network',
  status: undefined,
  attempt: 1,
  retryCount: 0,
  timedOut: false,
  aborted: false,
  connectionLost: true
}
swarm.chat.failure {
  requestId: 'def17217-0e74-47be-975c-05123633eb2b',
  durationMs: 13,
  stage: 'chat',
  category: 'rate_limit',
  status: 429,
  attempt: 1,
  retryCount: 0,
  timedOut: false,
  aborted: false,
  connectionLost: false
}
swarm.chat.failure {
  requestId: '5f90e156-e7af-45c2-9f08-05a47fa954cf',
  durationMs: 12,
  stage: 'chat',
  category: 'server',
  status: 503,
  attempt: 1,
  retryCount: 0,
  timedOut: false,
  aborted: false,
  connectionLost: false
}
swarm.chat.failure {
  requestId: '6c36694d-d7a3-4794-906e-7e360765827a',
  durationMs: 15,
  stage: 'plan',
  category: 'rate_limit',
  status: 429,
  attempt: 1,
  retryCount: 0,
  timedOut: false,
  aborted: false,
  connectionLost: false
}
swarm.chat.failure {
  requestId: '31aa70f1-ffe0-4b63-9009-9dd73d8b1eed',
  durationMs: 41,
  stage: 'review',
  category: 'network',
  status: undefined,
  attempt: 3,
  retryCount: 2,
  timedOut: false,
  aborted: false,
  connectionLost: true
}
swarm.chat.failure {
  requestId: '4b373f6d-c557-482e-ba80-39cd835bcc52',
  durationMs: 8,
  stage: 'chat',
  category: 'rate_limit',
  status: 429,
  attempt: 1,
  retryCount: 0,
  timedOut: false,
  aborted: false,
  connectionLost: false
}
swarm.chat.failure {
  requestId: 'bc75c295-2444-411f-947d-2ccc8c402d64',
  durationMs: 11,
  stage: 'chat',
  category: 'network',
  status: undefined,
  attempt: 1,
  retryCount: 0,
  timedOut: false,
  aborted: false,
  connectionLost: true
}
swarm.chat.failure {
  requestId: '4140349b-7044-49f6-8c2c-fc40c5e07324',
  durationMs: 16,
  stage: 'plan',
  category: 'server',
  status: 503,
  attempt: 1,
  retryCount: 0,
  timedOut: false,
  aborted: false,
  connectionLost: false
}
swarm.chat.failure {
  requestId: '6e5eaf84-a2e6-44ef-8a94-22bb28ae3d67',
  durationMs: 11,
  stage: 'chat',
  category: 'server',
  status: 503,
  attempt: 1,
  retryCount: 0,
  timedOut: false,
  aborted: false,
  connectionLost: false
}
swarm.chat.failure {
  requestId: '7f255093-ccc6-4368-9bbb-04c48c496c44',
  durationMs: 16,
  stage: 'plan',
  category: 'rate_limit',
  status: 429,
  attempt: 1,
  retryCount: 0,
  timedOut: false,
  aborted: false,
  connectionLost: false
}
swarm.chat.failure {
  requestId: 'cfee04a6-9f07-499d-a351-33beda981779',
  durationMs: 23,
  stage: 'review',
  category: 'network',
  status: undefined,
  attempt: 3,
  retryCount: 2,
  timedOut: false,
  aborted: false,
  connectionLost: true
}
swarm.chat.failure {
  requestId: 'ef6be340-9ed9-4670-bd8b-dc7c79c95897',
  durationMs: 5,
  stage: 'plan',
  category: 'server',
  status: 503,
  attempt: 1,
  retryCount: 0,
  timedOut: false,
  aborted: false,
  connectionLost: false
}
swarm.chat.failure {
  requestId: '9eba4043-86de-4646-bd80-029144cd7a5f',
  durationMs: 9,
  stage: 'chat',
  category: 'network',
  status: undefined,
  attempt: 1,
  retryCount: 0,
  timedOut: false,
  aborted: false,
  connectionLost: true
}
swarm.chat.failure {
  requestId: '05a7ffa2-cc88-4ff8-a7d5-f201ec02439a',
  durationMs: 11,
  stage: 'chat',
  category: 'rate_limit',
  status: 429,
  attempt: 1,
  retryCount: 0,
  timedOut: false,
  aborted: false,
  connectionLost: false
}
swarm.chat.failure {
  requestId: '23a4cc46-8fd8-4cfe-914c-dcf88607c2aa',
  durationMs: 8,
  stage: 'plan',
  category: 'rate_limit',
  status: 429,
  attempt: 1,
  retryCount: 0,
  timedOut: false,
  aborted: false,
  connectionLost: false
}
swarm.chat.failure {
  requestId: '13770602-a0c7-4fac-921d-cad06c1d6391',
  durationMs: 18,
  stage: 'chat',
  category: 'server',
  status: 503,
  attempt: 1,
  retryCount: 0,
  timedOut: false,
  aborted: false,
  connectionLost: false
}
swarm.chat.failure {
  requestId: '79e447c0-bf45-42ee-88cb-4d20b5144dd0',
  durationMs: 29,
  stage: 'review',
  category: 'network',
  status: undefined,
  attempt: 3,
  retryCount: 2,
  timedOut: false,
  aborted: false,
  connectionLost: true
}
swarm.chat.failure {
  requestId: '9c262da4-3db3-486e-8108-c23213bf39b9',
  durationMs: 10,
  stage: 'plan',
  category: 'server',
  status: 503,
  attempt: 1,
  retryCount: 0,
  timedOut: false,
  aborted: false,
  connectionLost: false
}
swarm.chat.failure {
  requestId: 'c2391df0-a825-4e39-aba3-8eda8ecc71b4',
  durationMs: 15,
  stage: 'chat',
  category: 'rate_limit',
  status: 429,
  attempt: 1,
  retryCount: 0,
  timedOut: false,
  aborted: false,
  connectionLost: false
}
swarm.chat.failure {
  requestId: '8003b1cb-411e-4d45-9f65-3e49d4b497a1',
  durationMs: 18,
  stage: 'chat',
  category: 'network',
  status: undefined,
  attempt: 1,
  retryCount: 0,
  timedOut: false,
  aborted: false,
  connectionLost: true
}
swarm.chat.failure {
  requestId: '8ab03368-97d5-4b11-a875-0a3ed13e1486',
  durationMs: 11,
  stage: 'plan',
  category: 'rate_limit',
  status: 429,
  attempt: 1,
  retryCount: 0,
  timedOut: false,
  aborted: false,
  connectionLost: false
}
swarm.chat.failure {
  requestId: '5f08a040-f265-412f-bbbc-97904647478e',
  durationMs: 15,
  stage: 'chat',
  category: 'server',
  status: 503,
  attempt: 1,
  retryCount: 0,
  timedOut: false,
  aborted: false,
  connectionLost: false
}
swarm.chat.failure {
  requestId: 'c51458b0-b67e-4727-a43c-3bb994f14308',
  durationMs: 21,
  stage: 'review',
  category: 'network',
  status: undefined,
  attempt: 3,
  retryCount: 2,
  timedOut: false,
  aborted: false,
  connectionLost: true
}
swarm.chat.failure {
  requestId: '4f47bec0-6f27-474e-a638-f591a5da6317',
  durationMs: 7,
  stage: 'chat',
  category: 'network',
  status: undefined,
  attempt: 1,
  retryCount: 0,
  timedOut: false,
  aborted: false,
  connectionLost: true
}
swarm.chat.failure {
  requestId: 'a98e8148-1d4e-4fbc-9142-1a19fc6e9a2b',
  durationMs: 10,
  stage: 'chat',
  category: 'rate_limit',
  status: 429,
  attempt: 1,
  retryCount: 0,
  timedOut: false,
  aborted: false,
  connectionLost: false
}
swarm.chat.failure {
  requestId: '6b1c807e-6a70-4e89-b2b3-fe2333885b32',
  durationMs: 14,
  stage: 'plan',
  category: 'server',
  status: 503,
  attempt: 1,
  retryCount: 0,
  timedOut: false,
  aborted: false,
  connectionLost: false
}
swarm.chat.failure {
  requestId: 'a5023cbd-486f-479f-a2ce-20390b8ae08f',
  durationMs: 10,
  stage: 'chat',
  category: 'server',
  status: 503,
  attempt: 1,
  retryCount: 0,
  timedOut: false,
  aborted: false,
  connectionLost: false
}
swarm.chat.failure {
  requestId: '642139be-4b1e-4383-80dc-bfa7cda3aca9',
  durationMs: 15,
  stage: 'plan',
  category: 'rate_limit',
  status: 429,
  attempt: 1,
  retryCount: 0,
  timedOut: false,
  aborted: false,
  connectionLost: false
}
swarm.chat.failure {
  requestId: '00cdf3df-f5d3-4d63-8f90-3c7bf31c7350',
  durationMs: 38,
  stage: 'review',
  category: 'network',
  status: undefined,
  attempt: 3,
  retryCount: 2,
  timedOut: false,
  aborted: false,
  connectionLost: true
}
swarm.chat.failure {
  requestId: '0acd65ae-d194-406d-ba4e-e7ab5a9f4928',
  durationMs: 10,
  stage: 'chat',
  category: 'rate_limit',
  status: 429,
  attempt: 1,
  retryCount: 0,
  timedOut: false,
  aborted: false,
  connectionLost: false
}
swarm.chat.failure {
  requestId: '0eb1aedc-5559-45dc-85de-ec388f523ae9',
  durationMs: 19,
  stage: 'chat',
  category: 'network',
  status: undefined,
  attempt: 1,
  retryCount: 0,
  timedOut: false,
  aborted: false,
  connectionLost: true
}
swarm.chat.failure {
  requestId: '4087b3a9-72d2-4c04-901a-2505f5aa8479',
  durationMs: 27,
  stage: 'plan',
  category: 'server',
  status: 503,
  attempt: 1,
  retryCount: 0,
  timedOut: false,
  aborted: false,
  connectionLost: false
}
swarm.chat.failure {
  requestId: '0662caa9-f57b-4e0a-a16e-2f2711c88b50',
  durationMs: 10,
  stage: 'chat',
  category: 'server',
  status: 503,
  attempt: 1,
  retryCount: 0,
  timedOut: false,
  aborted: false,
  connectionLost: false
}
swarm.chat.failure {
  requestId: 'f6c5dcad-1ac5-4725-9061-972d0b313346',
  durationMs: 22,
  stage: 'plan',
  category: 'rate_limit',
  status: 429,
  attempt: 1,
  retryCount: 0,
  timedOut: false,
  aborted: false,
  connectionLost: false
}
swarm.chat.failure {
  requestId: 'b2ec19f1-125f-4b1f-9aad-fc8903431912',
  durationMs: 31,
  stage: 'review',
  category: 'network',
  status: undefined,
  attempt: 3,
  retryCount: 2,
  timedOut: false,
  aborted: false,
  connectionLost: true
}
swarm.chat.failure {
  requestId: '3dd6c465-7c6e-45cb-9c92-9abebfdbbde1',
  durationMs: 5,
  stage: 'chat',
  category: 'network',
  status: undefined,
  attempt: 1,
  retryCount: 0,
  timedOut: false,
  aborted: false,
  connectionLost: true
}
swarm.chat.failure {
  requestId: 'b3ad36be-4654-472a-9965-01027feab6f3',
  durationMs: 7,
  stage: 'chat',
  category: 'rate_limit',
  status: 429,
  attempt: 1,
  retryCount: 0,
  timedOut: false,
  aborted: false,
  connectionLost: false
}
swarm.chat.failure {
  requestId: '445784fa-1296-496d-83ae-e3644fcbc0ed',
  durationMs: 11,
  stage: 'plan',
  category: 'server',
  status: 503,
  attempt: 1,
  retryCount: 0,
  timedOut: false,
  aborted: false,
  connectionLost: false
}
swarm.chat.failure {
  requestId: 'b05628d1-a9cf-4a8e-b047-6ede1811e285',
  durationMs: 5,
  stage: 'chat',
  category: 'server',
  status: 503,
  attempt: 1,
  retryCount: 0,
  timedOut: false,
  aborted: false,
  connectionLost: false
}
swarm.chat.failure {
  requestId: '9357975a-fa33-4737-bd12-344464740400',
  durationMs: 12,
  stage: 'plan',
  category: 'rate_limit',
  status: 429,
  attempt: 1,
  retryCount: 0,
  timedOut: false,
  aborted: false,
  connectionLost: false
}
swarm.chat.failure {
  requestId: '1373bb40-3429-4ff9-bfe5-cd68f65a1a4f',
  durationMs: 18,
  stage: 'review',
  category: 'network',
  status: undefined,
  attempt: 3,
  retryCount: 2,
  timedOut: false,
  aborted: false,
  connectionLost: true
}
swarm.chat.failure {
  requestId: '6e32839e-0d07-4d68-9578-4aac87e12067',
  durationMs: 5,
  stage: 'chat',
  category: 'rate_limit',
  status: 429,
  attempt: 1,
  retryCount: 0,
  timedOut: false,
  aborted: false,
  connectionLost: false
}
swarm.chat.failure {
  requestId: '2415c515-ed47-4e4c-ab7b-04c9e15b6971',
  durationMs: 14,
  stage: 'chat',
  category: 'network',
  status: undefined,
  attempt: 1,
  retryCount: 0,
  timedOut: false,
  aborted: false,
  connectionLost: true
}
swarm.chat.failure {
  requestId: '360963b5-8a94-4b24-9150-6456e8480ee3',
  durationMs: 17,
  stage: 'plan',
  category: 'server',
  status: 503,
  attempt: 1,
  retryCount: 0,
  timedOut: false,
  aborted: false,
  connectionLost: false
}
swarm.chat.failure {
  requestId: 'b1991bd8-d2a3-4525-9f60-64c658c891b1',
  durationMs: 6,
  stage: 'chat',
  category: 'server',
  status: 503,
  attempt: 1,
  retryCount: 0,
  timedOut: false,
  aborted: false,
  connectionLost: false
}
swarm.chat.failure {
  requestId: 'e69edb82-26aa-411b-be02-2b79207e2fed',
  durationMs: 14,
  stage: 'plan',
  category: 'rate_limit',
  status: 429,
  attempt: 1,
  retryCount: 0,
  timedOut: false,
  aborted: false,
  connectionLost: false
}
swarm.chat.failure {
  requestId: '7962a0e4-f0b0-4b96-9505-39ecad1c44f1',
  durationMs: 21,
  stage: 'review',
  category: 'network',
  status: undefined,
  attempt: 3,
  retryCount: 2,
  timedOut: false,
  aborted: false,
  connectionLost: true
}
swarm.chat.failure {
  requestId: '51c5862d-9c79-4ae9-bebb-24c9cffa6171',
  durationMs: 6,
  stage: 'chat',
  category: 'network',
  status: undefined,
  attempt: 1,
  retryCount: 0,
  timedOut: false,
  aborted: false,
  connectionLost: true
}
swarm.chat.failure {
  requestId: '4b374169-75cd-45cf-b24a-df8037564693',
  durationMs: 9,
  stage: 'chat',
  category: 'rate_limit',
  status: 429,
  attempt: 1,
  retryCount: 0,
  timedOut: false,
  aborted: false,
  connectionLost: false
}
swarm.chat.failure {
  requestId: 'c7b3a93b-f66d-4675-ade6-6fa5e3a56388',
  durationMs: 12,
  stage: 'plan',
  category: 'server',
  status: 503,
  attempt: 1,
  retryCount: 0,
  timedOut: false,
  aborted: false,
  connectionLost: false
}
swarm.chat.failure {
  requestId: '323a5ed2-40e2-4fc9-b945-29b1bbf55ab3',
  durationMs: 6,
  stage: 'chat',
  category: 'server',
  status: 503,
  attempt: 1,
  retryCount: 0,
  timedOut: false,
  aborted: false,
  connectionLost: false
}
swarm.chat.failure {
  requestId: '13a8c234-cee0-4b56-b70f-4b722c7e8a9e',
  durationMs: 11,
  stage: 'plan',
  category: 'rate_limit',
  status: 429,
  attempt: 1,
  retryCount: 0,
  timedOut: false,
  aborted: false,
  connectionLost: false
}
swarm.chat.failure {
  requestId: '50c18b68-668b-4d0b-b5a5-ec449601023d',
  durationMs: 25,
  stage: 'review',
  category: 'network',
  status: undefined,
  attempt: 3,
  retryCount: 2,
  timedOut: false,
  aborted: false,
  connectionLost: true
}
swarm.chat.failure {
  requestId: '6fbab57e-a9d6-4dbe-b4d3-8bd7725917f6',
  durationMs: 7,
  stage: 'chat',
  category: 'rate_limit',
  status: 429,
  attempt: 1,
  retryCount: 0,
  timedOut: false,
  aborted: false,
  connectionLost: false
}
swarm.chat.failure {
  requestId: '88bbda00-36dd-4bd2-b0f8-ece86266067e',
  durationMs: 12,
  stage: 'chat',
  category: 'network',
  status: undefined,
  attempt: 1,
  retryCount: 0,
  timedOut: false,
  aborted: false,
  connectionLost: true
}
swarm.chat.failure {
  requestId: '1843c73c-1d2d-4d3a-a262-ac506951bb38',
  durationMs: 15,
  stage: 'plan',
  category: 'server',
  status: 503,
  attempt: 1,
  retryCount: 0,
  timedOut: false,
  aborted: false,
  connectionLost: false
}
swarm.chat.failure {
  requestId: '645faa9a-7354-4fe3-99c2-1f5a81a2e665',
  durationMs: 6,
  stage: 'chat',
  category: 'server',
  status: 503,
  attempt: 1,
  retryCount: 0,
  timedOut: false,
  aborted: false,
  connectionLost: false
}
swarm.chat.failure {
  requestId: '1511be67-f0a5-4a17-8d6f-cbf26d1065dd',
  durationMs: 11,
  stage: 'plan',
  category: 'rate_limit',
  status: 429,
  attempt: 1,
  retryCount: 0,
  timedOut: false,
  aborted: false,
  connectionLost: false
}
swarm.chat.failure {
  requestId: '4ef10287-5ca5-49ac-a382-aba503d4db86',
  durationMs: 21,
  stage: 'review',
  category: 'network',
  status: undefined,
  attempt: 3,
  retryCount: 2,
  timedOut: false,
  aborted: false,
  connectionLost: true
}
swarm.chat.failure {
  requestId: 'a79aca67-689d-4c3c-906b-7d0d25c97bf2',
  durationMs: 7,
  stage: 'plan',
  category: 'server',
  status: 503,
  attempt: 1,
  retryCount: 0,
  timedOut: false,
  aborted: false,
  connectionLost: false
}
swarm.chat.failure {
  requestId: 'b6ad68f5-cee1-4b7b-b90e-9fe0d59db827',
  durationMs: 10,
  stage: 'chat',
  category: 'rate_limit',
  status: 429,
  attempt: 1,
  retryCount: 0,
  timedOut: false,
  aborted: false,
  connectionLost: false
}
swarm.chat.failure {
  requestId: '8be62299-5aae-4601-bb1a-fe3af109f0f7',
  durationMs: 14,
  stage: 'chat',
  category: 'network',
  status: undefined,
  attempt: 1,
  retryCount: 0,
  timedOut: false,
  aborted: false,
  connectionLost: true
}
swarm.chat.failure {
  requestId: '4e1e7b7c-4531-4a89-920c-d414423ba1ed',
  durationMs: 10,
  stage: 'plan',
  category: 'rate_limit',
  status: 429,
  attempt: 1,
  retryCount: 0,
  timedOut: false,
  aborted: false,
  connectionLost: false
}
swarm.chat.failure {
  requestId: '12d37438-bd9d-4aaa-aef7-a587819eed90',
  durationMs: 15,
  stage: 'chat',
  category: 'server',
  status: 503,
  attempt: 1,
  retryCount: 0,
  timedOut: false,
  aborted: false,
  connectionLost: false
}
swarm.chat.failure {
  requestId: '3448e652-b317-4c91-9003-4ab8b90f053c',
  durationMs: 30,
  stage: 'review',
  category: 'network',
  status: undefined,
  attempt: 3,
  retryCount: 2,
  timedOut: false,
  aborted: false,
  connectionLost: true
}
swarm.chat.failure {
  requestId: 'd9a05f89-d062-4686-951e-f79da7c2cbf4',
  durationMs: 8,
  stage: 'chat',
  category: 'network',
  status: undefined,
  attempt: 1,
  retryCount: 0,
  timedOut: false,
  aborted: false,
  connectionLost: true
}
swarm.chat.failure {
  requestId: '2c05382a-3083-46cc-bfa5-d87f040109d3',
  durationMs: 12,
  stage: 'chat',
  category: 'rate_limit',
  status: 429,
  attempt: 1,
  retryCount: 0,
  timedOut: false,
  aborted: false,
  connectionLost: false
}
swarm.chat.failure {
  requestId: 'b58d703d-5bd9-495c-8f5e-18811fa3810d',
  durationMs: 15,
  stage: 'plan',
  category: 'server',
  status: 503,
  attempt: 1,
  retryCount: 0,
  timedOut: false,
  aborted: false,
  connectionLost: false
}
swarm.chat.failure {
  requestId: '1e9bd807-b37e-48e0-9516-4fd8819cfec9',
  durationMs: 15,
  stage: 'chat',
  category: 'server',
  status: 503,
  attempt: 1,
  retryCount: 0,
  timedOut: false,
  aborted: false,
  connectionLost: false
}
swarm.chat.failure {
  requestId: 'e386605f-8e7c-48d6-a725-61e6cab96328',
  durationMs: 20,
  stage: 'plan',
  category: 'rate_limit',
  status: 429,
  attempt: 1,
  retryCount: 0,
  timedOut: false,
  aborted: false,
  connectionLost: false
}
swarm.chat.failure {
  requestId: 'bd91e2c0-c05f-4b8e-bb0b-9c697a5d289b',
  durationMs: 36,
  stage: 'review',
  category: 'network',
  status: undefined,
  attempt: 3,
  retryCount: 2,
  timedOut: false,
  aborted: false,
  connectionLost: true
}
swarm.chat.failure {
  requestId: '819463ab-8f24-4790-be4a-57a32fa1279a',
  durationMs: 9,
  stage: 'chat',
  category: 'network',
  status: undefined,
  attempt: 1,
  retryCount: 0,
  timedOut: false,
  aborted: false,
  connectionLost: true
}
swarm.chat.failure {
  requestId: '03dfbafc-35ae-4d0a-bbd0-0de945234b65',
  durationMs: 16,
  stage: 'plan',
  category: 'server',
  status: 503,
  attempt: 1,
  retryCount: 0,
  timedOut: false,
  aborted: false,
  connectionLost: false
}
swarm.chat.failure {
  requestId: '83289fce-e242-4c33-957b-a9e44fe04ed7',
  durationMs: 20,
  stage: 'chat',
  category: 'rate_limit',
  status: 429,
  attempt: 1,
  retryCount: 0,
  timedOut: false,
  aborted: false,
  connectionLost: false
}
swarm.chat.failure {
  requestId: '361a6b94-f15c-4934-a050-7bf7347839dc',
  durationMs: 8,
  stage: 'chat',
  category: 'server',
  status: 503,
  attempt: 1,
  retryCount: 0,
  timedOut: false,
  aborted: false,
  connectionLost: false
}
swarm.chat.failure {
  requestId: '92cdf8e5-a6f8-4d2c-a09c-8c2f423c0cfc',
  durationMs: 17,
  stage: 'plan',
  category: 'rate_limit',
  status: 429,
  attempt: 1,
  retryCount: 0,
  timedOut: false,
  aborted: false,
  connectionLost: false
}
swarm.chat.failure {
  requestId: 'dc49288c-8e80-4b8d-a68d-3aee40228de1',
  durationMs: 29,
  stage: 'review',
  category: 'network',
  status: undefined,
  attempt: 3,
  retryCount: 2,
  timedOut: false,
  aborted: false,
  connectionLost: true
}
swarm.chat.failure {
  requestId: 'a70474e7-508a-4694-b79a-c7804739a130',
  durationMs: 10,
  stage: 'chat',
  category: 'rate_limit',
  status: 429,
  attempt: 1,
  retryCount: 0,
  timedOut: false,
  aborted: false,
  connectionLost: false
}
swarm.chat.failure {
  requestId: 'b59afec0-40f2-41df-bf60-8c4f890b4d18',
  durationMs: 13,
  stage: 'chat',
  category: 'network',
  status: undefined,
  attempt: 1,
  retryCount: 0,
  timedOut: false,
  aborted: false,
  connectionLost: true
}
swarm.chat.failure {
  requestId: '76098912-cfb1-4043-b11a-09e3993feba7',
  durationMs: 17,
  stage: 'plan',
  category: 'server',
  status: 503,
  attempt: 1,
  retryCount: 0,
  timedOut: false,
  aborted: false,
  connectionLost: false
}
swarm.chat.failure {
  requestId: '63bde71e-ef69-452b-b811-7b0b47da2ea6',
  durationMs: 16,
  stage: 'chat',
  category: 'server',
  status: 503,
  attempt: 1,
  retryCount: 0,
  timedOut: false,
  aborted: false,
  connectionLost: false
}
swarm.chat.failure {
  requestId: '3609e475-1342-46d4-b46f-e62eeaf05673',
  durationMs: 19,
  stage: 'plan',
  category: 'rate_limit',
  status: 429,
  attempt: 1,
  retryCount: 0,
  timedOut: false,
  aborted: false,
  connectionLost: false
}
swarm.chat.failure {
  requestId: '1dfc323a-991d-49d4-9aef-b9d76733e955',
  durationMs: 34,
  stage: 'review',
  category: 'network',
  status: undefined,
  attempt: 3,
  retryCount: 2,
  timedOut: false,
  aborted: false,
  connectionLost: true
}
swarm.chat.failure {
  requestId: 'cd76b3e6-628b-4e36-b9da-bc811763a192',
  durationMs: 9,
  stage: 'chat',
  category: 'network',
  status: undefined,
  attempt: 1,
  retryCount: 0,
  timedOut: false,
  aborted: false,
  connectionLost: true
}
swarm.chat.failure {
  requestId: '2f87b89d-f5f1-46b7-95f9-90acd9630e68',
  durationMs: 14,
  stage: 'chat',
  category: 'rate_limit',
  status: 429,
  attempt: 1,
  retryCount: 0,
  timedOut: false,
  aborted: false,
  connectionLost: false
}
swarm.chat.failure {
  requestId: '5355a732-a72f-431b-b70f-a8aafe8ab5e6',
  durationMs: 19,
  stage: 'plan',
  category: 'server',
  status: 503,
  attempt: 1,
  retryCount: 0,
  timedOut: false,
  aborted: false,
  connectionLost: false
}
swarm.chat.failure {
  requestId: 'd36c5174-df62-4343-8c8c-9076640f9979',
  durationMs: 9,
  stage: 'chat',
  category: 'server',
  status: 503,
  attempt: 1,
  retryCount: 0,
  timedOut: false,
  aborted: false,
  connectionLost: false
}
swarm.chat.failure {
  requestId: '2b8975cb-9c01-4b15-9729-86dd286cc0e5',
  durationMs: 17,
  stage: 'plan',
  category: 'rate_limit',
  status: 429,
  attempt: 1,
  retryCount: 0,
  timedOut: false,
  aborted: false,
  connectionLost: false
}
swarm.chat.failure {
  requestId: '9cd6a957-b941-439e-8d62-2d07ec85128d',
  durationMs: 32,
  stage: 'review',
  category: 'network',
  status: undefined,
  attempt: 3,
  retryCount: 2,
  timedOut: false,
  aborted: false,
  connectionLost: true
}
swarm.chat.failure {
  requestId: '7fb31c27-b79e-4efa-a8b6-3c57ede315ad',
  durationMs: 9,
  stage: 'chat',
  category: 'rate_limit',
  status: 429,
  attempt: 1,
  retryCount: 0,
  timedOut: false,
  aborted: false,
  connectionLost: false
}
swarm.chat.failure {
  requestId: '54788697-2198-4c4e-919a-9ab47c220eb5',
  durationMs: 13,
  stage: 'chat',
  category: 'network',
  status: undefined,
  attempt: 1,
  retryCount: 0,
  timedOut: false,
  aborted: false,
  connectionLost: true
}
swarm.chat.failure {
  requestId: 'ecffe914-2cb2-4e62-a98c-ae61f00dec2d',
  durationMs: 16,
  stage: 'plan',
  category: 'server',
  status: 503,
  attempt: 1,
  retryCount: 0,
  timedOut: false,
  aborted: false,
  connectionLost: false
}
swarm.chat.failure {
  requestId: '0ef6898b-ab78-4b37-a940-3cd3e15ba042',
  durationMs: 12,
  stage: 'chat',
  category: 'server',
  status: 503,
  attempt: 1,
  retryCount: 0,
  timedOut: false,
  aborted: false,
  connectionLost: false
}
swarm.chat.failure {
  requestId: '1c3b741d-3ce1-4299-a594-0a1f07bf0af4',
  durationMs: 16,
  stage: 'plan',
  category: 'rate_limit',
  status: 429,
  attempt: 1,
  retryCount: 0,
  timedOut: false,
  aborted: false,
  connectionLost: false
}
swarm.chat.failure {
  requestId: '86610fcb-bcc2-4cdf-86ec-54e9ec63c90b',
  durationMs: 27,
  stage: 'review',
  category: 'network',
  status: undefined,
  attempt: 3,
  retryCount: 2,
  timedOut: false,
  aborted: false,
  connectionLost: true
}
swarm.chat.failure {
  requestId: 'eb2da03e-e96e-46a3-825f-523a1e1a375c',
  durationMs: 8,
  stage: 'chat',
  category: 'network',
  status: undefined,
  attempt: 1,
  retryCount: 0,
  timedOut: false,
  aborted: false,
  connectionLost: true
}
swarm.chat.failure {
  requestId: '59f64878-b56b-4935-b464-1030092de9e1',
  durationMs: 11,
  stage: 'chat',
  category: 'rate_limit',
  status: 429,
  attempt: 1,
  retryCount: 0,
  timedOut: false,
  aborted: false,
  connectionLost: false
}
swarm.chat.failure {
  requestId: 'f3e503b1-3e69-42ec-b6c0-238bf4d90358',
  durationMs: 16,
  stage: 'plan',
  category: 'server',
  status: 503,
  attempt: 1,
  retryCount: 0,
  timedOut: false,
  aborted: false,
  connectionLost: false
}
swarm.chat.failure {
  requestId: '7bca7c82-2766-421a-aca9-6b6e1069e73f',
  durationMs: 6,
  stage: 'chat',
  category: 'server',
  status: 503,
  attempt: 1,
  retryCount: 0,
  timedOut: false,
  aborted: false,
  connectionLost: false
}
swarm.chat.failure {
  requestId: 'f5201c57-9217-4825-9529-8db026928816',
  durationMs: 10,
  stage: 'plan',
  category: 'rate_limit',
  status: 429,
  attempt: 1,
  retryCount: 0,
  timedOut: false,
  aborted: false,
  connectionLost: false
}
swarm.chat.failure {
  requestId: 'f56030c2-e172-46d6-9e77-30e87c8f9caf',
  durationMs: 23,
  stage: 'review',
  category: 'network',
  status: undefined,
  attempt: 3,
  retryCount: 2,
  timedOut: false,
  aborted: false,
  connectionLost: true
}
swarm.chat.failure {
  requestId: '97dfcba3-a877-49c4-8c6a-8981f09b8bef',
  durationMs: 5,
  stage: 'chat',
  category: 'rate_limit',
  status: 429,
  attempt: 1,
  retryCount: 0,
  timedOut: false,
  aborted: false,
  connectionLost: false
}
swarm.chat.failure {
  requestId: 'df4a69b3-a276-4d4a-9fe5-000b1ab5ff8f',
  durationMs: 11,
  stage: 'chat',
  category: 'network',
  status: undefined,
  attempt: 1,
  retryCount: 0,
  timedOut: false,
  aborted: false,
  connectionLost: true
}
swarm.chat.failure {
  requestId: 'f7521682-6bfb-4594-bbc5-656d9408fdb5',
  durationMs: 13,
  stage: 'plan',
  category: 'server',
  status: 503,
  attempt: 1,
  retryCount: 0,
  timedOut: false,
  aborted: false,
  connectionLost: false
}
swarm.chat.failure {
  requestId: 'a83f2992-d422-4e51-8089-8f112239c40e',
  durationMs: 30,
  stage: 'chat',
  category: 'server',
  status: 503,
  attempt: 1,
  retryCount: 0,
  timedOut: false,
  aborted: false,
  connectionLost: false
}
swarm.chat.failure {
  requestId: '9b2002b6-0212-49af-84a9-81f471a9af85',
  durationMs: 53,
  stage: 'plan',
  category: 'rate_limit',
  status: 429,
  attempt: 1,
  retryCount: 0,
  timedOut: false,
  aborted: false,
  connectionLost: false
}
swarm.chat.failure {
  requestId: 'bc50ec05-589b-4fe0-a9b6-920a51751645',
  durationMs: 67,
  stage: 'review',
  category: 'network',
  status: undefined,
  attempt: 3,
  retryCount: 2,
  timedOut: false,
  aborted: false,
  connectionLost: true
}
swarm.chat.failure {
  requestId: '49d6e053-63e2-4266-a8ce-d2bf873b6290',
  durationMs: 7,
  stage: 'chat',
  category: 'network',
  status: undefined,
  attempt: 1,
  retryCount: 0,
  timedOut: false,
  aborted: false,
  connectionLost: true
}
swarm.chat.failure {
  requestId: 'd51d3916-acf9-429e-939a-342b9d093763',
  durationMs: 10,
  stage: 'plan',
  category: 'server',
  status: 503,
  attempt: 1,
  retryCount: 0,
  timedOut: false,
  aborted: false,
  connectionLost: false
}
swarm.chat.failure {
  requestId: '5989b373-2918-4780-b778-80bf401c3308',
  durationMs: 20,
  stage: 'chat',
  category: 'rate_limit',
  status: 429,
  attempt: 1,
  retryCount: 0,
  timedOut: false,
  aborted: false,
  connectionLost: false
}
swarm.chat.failure {
  requestId: 'bc885ac0-1582-4600-9ff3-ef26807f6e9b',
  durationMs: 8,
  stage: 'chat',
  category: 'server',
  status: 503,
  attempt: 1,
  retryCount: 0,
  timedOut: false,
  aborted: false,
  connectionLost: false
}
swarm.chat.failure {
  requestId: 'a14aae2e-5f9b-4f37-aef1-6a78b7fd9be6',
  durationMs: 12,
  stage: 'plan',
  category: 'rate_limit',
  status: 429,
  attempt: 1,
  retryCount: 0,
  timedOut: false,
  aborted: false,
  connectionLost: false
}
swarm.chat.failure {
  requestId: '18b67cc6-a8af-4ba1-a3f2-432460584ea5',
  durationMs: 29,
  stage: 'review',
  category: 'network',
  status: undefined,
  attempt: 3,
  retryCount: 2,
  timedOut: false,
  aborted: false,
  connectionLost: true
}
swarm.chat.failure {
  requestId: '4ba4e692-2186-4e63-840d-e99cd76ff17a',
  durationMs: 9,
  stage: 'chat',
  category: 'network',
  status: undefined,
  attempt: 1,
  retryCount: 0,
  timedOut: false,
  aborted: false,
  connectionLost: true
}
swarm.chat.failure {
  requestId: 'f72f27db-6c41-4865-b14d-a4b9d9de84c1',
  durationMs: 13,
  stage: 'chat',
  category: 'rate_limit',
  status: 429,
  attempt: 1,
  retryCount: 0,
  timedOut: false,
  aborted: false,
  connectionLost: false
}
swarm.chat.failure {
  requestId: 'e1f45da3-3be6-46a0-a07b-c3b39ea824d6',
  durationMs: 16,
  stage: 'plan',
  category: 'server',
  status: 503,
  attempt: 1,
  retryCount: 0,
  timedOut: false,
  aborted: false,
  connectionLost: false
}
swarm.chat.failure {
  requestId: '2919d501-b444-44d1-8964-b9719a48cf63',
  durationMs: 15,
  stage: 'chat',
  category: 'server',
  status: 503,
  attempt: 1,
  retryCount: 0,
  timedOut: false,
  aborted: false,
  connectionLost: false
}
swarm.chat.failure {
  requestId: '44510b02-76b7-4ada-a091-1c7a3b9723f8',
  durationMs: 19,
  stage: 'plan',
  category: 'rate_limit',
  status: 429,
  attempt: 1,
  retryCount: 0,
  timedOut: false,
  aborted: false,
  connectionLost: false
}
swarm.chat.failure {
  requestId: '4d84d65f-8784-4ab2-9eb0-7451fee9f750',
  durationMs: 30,
  stage: 'review',
  category: 'network',
  status: undefined,
  attempt: 3,
  retryCount: 2,
  timedOut: false,
  aborted: false,
  connectionLost: true
}
swarm.chat.failure {
  requestId: 'dd917af0-21e7-4884-9e51-5120b7052f98',
  durationMs: 8,
  stage: 'chat',
  category: 'network',
  status: undefined,
  attempt: 1,
  retryCount: 0,
  timedOut: false,
  aborted: false,
  connectionLost: true
}
swarm.chat.failure {
  requestId: 'd11ff456-f62c-457e-94c7-fef518aeb71e',
  durationMs: 10,
  stage: 'chat',
  category: 'rate_limit',
  status: 429,
  attempt: 1,
  retryCount: 0,
  timedOut: false,
  aborted: false,
  connectionLost: false
}
swarm.chat.failure {
  requestId: '13a12e06-eb0a-4f23-b974-6a006f28a300',
  durationMs: 16,
  stage: 'plan',
  category: 'server',
  status: 503,
  attempt: 1,
  retryCount: 0,
  timedOut: false,
  aborted: false,
  connectionLost: false
}
swarm.chat.failure {
  requestId: '1330eaa6-08ac-40c7-bdcc-4148229d15b7',
  durationMs: 8,
  stage: 'chat',
  category: 'server',
  status: 503,
  attempt: 1,
  retryCount: 0,
  timedOut: false,
  aborted: false,
  connectionLost: false
}
swarm.chat.failure {
  requestId: '4f7bb016-d0ac-4017-a265-f99466e1fd5e',
  durationMs: 15,
  stage: 'plan',
  category: 'rate_limit',
  status: 429,
  attempt: 1,
  retryCount: 0,
  timedOut: false,
  aborted: false,
  connectionLost: false
}
swarm.chat.failure {
  requestId: 'd15bd64b-5caf-44bd-96b9-9830c04674cf',
  durationMs: 28,
  stage: 'review',
  category: 'network',
  status: undefined,
  attempt: 3,
  retryCount: 2,
  timedOut: false,
  aborted: false,
  connectionLost: true
}
swarm.chat.failure {
  requestId: 'a29430ff-ab13-4deb-8b7c-48b9ccdb81a8',
  durationMs: 6,
  stage: 'chat',
  category: 'rate_limit',
  status: 429,
  attempt: 1,
  retryCount: 0,
  timedOut: false,
  aborted: false,
  connectionLost: false
}
swarm.chat.failure {
  requestId: '12f5fff7-4e84-4608-8774-a62b459765c7',
  durationMs: 10,
  stage: 'chat',
  category: 'network',
  status: undefined,
  attempt: 1,
  retryCount: 0,
  timedOut: false,
  aborted: false,
  connectionLost: true
}
swarm.chat.failure {
  requestId: '467ddba9-cb88-4757-9a15-c475bb19dfff',
  durationMs: 13,
  stage: 'plan',
  category: 'server',
  status: 503,
  attempt: 1,
  retryCount: 0,
  timedOut: false,
  aborted: false,
  connectionLost: false
}
swarm.chat.failure {
  requestId: '31c748d7-6867-49bc-80d5-17ceff6dc571',
  durationMs: 9,
  stage: 'chat',
  category: 'server',
  status: 503,
  attempt: 1,
  retryCount: 0,
  timedOut: false,
  aborted: false,
  connectionLost: false
}
swarm.chat.failure {
  requestId: '55e62b1e-70f6-4776-a490-7942b759473b',
  durationMs: 18,
  stage: 'plan',
  category: 'rate_limit',
  status: 429,
  attempt: 1,
  retryCount: 0,
  timedOut: false,
  aborted: false,
  connectionLost: false
}
swarm.chat.failure {
  requestId: '616e1d69-7d38-4c80-a23b-d9cfecd01ba4',
  durationMs: 26,
  stage: 'review',
  category: 'network',
  status: undefined,
  attempt: 3,
  retryCount: 2,
  timedOut: false,
  aborted: false,
  connectionLost: true
}
swarm.chat.failure {
  requestId: '8ca00feb-935e-4fcf-9a89-f73c41b357a5',
  durationMs: 4,
  stage: 'plan',
  category: 'server',
  status: 503,
  attempt: 1,
  retryCount: 0,
  timedOut: false,
  aborted: false,
  connectionLost: false
}
swarm.chat.failure {
  requestId: '40d95fe9-3b1d-4da8-9280-255fe81e29ee',
  durationMs: 10,
  stage: 'chat',
  category: 'network',
  status: undefined,
  attempt: 1,
  retryCount: 0,
  timedOut: false,
  aborted: false,
  connectionLost: true
}
swarm.chat.failure {
  requestId: 'ae7b31a7-c378-4f7f-bfbd-585a67e3b961',
  durationMs: 13,
  stage: 'chat',
  category: 'rate_limit',
  status: 429,
  attempt: 1,
  retryCount: 0,
  timedOut: false,
  aborted: false,
  connectionLost: false
}
swarm.chat.failure {
  requestId: '82c5f643-1026-4c6d-9aa3-3b79f5b0436c',
  durationMs: 5,
  stage: 'chat',
  category: 'server',
  status: 503,
  attempt: 1,
  retryCount: 0,
  timedOut: false,
  aborted: false,
  connectionLost: false
}
swarm.chat.failure {
  requestId: 'bf7a86a7-a6d0-46e2-9571-3bf8b4553250',
  durationMs: 8,
  stage: 'plan',
  category: 'rate_limit',
  status: 429,
  attempt: 1,
  retryCount: 0,
  timedOut: false,
  aborted: false,
  connectionLost: false
}
swarm.chat.failure {
  requestId: '75283e0d-26d0-476a-ad12-370b3cebf00b',
  durationMs: 19,
  stage: 'review',
  category: 'network',
  status: undefined,
  attempt: 3,
  retryCount: 2,
  timedOut: false,
  aborted: false,
  connectionLost: true
}
swarm.chat.failure {
  requestId: '378d0e26-7cbe-4557-9785-3a75474de877',
  durationMs: 6,
  stage: 'chat',
  category: 'rate_limit',
  status: 429,
  attempt: 1,
  retryCount: 0,
  timedOut: false,
  aborted: false,
  connectionLost: false
}
swarm.chat.failure {
  requestId: '89d8d1fd-0f0d-41f0-81e5-57fe8fc773b5',
  durationMs: 9,
  stage: 'plan',
  category: 'server',
  status: 503,
  attempt: 1,
  retryCount: 0,
  timedOut: false,
  aborted: false,
  connectionLost: false
}
swarm.chat.failure {
  requestId: '5d0a5723-4d2d-46c0-b43c-62d49a1173aa',
  durationMs: 13,
  stage: 'chat',
  category: 'network',
  status: undefined,
  attempt: 1,
  retryCount: 0,
  timedOut: false,
  aborted: false,
  connectionLost: true
}
swarm.chat.failure {
  requestId: '20899a55-1873-4f76-a9b2-490b5827cf03',
  durationMs: 8,
  stage: 'chat',
  category: 'server',
  status: 503,
  attempt: 1,
  retryCount: 0,
  timedOut: false,
  aborted: false,
  connectionLost: false
}
swarm.chat.failure {
  requestId: '3e56fe8e-a055-45ce-8ade-68c11c74f08f',
  durationMs: 11,
  stage: 'plan',
  category: 'rate_limit',
  status: 429,
  attempt: 1,
  retryCount: 0,
  timedOut: false,
  aborted: false,
  connectionLost: false
}
swarm.chat.failure {
  requestId: 'cf6a1aeb-d939-4867-ba08-47c3d012e991',
  durationMs: 24,
  stage: 'review',
  category: 'network',
  status: undefined,
  attempt: 3,
  retryCount: 2,
  timedOut: false,
  aborted: false,
  connectionLost: true
}
swarm.chat.failure {
  requestId: 'f4a52762-0034-42bc-a43d-e46a13f2a1ee',
  durationMs: 6,
  stage: 'chat',
  category: 'network',
  status: undefined,
  attempt: 1,
  retryCount: 0,
  timedOut: false,
  aborted: false,
  connectionLost: true
}
swarm.chat.failure {
  requestId: '607031ea-859b-4263-8bb4-25b938a62a40',
  durationMs: 8,
  stage: 'chat',
  category: 'rate_limit',
  status: 429,
  attempt: 1,
  retryCount: 0,
  timedOut: false,
  aborted: false,
  connectionLost: false
}
swarm.chat.failure {
  requestId: '1caf89bc-796f-4c69-88cc-4a82ef447eab',
  durationMs: 14,
  stage: 'plan',
  category: 'server',
  status: 503,
  attempt: 1,
  retryCount: 0,
  timedOut: false,
  aborted: false,
  connectionLost: false
}
swarm.chat.failure {
  requestId: '57b60bda-940b-4dd0-be4b-83c23a9f2638',
  durationMs: 11,
  stage: 'chat',
  category: 'server',
  status: 503,
  attempt: 1,
  retryCount: 0,
  timedOut: false,
  aborted: false,
  connectionLost: false
}
swarm.chat.failure {
  requestId: '721a14b6-4437-4139-971d-40da984ce6d1',
  durationMs: 25,
  stage: 'plan',
  category: 'rate_limit',
  status: 429,
  attempt: 1,
  retryCount: 0,
  timedOut: false,
  aborted: false,
  connectionLost: false
}
swarm.chat.failure {
  requestId: 'ade7d2be-f8db-403f-aec4-6580937b2ea2',
  durationMs: 53,
  stage: 'review',
  category: 'network',
  status: undefined,
  attempt: 3,
  retryCount: 2,
  timedOut: false,
  aborted: false,
  connectionLost: true
}
swarm.chat.failure {
  requestId: 'ea777463-7c3b-486c-83bf-2d9a248d350e',
  durationMs: 10,
  stage: 'chat',
  category: 'rate_limit',
  status: 429,
  attempt: 1,
  retryCount: 0,
  timedOut: false,
  aborted: false,
  connectionLost: false
}
swarm.chat.failure {
  requestId: '9015336d-5c11-43f1-81fc-205a236dcecc',
  durationMs: 22,
  stage: 'chat',
  category: 'network',
  status: undefined,
  attempt: 1,
  retryCount: 0,
  timedOut: false,
  aborted: false,
  connectionLost: true
}
swarm.chat.failure {
  requestId: '03855651-97a3-4565-bd57-146321baeda3',
  durationMs: 30,
  stage: 'plan',
  category: 'server',
  status: 503,
  attempt: 1,
  retryCount: 0,
  timedOut: false,
  aborted: false,
  connectionLost: false
}
swarm.chat.failure {
  requestId: '30e2806f-6d58-4f20-82bc-6cb9e33df24a',
  durationMs: 49,
  stage: 'chat',
  category: 'server',
  status: 503,
  attempt: 1,
  retryCount: 0,
  timedOut: false,
  aborted: false,
  connectionLost: false
}
swarm.chat.failure {
  requestId: 'ef9453f3-600e-4ae3-951d-ebbff4d42d97',
  durationMs: 69,
  stage: 'plan',
  category: 'rate_limit',
  status: 429,
  attempt: 1,
  retryCount: 0,
  timedOut: false,
  aborted: false,
  connectionLost: false
}
swarm.chat.failure {
  requestId: '14f34dc6-e038-4a9f-9892-e15dab40b968',
  durationMs: 109,
  stage: 'review',
  category: 'network',
  status: undefined,
  attempt: 3,
  retryCount: 2,
  timedOut: false,
  aborted: false,
  connectionLost: true
}
swarm.chat.failure {
  requestId: 'bf9cdcea-e087-4bbc-a4c2-b4b240b29e6e',
  durationMs: 5,
  stage: 'chat',
  category: 'network',
  status: undefined,
  attempt: 1,
  retryCount: 0,
  timedOut: false,
  aborted: false,
  connectionLost: true
}
swarm.chat.failure {
  requestId: '95d7664f-3f1f-47e1-bbfd-77f5f05fd265',
  durationMs: 8,
  stage: 'plan',
  category: 'server',
  status: 503,
  attempt: 1,
  retryCount: 0,
  timedOut: false,
  aborted: false,
  connectionLost: false
}
swarm.chat.failure {
  requestId: 'dccd11ac-c112-4658-ac0d-f14406f5850b',
  durationMs: 12,
  stage: 'chat',
  category: 'rate_limit',
  status: 429,
  attempt: 1,
  retryCount: 0,
  timedOut: false,
  aborted: false,
  connectionLost: false
}
swarm.chat.failure {
  requestId: 'b3252fbf-6902-47b4-bf1d-32f97c6eaa0c',
  durationMs: 7,
  stage: 'chat',
  category: 'server',
  status: 503,
  attempt: 1,
  retryCount: 0,
  timedOut: false,
  aborted: false,
  connectionLost: false
}
swarm.chat.failure {
  requestId: 'a0eb5ca9-ea11-492b-b9c5-b410f7e4acd8',
  durationMs: 11,
  stage: 'plan',
  category: 'rate_limit',
  status: 429,
  attempt: 1,
  retryCount: 0,
  timedOut: false,
  aborted: false,
  connectionLost: false
}
swarm.chat.failure {
  requestId: '51d5fe39-4723-4814-8d90-52a39689b490',
  durationMs: 28,
  stage: 'review',
  category: 'network',
  status: undefined,
  attempt: 3,
  retryCount: 2,
  timedOut: false,
  aborted: false,
  connectionLost: true
}
swarm.chat.failure {
  requestId: 'ec3726d4-b33a-4cd2-8353-f08aa73b2aed',
  durationMs: 7,
  stage: 'chat',
  category: 'rate_limit',
  status: 429,
  attempt: 1,
  retryCount: 0,
  timedOut: false,
  aborted: false,
  connectionLost: false
}
swarm.chat.failure {
  requestId: '17c52972-6bb3-479e-92db-50d4340a13ff',
  durationMs: 9,
  stage: 'chat',
  category: 'network',
  status: undefined,
  attempt: 1,
  retryCount: 0,
  timedOut: false,
  aborted: false,
  connectionLost: true
}
swarm.chat.failure {
  requestId: 'cbccff4b-afa4-4c0f-bb3f-bbde3994e7bf',
  durationMs: 12,
  stage: 'plan',
  category: 'server',
  status: 503,
  attempt: 1,
  retryCount: 0,
  timedOut: false,
  aborted: false,
  connectionLost: false
}
swarm.chat.failure {
  requestId: 'b151c8f9-211e-4316-812c-f5b4b1127e1f',
  durationMs: 8,
  stage: 'chat',
  category: 'server',
  status: 503,
  attempt: 1,
  retryCount: 0,
  timedOut: false,
  aborted: false,
  connectionLost: false
}
swarm.chat.failure {
  requestId: '3f9626df-622f-4ee4-8881-90ba9ee867f0',
  durationMs: 11,
  stage: 'plan',
  category: 'rate_limit',
  status: 429,
  attempt: 1,
  retryCount: 0,
  timedOut: false,
  aborted: false,
  connectionLost: false
}
swarm.chat.failure {
  requestId: 'ed4b813e-b378-48b3-b57c-8436854d565a',
  durationMs: 20,
  stage: 'review',
  category: 'network',
  status: undefined,
  attempt: 3,
  retryCount: 2,
  timedOut: false,
  aborted: false,
  connectionLost: true
}
swarm.chat.failure {
  requestId: '0600866f-bd9f-4af4-8b15-77059fdc8678',
  durationMs: 5,
  stage: 'chat',
  category: 'network',
  status: undefined,
  attempt: 1,
  retryCount: 0,
  timedOut: false,
  aborted: false,
  connectionLost: true
}
swarm.chat.failure {
  requestId: 'bd745369-d26d-4b92-8be0-ee39c77f17c8',
  durationMs: 8,
  stage: 'chat',
  category: 'rate_limit',
  status: 429,
  attempt: 1,
  retryCount: 0,
  timedOut: false,
  aborted: false,
  connectionLost: false
}
swarm.chat.failure {
  requestId: '5da9393f-308e-4d85-8e1e-14baf2c96c55',
  durationMs: 10,
  stage: 'plan',
  category: 'server',
  status: 503,
  attempt: 1,
  retryCount: 0,
  timedOut: false,
  aborted: false,
  connectionLost: false
}
swarm.chat.failure {
  requestId: '4a88be70-f541-4625-9f17-b1ddb3d4c565',
  durationMs: 6,
  stage: 'chat',
  category: 'server',
  status: 503,
  attempt: 1,
  retryCount: 0,
  timedOut: false,
  aborted: false,
  connectionLost: false
}
swarm.chat.failure {
  requestId: '4862fa11-048e-4710-ba60-7b7ceb99b0e7',
  durationMs: 9,
  stage: 'plan',
  category: 'rate_limit',
  status: 429,
  attempt: 1,
  retryCount: 0,
  timedOut: false,
  aborted: false,
  connectionLost: false
}
swarm.chat.failure {
  requestId: '7b398da5-69fc-4a18-9d41-5737ceeefb08',
  durationMs: 24,
  stage: 'review',
  category: 'network',
  status: undefined,
  attempt: 3,
  retryCount: 2,
  timedOut: false,
  aborted: false,
  connectionLost: true
}
swarm.chat.failure {
  requestId: 'd794fc67-2601-4f3b-afe4-507e4b02a502',
  durationMs: 9,
  stage: 'chat',
  category: 'rate_limit',
  status: 429,
  attempt: 1,
  retryCount: 0,
  timedOut: false,
  aborted: false,
  connectionLost: false
}
swarm.chat.failure {
  requestId: '46ed1fcd-d13f-47ec-b7fd-dc22b2df4c27',
  durationMs: 12,
  stage: 'chat',
  category: 'network',
  status: undefined,
  attempt: 1,
  retryCount: 0,
  timedOut: false,
  aborted: false,
  connectionLost: true
}
swarm.chat.failure {
  requestId: 'f356035b-f0a4-4bc3-889d-a06353520114',
  durationMs: 15,
  stage: 'plan',
  category: 'server',
  status: 503,
  attempt: 1,
  retryCount: 0,
  timedOut: false,
  aborted: false,
  connectionLost: false
}
swarm.chat.failure {
  requestId: '136566eb-7a6c-4dec-8f63-443d0f907d84',
  durationMs: 8,
  stage: 'chat',
  category: 'server',
  status: 503,
  attempt: 1,
  retryCount: 0,
  timedOut: false,
  aborted: false,
  connectionLost: false
}
swarm.chat.failure {
  requestId: 'da0767c8-2fce-4ccf-b3e1-5492e206d33a',
  durationMs: 15,
  stage: 'plan',
  category: 'rate_limit',
  status: 429,
  attempt: 1,
  retryCount: 0,
  timedOut: false,
  aborted: false,
  connectionLost: false
}
swarm.chat.failure {
  requestId: '902655e7-4034-407d-8da1-3b65d3000a82',
  durationMs: 24,
  stage: 'review',
  category: 'network',
  status: undefined,
  attempt: 3,
  retryCount: 2,
  timedOut: false,
  aborted: false,
  connectionLost: true
}
swarm.chat.failure {
  requestId: '545d0ebc-19aa-4586-a16b-66191b001b54',
  durationMs: 5,
  stage: 'plan',
  category: 'server',
  status: 503,
  attempt: 1,
  retryCount: 0,
  timedOut: false,
  aborted: false,
  connectionLost: false
}
swarm.chat.failure {
  requestId: 'b25a51c2-758b-443a-96e0-741653ef3650',
  durationMs: 8,
  stage: 'chat',
  category: 'network',
  status: undefined,
  attempt: 1,
  retryCount: 0,
  timedOut: false,
  aborted: false,
  connectionLost: true
}
swarm.chat.failure {
  requestId: '482bee21-49ee-4531-ba0e-2092fb4760ee',
  durationMs: 9,
  stage: 'chat',
  category: 'rate_limit',
  status: 429,
  attempt: 1,
  retryCount: 0,
  timedOut: false,
  aborted: false,
  connectionLost: false
}
swarm.chat.failure {
  requestId: 'c3fed96b-dacc-4263-9daa-47274e1c97c4',
  durationMs: 6,
  stage: 'plan',
  category: 'rate_limit',
  status: 429,
  attempt: 1,
  retryCount: 0,
  timedOut: false,
  aborted: false,
  connectionLost: false
}
swarm.chat.failure {
  requestId: '4d1cbd9c-b3ad-4135-9cd0-bfaaca646537',
  durationMs: 12,
  stage: 'chat',
  category: 'server',
  status: 503,
  attempt: 1,
  retryCount: 0,
  timedOut: false,
  aborted: false,
  connectionLost: false
}
swarm.chat.failure {
  requestId: '6bbb4f21-3883-43b9-9cb9-07cabf4bfbb6',
  durationMs: 20,
  stage: 'review',
  category: 'network',
  status: undefined,
  attempt: 3,
  retryCount: 2,
  timedOut: false,
  aborted: false,
  connectionLost: true
}
swarm.chat.failure {
  requestId: '75037f6d-7f77-480d-9fb2-74d9e0991c74',
  durationMs: 5,
  stage: 'plan',
  category: 'server',
  status: 503,
  attempt: 1,
  retryCount: 0,
  timedOut: false,
  aborted: false,
  connectionLost: false
}
swarm.chat.failure {
  requestId: 'c007a68f-abbc-46f5-a979-2f3722b591f9',
  durationMs: 8,
  stage: 'chat',
  category: 'rate_limit',
  status: 429,
  attempt: 1,
  retryCount: 0,
  timedOut: false,
  aborted: false,
  connectionLost: false
}
swarm.chat.failure {
  requestId: 'fc86abd2-4f8c-4303-8882-cfcb316d0631',
  durationMs: 11,
  stage: 'chat',
  category: 'network',
  status: undefined,
  attempt: 1,
  retryCount: 0,
  timedOut: false,
  aborted: false,
  connectionLost: true
}
swarm.chat.failure {
  requestId: 'e4e55d16-d1db-4136-bb29-f6c2b3fe363f',
  durationMs: 8,
  stage: 'plan',
  category: 'rate_limit',
  status: 429,
  attempt: 1,
  retryCount: 0,
  timedOut: false,
  aborted: false,
  connectionLost: false
}
swarm.chat.failure {
  requestId: '461232ea-699f-49ca-bbaa-f542bd0048f0',
  durationMs: 12,
  stage: 'chat',
  category: 'server',
  status: 503,
  attempt: 1,
  retryCount: 0,
  timedOut: false,
  aborted: false,
  connectionLost: false
}
swarm.chat.failure {
  requestId: '35079c7d-f7d3-4260-8c1b-805a75f017df',
  durationMs: 16,
  stage: 'review',
  category: 'network',
  status: undefined,
  attempt: 3,
  retryCount: 2,
  timedOut: false,
  aborted: false,
  connectionLost: true
}
swarm.chat.failure {
  requestId: 'e66d7893-c767-4fce-b827-e1e46b3dac43',
  durationMs: 8,
  stage: 'chat',
  category: 'network',
  status: undefined,
  attempt: 1,
  retryCount: 0,
  timedOut: false,
  aborted: false,
  connectionLost: true
}
swarm.chat.failure {
  requestId: 'cb75f869-050c-4b78-b4e8-3e61addb1334',
  durationMs: 11,
  stage: 'chat',
  category: 'rate_limit',
  status: 429,
  attempt: 1,
  retryCount: 0,
  timedOut: false,
  aborted: false,
  connectionLost: false
}
swarm.chat.failure {
  requestId: 'aad6affc-8587-46d4-9c11-8d4c5b90c4c0',
  durationMs: 16,
  stage: 'plan',
  category: 'server',
  status: 503,
  attempt: 1,
  retryCount: 0,
  timedOut: false,
  aborted: false,
  connectionLost: false
}
swarm.chat.failure {
  requestId: '277d8b80-39fd-439e-b286-02761875401f',
  durationMs: 7,
  stage: 'chat',
  category: 'server',
  status: 503,
  attempt: 1,
  retryCount: 0,
  timedOut: false,
  aborted: false,
  connectionLost: false
}
swarm.chat.failure {
  requestId: '5afe90b5-1869-430a-a22e-28e78b4d6581',
  durationMs: 14,
  stage: 'plan',
  category: 'rate_limit',
  status: 429,
  attempt: 1,
  retryCount: 0,
  timedOut: false,
  aborted: false,
  connectionLost: false
}
swarm.chat.failure {
  requestId: '9b6a2d2d-07ff-43c1-9e43-5090d4b3eb22',
  durationMs: 27,
  stage: 'review',
  category: 'network',
  status: undefined,
  attempt: 3,
  retryCount: 2,
  timedOut: false,
  aborted: false,
  connectionLost: true
}
swarm.chat.failure {
  requestId: 'fe40e05b-8ba5-454a-a89e-123077170c47',
  durationMs: 12,
  stage: 'chat',
  category: 'rate_limit',
  status: 429,
  attempt: 1,
  retryCount: 0,
  timedOut: false,
  aborted: false,
  connectionLost: false
}
swarm.chat.failure {
  requestId: 'aab894a8-eaa5-4955-9654-f3e1544d7ad7',
  durationMs: 16,
  stage: 'chat',
  category: 'network',
  status: undefined,
  attempt: 1,
  retryCount: 0,
  timedOut: false,
  aborted: false,
  connectionLost: true
}
swarm.chat.failure {
  requestId: '6e948176-9e01-4d12-9829-be3233401945',
  durationMs: 18,
  stage: 'plan',
  category: 'server',
  status: 503,
  attempt: 1,
  retryCount: 0,
  timedOut: false,
  aborted: false,
  connectionLost: false
}
swarm.chat.failure {
  requestId: '4a394c25-ddb0-4f63-a8ac-95ebb781c732',
  durationMs: 11,
  stage: 'chat',
  category: 'server',
  status: 503,
  attempt: 1,
  retryCount: 0,
  timedOut: false,
  aborted: false,
  connectionLost: false
}
swarm.chat.failure {
  requestId: 'd8bef9a9-c7cd-48b6-bad8-08478dbacab3',
  durationMs: 14,
  stage: 'plan',
  category: 'rate_limit',
  status: 429,
  attempt: 1,
  retryCount: 0,
  timedOut: false,
  aborted: false,
  connectionLost: false
}
swarm.chat.failure {
  requestId: '88597c17-c247-426e-8a86-4ce183c467fe',
  durationMs: 24,
  stage: 'review',
  category: 'network',
  status: undefined,
  attempt: 3,
  retryCount: 2,
  timedOut: false,
  aborted: false,
  connectionLost: true
}
swarm.chat.failure {
  requestId: '8cb079f7-58df-4c16-bd1e-7c72c32d729f',
  durationMs: 10,
  stage: 'plan',
  category: 'server',
  status: 503,
  attempt: 1,
  retryCount: 0,
  timedOut: false,
  aborted: false,
  connectionLost: false
}
swarm.chat.failure {
  requestId: '2220de2b-4fe4-4491-91f4-1cbb5ee162e3',
  durationMs: 21,
  stage: 'chat',
  category: 'rate_limit',
  status: 429,
  attempt: 1,
  retryCount: 0,
  timedOut: false,
  aborted: false,
  connectionLost: false
}
swarm.chat.failure {
  requestId: 'c47de440-9fff-4795-80c7-af9a3e3e8b8b',
  durationMs: 35,
  stage: 'chat',
  category: 'network',
  status: undefined,
  attempt: 1,
  retryCount: 0,
  timedOut: false,
  aborted: false,
  connectionLost: true
}
swarm.chat.failure {
  requestId: 'afa9cbef-0680-4d20-8859-33c0ce0575f6',
  durationMs: 15,
  stage: 'plan',
  category: 'rate_limit',
  status: 429,
  attempt: 1,
  retryCount: 0,
  timedOut: false,
  aborted: false,
  connectionLost: false
}
swarm.chat.failure {
  requestId: 'd6603b2a-ed0a-4c62-b2aa-59ea39b4f936',
  durationMs: 26,
  stage: 'chat',
  category: 'server',
  status: 503,
  attempt: 1,
  retryCount: 0,
  timedOut: false,
  aborted: false,
  connectionLost: false
}
swarm.chat.failure {
  requestId: '94460d0d-e1e3-4e58-a679-65118d8f5b06',
  durationMs: 44,
  stage: 'review',
  category: 'network',
  status: undefined,
  attempt: 3,
  retryCount: 2,
  timedOut: false,
  aborted: false,
  connectionLost: true
}
swarm.chat.failure {
  requestId: 'b90fd90f-0bc1-49cb-a728-4fc2b51053bd',
  durationMs: 14,
  stage: 'chat',
  category: 'network',
  status: undefined,
  attempt: 1,
  retryCount: 0,
  timedOut: false,
  aborted: false,
  connectionLost: true
}
swarm.chat.failure {
  requestId: 'f517f3e3-f9ab-451f-8d4f-972722caa1e7',
  durationMs: 22,
  stage: 'chat',
  category: 'rate_limit',
  status: 429,
  attempt: 1,
  retryCount: 0,
  timedOut: false,
  aborted: false,
  connectionLost: false
}
swarm.chat.failure {
  requestId: '266c9ff0-5a6c-4e4f-9af1-4097ec94e8c1',
  durationMs: 26,
  stage: 'plan',
  category: 'server',
  status: 503,
  attempt: 1,
  retryCount: 0,
  timedOut: false,
  aborted: false,
  connectionLost: false
}
swarm.chat.failure {
  requestId: 'd84710e4-590c-4919-a3f0-fa56907abc4a',
  durationMs: 13,
  stage: 'chat',
  category: 'server',
  status: 503,
  attempt: 1,
  retryCount: 0,
  timedOut: false,
  aborted: false,
  connectionLost: false
}
swarm.chat.failure {
  requestId: '64f8d492-ecd9-42a0-aaac-ce6cd15c6f2a',
  durationMs: 17,
  stage: 'plan',
  category: 'rate_limit',
  status: 429,
  attempt: 1,
  retryCount: 0,
  timedOut: false,
  aborted: false,
  connectionLost: false
}
swarm.chat.failure {
  requestId: '1387797b-f1f3-48cd-b048-59abff88d3f1',
  durationMs: 28,
  stage: 'review',
  category: 'network',
  status: undefined,
  attempt: 3,
  retryCount: 2,
  timedOut: false,
  aborted: false,
  connectionLost: true
}
swarm.chat.failure {
  requestId: 'a12b6fff-0726-457d-ad59-4d51a22ef39b',
  durationMs: 5,
  stage: 'chat',
  category: 'network',
  status: undefined,
  attempt: 1,
  retryCount: 0,
  timedOut: false,
  aborted: false,
  connectionLost: true
}
swarm.chat.failure {
  requestId: '3d6c52d7-00af-448d-ad83-e685873d58a0',
  durationMs: 7,
  stage: 'chat',
  category: 'rate_limit',
  status: 429,
  attempt: 1,
  retryCount: 0,
  timedOut: false,
  aborted: false,
  connectionLost: false
}
swarm.chat.failure {
  requestId: 'ac6adc9e-660e-4208-bdbd-b9a1dfd5d719',
  durationMs: 10,
  stage: 'plan',
  category: 'server',
  status: 503,
  attempt: 1,
  retryCount: 0,
  timedOut: false,
  aborted: false,
  connectionLost: false
}
swarm.chat.failure {
  requestId: '4957dce4-1139-4cce-b78d-a8f063ad001a',
  durationMs: 5,
  stage: 'chat',
  category: 'server',
  status: 503,
  attempt: 1,
  retryCount: 0,
  timedOut: false,
  aborted: false,
  connectionLost: false
}
swarm.chat.failure {
  requestId: '0d961966-0213-4d90-b705-d233e5bfbe57',
  durationMs: 11,
  stage: 'plan',
  category: 'rate_limit',
  status: 429,
  attempt: 1,
  retryCount: 0,
  timedOut: false,
  aborted: false,
  connectionLost: false
}
swarm.chat.failure {
  requestId: '0bbed579-edd6-423d-9e9c-b043cc67f903',
  durationMs: 21,
  stage: 'review',
  category: 'network',
  status: undefined,
  attempt: 3,
  retryCount: 2,
  timedOut: false,
  aborted: false,
  connectionLost: true
}
swarm.chat.failure {
  requestId: '4ecd7466-f203-4082-9114-1808524f679c',
  durationMs: 9,
  stage: 'chat',
  category: 'rate_limit',
  status: 429,
  attempt: 1,
  retryCount: 0,
  timedOut: false,
  aborted: false,
  connectionLost: false
}
swarm.chat.failure {
  requestId: '4c36c38f-0526-4d49-ad49-693b4c226e12',
  durationMs: 13,
  stage: 'chat',
  category: 'network',
  status: undefined,
  attempt: 1,
  retryCount: 0,
  timedOut: false,
  aborted: false,
  connectionLost: true
}
swarm.chat.failure {
  requestId: 'af292900-8a5d-424a-900f-ec3b8bab2d16',
  durationMs: 16,
  stage: 'plan',
  category: 'server',
  status: 503,
  attempt: 1,
  retryCount: 0,
  timedOut: false,
  aborted: false,
  connectionLost: false
}
swarm.chat.failure {
  requestId: '5cf98e81-ff29-42cd-8421-81669147fd24',
  durationMs: 10,
  stage: 'chat',
  category: 'server',
  status: 503,
  attempt: 1,
  retryCount: 0,
  timedOut: false,
  aborted: false,
  connectionLost: false
}
swarm.chat.failure {
  requestId: '4286a38d-3faa-4e19-916f-6a43555859b1',
  durationMs: 12,
  stage: 'plan',
  category: 'rate_limit',
  status: 429,
  attempt: 1,
  retryCount: 0,
  timedOut: false,
  aborted: false,
  connectionLost: false
}
swarm.chat.failure {
  requestId: 'da455023-8d16-4300-b0e5-f2a55d440de0',
  durationMs: 19,
  stage: 'review',
  category: 'network',
  status: undefined,
  attempt: 3,
  retryCount: 2,
  timedOut: false,
  aborted: false,
  connectionLost: true
}
swarm.chat.failure {
  requestId: 'bdb3ff60-0a35-4ae1-a2bf-f5409bac20ab',
  durationMs: 5,
  stage: 'plan',
  category: 'server',
  status: 503,
  attempt: 1,
  retryCount: 0,
  timedOut: false,
  aborted: false,
  connectionLost: false
}
swarm.chat.failure {
  requestId: '53faa06a-e297-401f-b511-63102c614f7a',
  durationMs: 7,
  stage: 'chat',
  category: 'rate_limit',
  status: 429,
  attempt: 1,
  retryCount: 0,
  timedOut: false,
  aborted: false,
  connectionLost: false
}
swarm.chat.failure {
  requestId: '56217cf4-1a4e-4a59-b258-72dcaa3af25a',
  durationMs: 10,
  stage: 'chat',
  category: 'network',
  status: undefined,
  attempt: 1,
  retryCount: 0,
  timedOut: false,
  aborted: false,
  connectionLost: true
}
swarm.chat.failure {
  requestId: 'ce3fc454-8648-4f3e-8fdf-ee22b44d4153',
  durationMs: 5,
  stage: 'plan',
  category: 'rate_limit',
  status: 429,
  attempt: 1,
  retryCount: 0,
  timedOut: false,
  aborted: false,
  connectionLost: false
}
swarm.chat.failure {
  requestId: 'dde97bc0-0de2-4c0d-a9d1-73800ca3425f',
  durationMs: 13,
  stage: 'chat',
  category: 'server',
  status: 503,
  attempt: 1,
  retryCount: 0,
  timedOut: false,
  aborted: false,
  connectionLost: false
}
swarm.chat.failure {
  requestId: '3226367b-d157-4469-bf60-037b3f798478',
  durationMs: 20,
  stage: 'review',
  category: 'network',
  status: undefined,
  attempt: 3,
  retryCount: 2,
  timedOut: false,
  aborted: false,
  connectionLost: true
}
swarm.chat.failure {
  requestId: '88dd3783-a80a-478d-b4cc-ac02d7baf0e0',
  durationMs: 6,
  stage: 'plan',
  category: 'server',
  status: 503,
  attempt: 1,
  retryCount: 0,
  timedOut: false,
  aborted: false,
  connectionLost: false
}
swarm.chat.failure {
  requestId: '47156918-0a6e-4985-a1e1-5b2bdf6e3be9',
  durationMs: 9,
  stage: 'chat',
  category: 'rate_limit',
  status: 429,
  attempt: 1,
  retryCount: 0,
  timedOut: false,
  aborted: false,
  connectionLost: false
}
swarm.chat.failure {
  requestId: 'ac7ac0b7-be9b-42e2-bdc9-6d87494df5ee',
  durationMs: 11,
  stage: 'chat',
  category: 'network',
  status: undefined,
  attempt: 1,
  retryCount: 0,
  timedOut: false,
  aborted: false,
  connectionLost: true
}
swarm.chat.failure {
  requestId: '69c7bf9b-dea6-4e37-9b0e-357fdebd5707',
  durationMs: 8,
  stage: 'plan',
  category: 'rate_limit',
  status: 429,
  attempt: 1,
  retryCount: 0,
  timedOut: false,
  aborted: false,
  connectionLost: false
}
swarm.chat.failure {
  requestId: 'cd5750ee-75c4-45bf-bc1f-92a309920edc',
  durationMs: 11,
  stage: 'chat',
  category: 'server',
  status: 503,
  attempt: 1,
  retryCount: 0,
  timedOut: false,
  aborted: false,
  connectionLost: false
}
swarm.chat.failure {
  requestId: '3f26a28b-7f03-4290-9fd9-b71dc2c339e3',
  durationMs: 20,
  stage: 'review',
  category: 'network',
  status: undefined,
  attempt: 3,
  retryCount: 2,
  timedOut: false,
  aborted: false,
  connectionLost: true
}
swarm.chat.failure {
  requestId: 'bd5ca539-3dab-4de9-b9a3-b7ca66c77055',
  durationMs: 5,
  stage: 'plan',
  category: 'server',
  status: 503,
  attempt: 1,
  retryCount: 0,
  timedOut: false,
  aborted: false,
  connectionLost: false
}
swarm.chat.failure {
  requestId: '01bcb687-d965-4943-a197-dd16b11a1c63',
  durationMs: 8,
  stage: 'chat',
  category: 'rate_limit',
  status: 429,
  attempt: 1,
  retryCount: 0,
  timedOut: false,
  aborted: false,
  connectionLost: false
}
swarm.chat.failure {
  requestId: '8ea402da-a8e9-4ee9-a83f-9870fe4f8564',
  durationMs: 10,
  stage: 'chat',
  category: 'network',
  status: undefined,
  attempt: 1,
  retryCount: 0,
  timedOut: false,
  aborted: false,
  connectionLost: true
}
swarm.chat.failure {
  requestId: '3b4c8728-4594-40c9-8b2b-a8a2003d3f22',
  durationMs: 5,
  stage: 'plan',
  category: 'rate_limit',
  status: 429,
  attempt: 1,
  retryCount: 0,
  timedOut: false,
  aborted: false,
  connectionLost: false
}
swarm.chat.failure {
  requestId: '8b73a474-672a-4627-8fb1-5fc4bd7c859d',
  durationMs: 9,
  stage: 'chat',
  category: 'server',
  status: 503,
  attempt: 1,
  retryCount: 0,
  timedOut: false,
  aborted: false,
  connectionLost: false
}
swarm.chat.failure {
  requestId: '3bee2fbc-931f-4c26-b0b9-5e3b195b6ec9',
  durationMs: 19,
  stage: 'review',
  category: 'network',
  status: undefined,
  attempt: 3,
  retryCount: 2,
  timedOut: false,
  aborted: false,
  connectionLost: true
}
swarm.chat.failure {
  requestId: 'a22978ba-3100-4f2d-8bda-88406c4ccacd',
  durationMs: 7,
  stage: 'chat',
  category: 'rate_limit',
  status: 429,
  attempt: 1,
  retryCount: 0,
  timedOut: false,
  aborted: false,
  connectionLost: false
}
swarm.chat.failure {
  requestId: 'b5108a18-a165-4100-86a3-68d36cd28f17',
  durationMs: 11,
  stage: 'chat',
  category: 'network',
  status: undefined,
  attempt: 1,
  retryCount: 0,
  timedOut: false,
  aborted: false,
  connectionLost: true
}
swarm.chat.failure {
  requestId: 'e39636ca-96ab-49cf-b386-b2f8392f5032',
  durationMs: 14,
  stage: 'plan',
  category: 'server',
  status: 503,
  attempt: 1,
  retryCount: 0,
  timedOut: false,
  aborted: false,
  connectionLost: false
}
swarm.chat.failure {
  requestId: '195a2491-9b3d-43f3-a306-ca171aa24884',
  durationMs: 9,
  stage: 'chat',
  category: 'server',
  status: 503,
  attempt: 1,
  retryCount: 0,
  timedOut: false,
  aborted: false,
  connectionLost: false
}
swarm.chat.failure {
  requestId: '9066306e-d4a9-44a6-9c7c-4811cf297b26',
  durationMs: 11,
  stage: 'plan',
  category: 'rate_limit',
  status: 429,
  attempt: 1,
  retryCount: 0,
  timedOut: false,
  aborted: false,
  connectionLost: false
}
swarm.chat.failure {
  requestId: 'f4845cca-ff0a-4d1d-a80d-323156611e08',
  durationMs: 19,
  stage: 'review',
  category: 'network',
  status: undefined,
  attempt: 3,
  retryCount: 2,
  timedOut: false,
  aborted: false,
  connectionLost: true
}
swarm.chat.failure {
  requestId: '32d677c5-671f-4cfc-8782-4665083e3f0d',
  durationMs: 5,
  stage: 'chat',
  category: 'network',
  status: undefined,
  attempt: 1,
  retryCount: 0,
  timedOut: false,
  aborted: false,
  connectionLost: true
}
swarm.chat.failure {
  requestId: '7e059f26-3e7f-481a-aa5f-066c4dc9b1fa',
  durationMs: 11,
  stage: 'plan',
  category: 'server',
  status: 503,
  attempt: 1,
  retryCount: 0,
  timedOut: false,
  aborted: false,
  connectionLost: false
}
swarm.chat.failure {
  requestId: 'cbae9e57-c2d9-435b-8292-5397ae9cd46c',
  durationMs: 13,
  stage: 'chat',
  category: 'rate_limit',
  status: 429,
  attempt: 1,
  retryCount: 0,
  timedOut: false,
  aborted: false,
  connectionLost: false
}
swarm.chat.failure {
  requestId: 'ecad9a3c-aee3-45d7-b560-f6f544679664',
  durationMs: 5,
  stage: 'chat',
  category: 'server',
  status: 503,
  attempt: 1,
  retryCount: 0,
  timedOut: false,
  aborted: false,
  connectionLost: false
}
swarm.chat.failure {
  requestId: 'f9c26b53-6397-484c-aa71-3edbf939c1e3',
  durationMs: 8,
  stage: 'plan',
  category: 'rate_limit',
  status: 429,
  attempt: 1,
  retryCount: 0,
  timedOut: false,
  aborted: false,
  connectionLost: false
}
swarm.chat.failure {
  requestId: 'f5d473ea-14e2-42fd-89a0-9bf6881f57b8',
  durationMs: 24,
  stage: 'review',
  category: 'network',
  status: undefined,
  attempt: 3,
  retryCount: 2,
  timedOut: false,
  aborted: false,
  connectionLost: true
}
swarm.chat.failure {
  requestId: '68505c31-ff70-4d74-96fe-476a68c24c30',
  durationMs: 8,
  stage: 'chat',
  category: 'rate_limit',
  status: 429,
  attempt: 1,
  retryCount: 0,
  timedOut: false,
  aborted: false,
  connectionLost: false
}
swarm.chat.failure {
  requestId: 'd1b057b2-0553-4fbb-9868-9dfc18deae30',
  durationMs: 12,
  stage: 'chat',
  category: 'network',
  status: undefined,
  attempt: 1,
  retryCount: 0,
  timedOut: false,
  aborted: false,
  connectionLost: true
}
swarm.chat.failure {
  requestId: '220b9490-3126-4c79-94cd-628cbbf62276',
  durationMs: 21,
  stage: 'plan',
  category: 'server',
  status: 503,
  attempt: 1,
  retryCount: 0,
  timedOut: false,
  aborted: false,
  connectionLost: false
}
swarm.chat.failure {
  requestId: '3c7139db-c35b-435d-b1cd-43a81a1819bd',
  durationMs: 13,
  stage: 'chat',
  category: 'server',
  status: 503,
  attempt: 1,
  retryCount: 0,
  timedOut: false,
  aborted: false,
  connectionLost: false
}
swarm.chat.failure {
  requestId: 'fad37a43-f92b-43a6-afd5-deb42852b5c6',
  durationMs: 18,
  stage: 'plan',
  category: 'rate_limit',
  status: 429,
  attempt: 1,
  retryCount: 0,
  timedOut: false,
  aborted: false,
  connectionLost: false
}
swarm.chat.failure {
  requestId: '7034ebef-9438-4b62-8c67-62f7f4e497c2',
  durationMs: 26,
  stage: 'review',
  category: 'network',
  status: undefined,
  attempt: 3,
  retryCount: 2,
  timedOut: false,
  aborted: false,
  connectionLost: true
}
swarm.chat.failure {
  requestId: '69ed03de-ab48-424e-a41c-d985e113a809',
  durationMs: 7,
  stage: 'chat',
  category: 'rate_limit',
  status: 429,
  attempt: 1,
  retryCount: 0,
  timedOut: false,
  aborted: false,
  connectionLost: false
}
swarm.chat.failure {
  requestId: 'c576178a-bd52-48c8-9b3c-913221636a4e',
  durationMs: 12,
  stage: 'chat',
  category: 'network',
  status: undefined,
  attempt: 1,
  retryCount: 0,
  timedOut: false,
  aborted: false,
  connectionLost: true
}
swarm.chat.failure {
  requestId: 'ce24c316-59f5-4c90-af51-882ec288d4f9',
  durationMs: 16,
  stage: 'plan',
  category: 'server',
  status: 503,
  attempt: 1,
  retryCount: 0,
  timedOut: false,
  aborted: false,
  connectionLost: false
}
swarm.chat.failure {
  requestId: 'ee8709a8-70bb-4f74-8044-78476cd456c8',
  durationMs: 10,
  stage: 'chat',
  category: 'server',
  status: 503,
  attempt: 1,
  retryCount: 0,
  timedOut: false,
  aborted: false,
  connectionLost: false
}
swarm.chat.failure {
  requestId: 'd1447c3c-a617-4629-91f0-645582420f22',
  durationMs: 21,
  stage: 'plan',
  category: 'rate_limit',
  status: 429,
  attempt: 1,
  retryCount: 0,
  timedOut: false,
  aborted: false,
  connectionLost: false
}
swarm.chat.failure {
  requestId: '611db5ba-32c7-4d7e-9818-350b00928a1e',
  durationMs: 43,
  stage: 'review',
  category: 'network',
  status: undefined,
  attempt: 3,
  retryCount: 2,
  timedOut: false,
  aborted: false,
  connectionLost: true
}
swarm.chat.failure {
  requestId: '78fc7547-5839-4cf4-bb67-c41967f38f10',
  durationMs: 25,
  stage: 'chat',
  category: 'network',
  status: undefined,
  attempt: 1,
  retryCount: 0,
  timedOut: false,
  aborted: false,
  connectionLost: true
}
swarm.chat.failure {
  requestId: '424029b2-617f-472d-ad15-e984b5d60446',
  durationMs: 42,
  stage: 'chat',
  category: 'rate_limit',
  status: 429,
  attempt: 1,
  retryCount: 0,
  timedOut: false,
  aborted: false,
  connectionLost: false
}
swarm.chat.failure {
  requestId: '8a13e87c-309e-41e3-917a-c0335a09e1be',
  durationMs: 50,
  stage: 'plan',
  category: 'server',
  status: 503,
  attempt: 1,
  retryCount: 0,
  timedOut: false,
  aborted: false,
  connectionLost: false
}
swarm.chat.failure {
  requestId: 'e2e91161-3f10-46ae-acd9-adcaf6113278',
  durationMs: 16,
  stage: 'chat',
  category: 'server',
  status: 503,
  attempt: 1,
  retryCount: 0,
  timedOut: false,
  aborted: false,
  connectionLost: false
}
swarm.chat.failure {
  requestId: '15be1b3d-9974-4982-8c49-1747114abaf1',
  durationMs: 20,
  stage: 'plan',
  category: 'rate_limit',
  status: 429,
  attempt: 1,
  retryCount: 0,
  timedOut: false,
  aborted: false,
  connectionLost: false
}
swarm.chat.failure {
  requestId: 'd60c155c-bf24-43cf-a1c5-cc74e8285165',
  durationMs: 37,
  stage: 'review',
  category: 'network',
  status: undefined,
  attempt: 3,
  retryCount: 2,
  timedOut: false,
  aborted: false,
  connectionLost: true
}
swarm.chat.failure {
  requestId: 'deb37e0c-6c75-4653-852e-753ba689f636',
  durationMs: 10,
  stage: 'chat',
  category: 'network',
  status: undefined,
  attempt: 1,
  retryCount: 0,
  timedOut: false,
  aborted: false,
  connectionLost: true
}
swarm.chat.failure {
  requestId: 'b3d08865-ef42-4c3b-b95f-789c5c830504',
  durationMs: 16,
  stage: 'chat',
  category: 'rate_limit',
  status: 429,
  attempt: 1,
  retryCount: 0,
  timedOut: false,
  aborted: false,
  connectionLost: false
}
swarm.chat.failure {
  requestId: '6e447dfa-1471-4404-bc36-9b03694f0721',
  durationMs: 23,
  stage: 'plan',
  category: 'server',
  status: 503,
  attempt: 1,
  retryCount: 0,
  timedOut: false,
  aborted: false,
  connectionLost: false
}
swarm.chat.failure {
  requestId: '26fdf135-de17-49cc-a27e-76baeccbb966',
  durationMs: 7,
  stage: 'chat',
  category: 'server',
  status: 503,
  attempt: 1,
  retryCount: 0,
  timedOut: false,
  aborted: false,
  connectionLost: false
}
swarm.chat.failure {
  requestId: '50ecc358-6c6d-4988-9f3f-ab0cfc647005',
  durationMs: 11,
  stage: 'plan',
  category: 'rate_limit',
  status: 429,
  attempt: 1,
  retryCount: 0,
  timedOut: false,
  aborted: false,
  connectionLost: false
}
swarm.chat.failure {
  requestId: '82fb1e09-cf1a-4175-961c-92606a46ec79',
  durationMs: 31,
  stage: 'review',
  category: 'network',
  status: undefined,
  attempt: 3,
  retryCount: 2,
  timedOut: false,
  aborted: false,
  connectionLost: true
}
swarm.chat.failure {
  requestId: 'f98889d2-5ac1-47db-bc50-a3e652b264e5',
  durationMs: 6,
  stage: 'chat',
  category: 'rate_limit',
  status: 429,
  attempt: 1,
  retryCount: 0,
  timedOut: false,
  aborted: false,
  connectionLost: false
}
swarm.chat.failure {
  requestId: '79127ad2-3436-477c-b18d-db47d854418d',
  durationMs: 14,
  stage: 'chat',
  category: 'network',
  status: undefined,
  attempt: 1,
  retryCount: 0,
  timedOut: false,
  aborted: false,
  connectionLost: true
}
swarm.chat.failure {
  requestId: '50f1852f-7851-4941-a5af-ef3e38ad298d',
  durationMs: 16,
  stage: 'plan',
  category: 'server',
  status: 503,
  attempt: 1,
  retryCount: 0,
  timedOut: false,
  aborted: false,
  connectionLost: false
}
swarm.chat.failure {
  requestId: '95131aaa-aa1f-4e0b-b8d3-f1ae6d6176cf',
  durationMs: 6,
  stage: 'chat',
  category: 'server',
  status: 503,
  attempt: 1,
  retryCount: 0,
  timedOut: false,
  aborted: false,
  connectionLost: false
}
swarm.chat.failure {
  requestId: '70e3c727-f920-41bc-b0dd-c9b83affc46b',
  durationMs: 16,
  stage: 'plan',
  category: 'rate_limit',
  status: 429,
  attempt: 1,
  retryCount: 0,
  timedOut: false,
  aborted: false,
  connectionLost: false
}
swarm.chat.failure {
  requestId: 'c73146f0-3192-4e6c-a7e7-8b6bc70e4257',
  durationMs: 21,
  stage: 'review',
  category: 'network',
  status: undefined,
  attempt: 3,
  retryCount: 2,
  timedOut: false,
  aborted: false,
  connectionLost: true
}
swarm.chat.failure {
  requestId: '9db7e438-62f8-4fd5-bac7-6bc409c3958e',
  durationMs: 5,
  stage: 'chat',
  category: 'network',
  status: undefined,
  attempt: 1,
  retryCount: 0,
  timedOut: false,
  aborted: false,
  connectionLost: true
}
swarm.chat.failure {
  requestId: '805e2f65-9382-44e4-8eb8-08dc15c4203f',
  durationMs: 8,
  stage: 'plan',
  category: 'server',
  status: 503,
  attempt: 1,
  retryCount: 0,
  timedOut: false,
  aborted: false,
  connectionLost: false
}
swarm.chat.failure {
  requestId: '4fbc1e59-b06e-41ba-86e0-9b51e07e8119',
  durationMs: 11,
  stage: 'chat',
  category: 'rate_limit',
  status: 429,
  attempt: 1,
  retryCount: 0,
  timedOut: false,
  aborted: false,
  connectionLost: false
}
swarm.chat.failure {
  requestId: '3d209e40-2376-49bc-a090-231640ff2063',
  durationMs: 5,
  stage: 'chat',
  category: 'server',
  status: 503,
  attempt: 1,
  retryCount: 0,
  timedOut: false,
  aborted: false,
  connectionLost: false
}
swarm.chat.failure {
  requestId: 'bd1fb5aa-d43c-4a9f-b88c-fb99b70e287a',
  durationMs: 8,
  stage: 'plan',
  category: 'rate_limit',
  status: 429,
  attempt: 1,
  retryCount: 0,
  timedOut: false,
  aborted: false,
  connectionLost: false
}
swarm.chat.failure {
  requestId: 'e2aaf1f4-1144-4d38-8a0c-9092c55787b7',
  durationMs: 20,
  stage: 'review',
  category: 'network',
  status: undefined,
  attempt: 3,
  retryCount: 2,
  timedOut: false,
  aborted: false,
  connectionLost: true
}
swarm.chat.failure {
  requestId: '8b5550e1-2010-460d-9d2d-43af1c021fe4',
  durationMs: 6,
  stage: 'chat',
  category: 'rate_limit',
  status: 429,
  attempt: 1,
  retryCount: 0,
  timedOut: false,
  aborted: false,
  connectionLost: false
}
swarm.chat.failure {
  requestId: '499af871-9368-4e49-999e-a2def7317e06',
  durationMs: 8,
  stage: 'plan',
  category: 'server',
  status: 503,
  attempt: 1,
  retryCount: 0,
  timedOut: false,
  aborted: false,
  connectionLost: false
}
swarm.chat.failure {
  requestId: '29f5c207-49c7-4925-9793-a24e16cd9bb9',
  durationMs: 12,
  stage: 'chat',
  category: 'network',
  status: undefined,
  attempt: 1,
  retryCount: 0,
  timedOut: false,
  aborted: false,
  connectionLost: true
}
swarm.chat.failure {
  requestId: 'cc2868d4-bb29-4b79-84f8-ed5b46677117',
  durationMs: 8,
  stage: 'chat',
  category: 'server',
  status: 503,
  attempt: 1,
  retryCount: 0,
  timedOut: false,
  aborted: false,
  connectionLost: false
}
swarm.chat.failure {
  requestId: '848cd1b0-beb0-4cdc-bfea-23fb849e0483',
  durationMs: 10,
  stage: 'plan',
  category: 'rate_limit',
  status: 429,
  attempt: 1,
  retryCount: 0,
  timedOut: false,
  aborted: false,
  connectionLost: false
}
swarm.chat.failure {
  requestId: '621d391a-55a6-4895-a629-75e72857113a',
  durationMs: 21,
  stage: 'review',
  category: 'network',
  status: undefined,
  attempt: 3,
  retryCount: 2,
  timedOut: false,
  aborted: false,
  connectionLost: true
}
swarm.chat.failure {
  requestId: 'c4236baa-63cc-43d9-9e90-58df5ceea0bd',
  durationMs: 8,
  stage: 'plan',
  category: 'server',
  status: 503,
  attempt: 1,
  retryCount: 0,
  timedOut: false,
  aborted: false,
  connectionLost: false
}
swarm.chat.failure {
  requestId: 'dbfaf383-2a45-485a-847f-4571818a19de',
  durationMs: 12,
  stage: 'chat',
  category: 'network',
  status: undefined,
  attempt: 1,
  retryCount: 0,
  timedOut: false,
  aborted: false,
  connectionLost: true
}
swarm.chat.failure {
  requestId: '374b59be-369e-4fda-baa0-45d55d04e676',
  durationMs: 16,
  stage: 'chat',
  category: 'rate_limit',
  status: 429,
  attempt: 1,
  retryCount: 0,
  timedOut: false,
  aborted: false,
  connectionLost: false
}
swarm.chat.failure {
  requestId: '325b0887-5703-4500-9384-e32719837878',
  durationMs: 11,
  stage: 'chat',
  category: 'server',
  status: 503,
  attempt: 1,
  retryCount: 0,
  timedOut: false,
  aborted: false,
  connectionLost: false
}
swarm.chat.failure {
  requestId: '72daafdd-825e-468f-aa70-56c44a7c481a',
  durationMs: 13,
  stage: 'plan',
  category: 'rate_limit',
  status: 429,
  attempt: 1,
  retryCount: 0,
  timedOut: false,
  aborted: false,
  connectionLost: false
}
swarm.chat.failure {
  requestId: 'f1ea6ab4-d395-45f4-9963-bfa5d74ac78b',
  durationMs: 28,
  stage: 'review',
  category: 'network',
  status: undefined,
  attempt: 3,
  retryCount: 2,
  timedOut: false,
  aborted: false,
  connectionLost: true
}
swarm.chat.failure {
  requestId: 'e1ede0fc-9361-449f-9d4b-1d17e570c033',
  durationMs: 6,
  stage: 'chat',
  category: 'rate_limit',
  status: 429,
  attempt: 1,
  retryCount: 0,
  timedOut: false,
  aborted: false,
  connectionLost: false
}
swarm.chat.failure {
  requestId: '5d679d51-b726-417c-b6db-bf8bd8903e78',
  durationMs: 9,
  stage: 'plan',
  category: 'server',
  status: 503,
  attempt: 1,
  retryCount: 0,
  timedOut: false,
  aborted: false,
  connectionLost: false
}
swarm.chat.failure {
  requestId: 'e3cab10c-d887-4d9d-a62a-741021369758',
  durationMs: 16,
  stage: 'chat',
  category: 'network',
  status: undefined,
  attempt: 1,
  retryCount: 0,
  timedOut: false,
  aborted: false,
  connectionLost: true
}
swarm.chat.failure {
  requestId: 'd13cc6d3-99cb-4800-b21e-1d5c9e125713',
  durationMs: 13,
  stage: 'chat',
  category: 'server',
  status: 503,
  attempt: 1,
  retryCount: 0,
  timedOut: false,
  aborted: false,
  connectionLost: false
}
swarm.chat.failure {
  requestId: '440c4269-f9f8-4271-b540-0ef431749fce',
  durationMs: 17,
  stage: 'plan',
  category: 'rate_limit',
  status: 429,
  attempt: 1,
  retryCount: 0,
  timedOut: false,
  aborted: false,
  connectionLost: false
}
swarm.chat.failure {
  requestId: '0a3eccdf-d7e9-4f75-9b68-2ed6137c1dba',
  durationMs: 39,
  stage: 'review',
  category: 'network',
  status: undefined,
  attempt: 3,
  retryCount: 2,
  timedOut: false,
  aborted: false,
  connectionLost: true
}
swarm.chat.failure {
  requestId: '1d332bab-980c-4722-9682-6022303bc554',
  durationMs: 9,
  stage: 'chat',
  category: 'network',
  status: undefined,
  attempt: 1,
  retryCount: 0,
  timedOut: false,
  aborted: false,
  connectionLost: true
}
swarm.chat.failure {
  requestId: '03d5e704-fd2f-41bd-9b34-d787f79ff296',
  durationMs: 18,
  stage: 'plan',
  category: 'server',
  status: 503,
  attempt: 1,
  retryCount: 0,
  timedOut: false,
  aborted: false,
  connectionLost: false
}
swarm.chat.failure {
  requestId: '046bff03-3a85-47a4-b964-512a27a41dc8',
  durationMs: 22,
  stage: 'chat',
  category: 'rate_limit',
  status: 429,
  attempt: 1,
  retryCount: 0,
  timedOut: false,
  aborted: false,
  connectionLost: false
}
swarm.chat.failure {
  requestId: 'afc5207d-b201-44f8-b00f-143432f0a3a8',
  durationMs: 6,
  stage: 'chat',
  category: 'server',
  status: 503,
  attempt: 1,
  retryCount: 0,
  timedOut: false,
  aborted: false,
  connectionLost: false
}
swarm.chat.failure {
  requestId: '8593da0a-bbe6-4440-8388-a33746f55c15',
  durationMs: 12,
  stage: 'plan',
  category: 'rate_limit',
  status: 429,
  attempt: 1,
  retryCount: 0,
  timedOut: false,
  aborted: false,
  connectionLost: false
}
swarm.chat.failure {
  requestId: 'e4e7c7c8-50f8-428c-8fff-6bba20bb3b5b',
  durationMs: 21,
  stage: 'review',
  category: 'network',
  status: undefined,
  attempt: 3,
  retryCount: 2,
  timedOut: false,
  aborted: false,
  connectionLost: true
}
swarm.chat.failure {
  requestId: '002083a4-77a6-49bd-aa50-27dd87b0fe75',
  durationMs: 10,
  stage: 'chat',
  category: 'rate_limit',
  status: 429,
  attempt: 1,
  retryCount: 0,
  timedOut: false,
  aborted: false,
  connectionLost: false
}
swarm.chat.failure {
  requestId: '538bf240-deff-4baa-ae3f-02dcb4a2ca9b',
  durationMs: 13,
  stage: 'chat',
  category: 'network',
  status: undefined,
  attempt: 1,
  retryCount: 0,
  timedOut: false,
  aborted: false,
  connectionLost: true
}
swarm.chat.failure {
  requestId: 'eba7fe21-6a13-4a1b-aa51-c6b9dcb570cc',
  durationMs: 18,
  stage: 'plan',
  category: 'server',
  status: 503,
  attempt: 1,
  retryCount: 0,
  timedOut: false,
  aborted: false,
  connectionLost: false
}
swarm.chat.failure {
  requestId: 'd140e79f-88ef-40ca-8bc9-c75ef37ac59d',
  durationMs: 14,
  stage: 'chat',
  category: 'server',
  status: 503,
  attempt: 1,
  retryCount: 0,
  timedOut: false,
  aborted: false,
  connectionLost: false
}
swarm.chat.failure {
  requestId: 'bd870d94-f8a1-4915-9c09-f0565ee4ca6a',
  durationMs: 18,
  stage: 'plan',
  category: 'rate_limit',
  status: 429,
  attempt: 1,
  retryCount: 0,
  timedOut: false,
  aborted: false,
  connectionLost: false
}
swarm.chat.failure {
  requestId: '5d144c52-7c37-45d8-8a96-7e695b915745',
  durationMs: 33,
  stage: 'review',
  category: 'network',
  status: undefined,
  attempt: 3,
  retryCount: 2,
  timedOut: false,
  aborted: false,
  connectionLost: true
}
swarm.chat.failure {
  requestId: 'cf5679ef-b4c7-4dd3-961e-d7422cc393d1',
  durationMs: 9,
  stage: 'chat',
  category: 'network',
  status: undefined,
  attempt: 1,
  retryCount: 0,
  timedOut: false,
  aborted: false,
  connectionLost: true
}
swarm.chat.failure {
  requestId: 'fd93503f-c61f-448d-bf90-d13d4e435224',
  durationMs: 15,
  stage: 'chat',
  category: 'rate_limit',
  status: 429,
  attempt: 1,
  retryCount: 0,
  timedOut: false,
  aborted: false,
  connectionLost: false
}
swarm.chat.failure {
  requestId: '42656861-d857-4a51-8f92-99ebaa8e6c2b',
  durationMs: 20,
  stage: 'plan',
  category: 'server',
  status: 503,
  attempt: 1,
  retryCount: 0,
  timedOut: false,
  aborted: false,
  connectionLost: false
}
swarm.chat.failure {
  requestId: 'b2271dd4-c459-494a-a301-f5c346e21258',
  durationMs: 8,
  stage: 'chat',
  category: 'server',
  status: 503,
  attempt: 1,
  retryCount: 0,
  timedOut: false,
  aborted: false,
  connectionLost: false
}
swarm.chat.failure {
  requestId: 'ac8e6bb8-d798-44fe-b34b-fba836f9b303',
  durationMs: 31,
  stage: 'plan',
  category: 'rate_limit',
  status: 429,
  attempt: 1,
  retryCount: 0,
  timedOut: false,
  aborted: false,
  connectionLost: false
}
swarm.chat.failure {
  requestId: '6b808559-e986-4b58-9bc9-ca3777e4aae3',
  durationMs: 56,
  stage: 'review',
  category: 'network',
  status: undefined,
  attempt: 3,
  retryCount: 2,
  timedOut: false,
  aborted: false,
  connectionLost: true
}
swarm.chat.failure {
  requestId: '72216039-5007-4823-a74a-4ba5629d7421',
  durationMs: 5,
  stage: 'chat',
  category: 'rate_limit',
  status: 429,
  attempt: 1,
  retryCount: 0,
  timedOut: false,
  aborted: false,
  connectionLost: false
}
swarm.chat.failure {
  requestId: '4c2bb504-30a7-4934-a561-e2419a3750ae',
  durationMs: 10,
  stage: 'chat',
  category: 'network',
  status: undefined,
  attempt: 1,
  retryCount: 0,
  timedOut: false,
  aborted: false,
  connectionLost: true
}
swarm.chat.failure {
  requestId: 'af883354-a3fb-45f4-bb35-b8f8e3f4250c',
  durationMs: 12,
  stage: 'plan',
  category: 'server',
  status: 503,
  attempt: 1,
  retryCount: 0,
  timedOut: false,
  aborted: false,
  connectionLost: false
}
swarm.chat.failure {
  requestId: '647f5092-e7b8-4868-8bbe-89a6568338ca',
  durationMs: 8,
  stage: 'chat',
  category: 'server',
  status: 503,
  attempt: 1,
  retryCount: 0,
  timedOut: false,
  aborted: false,
  connectionLost: false
}
swarm.chat.failure {
  requestId: '602d4aec-34fe-4b76-b467-a8799c9334bd',
  durationMs: 12,
  stage: 'plan',
  category: 'rate_limit',
  status: 429,
  attempt: 1,
  retryCount: 0,
  timedOut: false,
  aborted: false,
  connectionLost: false
}
swarm.chat.failure {
  requestId: '5efb59be-ba1f-4cd3-a001-3e48c176fe53',
  durationMs: 20,
  stage: 'review',
  category: 'network',
  status: undefined,
  attempt: 3,
  retryCount: 2,
  timedOut: false,
  aborted: false,
  connectionLost: true
}
swarm.chat.failure {
  requestId: 'efbed083-6c2a-4030-8511-46107a29d61e',
  durationMs: 5,
  stage: 'chat',
  category: 'network',
  status: undefined,
  attempt: 1,
  retryCount: 0,
  timedOut: false,
  aborted: false,
  connectionLost: true
}
swarm.chat.failure {
  requestId: 'ac614c72-1bae-4041-b3d4-61a51afe5a56',
  durationMs: 8,
  stage: 'chat',
  category: 'rate_limit',
  status: 429,
  attempt: 1,
  retryCount: 0,
  timedOut: false,
  aborted: false,
  connectionLost: false
}
swarm.chat.failure {
  requestId: 'fb9f2813-fd5f-4065-8cb0-21afb2e8e956',
  durationMs: 10,
  stage: 'plan',
  category: 'server',
  status: 503,
  attempt: 1,
  retryCount: 0,
  timedOut: false,
  aborted: false,
  connectionLost: false
}
swarm.chat.failure {
  requestId: '1cf4ce43-4ae1-4955-a919-d95a8d891784',
  durationMs: 5,
  stage: 'chat',
  category: 'server',
  status: 503,
  attempt: 1,
  retryCount: 0,
  timedOut: false,
  aborted: false,
  connectionLost: false
}
swarm.chat.failure {
  requestId: '3b08eb24-764e-40be-bb5d-f44f5cb26c51',
  durationMs: 10,
  stage: 'plan',
  category: 'rate_limit',
  status: 429,
  attempt: 1,
  retryCount: 0,
  timedOut: false,
  aborted: false,
  connectionLost: false
}
swarm.chat.failure {
  requestId: 'a1b1b865-8046-4457-b639-f02b9dbcfe21',
  durationMs: 74,
  stage: 'review',
  category: 'network',
  status: undefined,
  attempt: 3,
  retryCount: 2,
  timedOut: false,
  aborted: false,
  connectionLost: true
}
swarm.chat.failure {
  requestId: '91232110-7c65-45f2-85af-26e7b4ebc567',
  durationMs: 8,
  stage: 'chat',
  category: 'rate_limit',
  status: 429,
  attempt: 1,
  retryCount: 0,
  timedOut: false,
  aborted: false,
  connectionLost: false
}
swarm.chat.failure {
  requestId: '7c15a496-40b3-4e87-aaee-e37af8659dcc',
  durationMs: 11,
  stage: 'chat',
  category: 'network',
  status: undefined,
  attempt: 1,
  retryCount: 0,
  timedOut: false,
  aborted: false,
  connectionLost: true
}
swarm.chat.failure {
  requestId: '5775b0db-6dbd-419b-89ad-63ebcfc6c650',
  durationMs: 14,
  stage: 'plan',
  category: 'server',
  status: 503,
  attempt: 1,
  retryCount: 0,
  timedOut: false,
  aborted: false,
  connectionLost: false
}
swarm.chat.failure {
  requestId: '65a09e5d-384f-4371-9db6-5f595f24f4eb',
  durationMs: 9,
  stage: 'chat',
  category: 'server',
  status: 503,
  attempt: 1,
  retryCount: 0,
  timedOut: false,
  aborted: false,
  connectionLost: false
}
swarm.chat.failure {
  requestId: '5ca190db-ad14-4240-8b72-9d4e649296f3',
  durationMs: 12,
  stage: 'plan',
  category: 'rate_limit',
  status: 429,
  attempt: 1,
  retryCount: 0,
  timedOut: false,
  aborted: false,
  connectionLost: false
}
swarm.chat.failure {
  requestId: 'c4baba9b-95aa-4fcf-8f58-67e66798c8f8',
  durationMs: 21,
  stage: 'review',
  category: 'network',
  status: undefined,
  attempt: 3,
  retryCount: 2,
  timedOut: false,
  aborted: false,
  connectionLost: true
}
swarm.chat.failure {
  requestId: '0aacc65d-c62e-4f83-9a21-d6c83991334e',
  durationMs: 5,
  stage: 'chat',
  category: 'network',
  status: undefined,
  attempt: 1,
  retryCount: 0,
  timedOut: false,
  aborted: false,
  connectionLost: true
}
swarm.chat.failure {
  requestId: '29fe79c8-7ae2-40c2-adad-b12692650fd7',
  durationMs: 7,
  stage: 'chat',
  category: 'rate_limit',
  status: 429,
  attempt: 1,
  retryCount: 0,
  timedOut: false,
  aborted: false,
  connectionLost: false
}
swarm.chat.failure {
  requestId: '75d379a9-480d-4995-bd18-d14a5a85b894',
  durationMs: 10,
  stage: 'plan',
  category: 'server',
  status: 503,
  attempt: 1,
  retryCount: 0,
  timedOut: false,
  aborted: false,
  connectionLost: false
}
swarm.chat.failure {
  requestId: '8c47c48c-d536-4db7-8adf-ce1f1340bcca',
  durationMs: 5,
  stage: 'chat',
  category: 'server',
  status: 503,
  attempt: 1,
  retryCount: 0,
  timedOut: false,
  aborted: false,
  connectionLost: false
}
swarm.chat.failure {
  requestId: 'ce60d98c-1804-4646-8913-5d0e1cebcc35',
  durationMs: 13,
  stage: 'plan',
  category: 'rate_limit',
  status: 429,
  attempt: 1,
  retryCount: 0,
  timedOut: false,
  aborted: false,
  connectionLost: false
}
swarm.chat.failure {
  requestId: 'd772f603-9729-4c21-91a6-825b3f5f4b27',
  durationMs: 19,
  stage: 'review',
  category: 'network',
  status: undefined,
  attempt: 3,
  retryCount: 2,
  timedOut: false,
  aborted: false,
  connectionLost: true
}
swarm.chat.failure {
  requestId: '53ee1142-0211-4fbb-a7f2-f10068d9985c',
  durationMs: 5,
  stage: 'chat',
  category: 'rate_limit',
  status: 429,
  attempt: 1,
  retryCount: 0,
  timedOut: false,
  aborted: false,
  connectionLost: false
}
swarm.chat.failure {
  requestId: '6b5c3d1b-8987-41ca-ab7d-cc77249164cb',
  durationMs: 14,
  stage: 'chat',
  category: 'network',
  status: undefined,
  attempt: 1,
  retryCount: 0,
  timedOut: false,
  aborted: false,
  connectionLost: true
}
swarm.chat.failure {
  requestId: 'affff5e6-8a8b-4b84-a1a2-68d32aae0db0',
  durationMs: 17,
  stage: 'plan',
  category: 'server',
  status: 503,
  attempt: 1,
  retryCount: 0,
  timedOut: false,
  aborted: false,
  connectionLost: false
}
swarm.chat.failure {
  requestId: '10134828-0e5a-47ba-813a-8d6253eb80d1',
  durationMs: 8,
  stage: 'chat',
  category: 'server',
  status: 503,
  attempt: 1,
  retryCount: 0,
  timedOut: false,
  aborted: false,
  connectionLost: false
}
swarm.chat.failure {
  requestId: 'f2d25d26-7c18-4bd7-a433-a8870c4e9c04',
  durationMs: 14,
  stage: 'plan',
  category: 'rate_limit',
  status: 429,
  attempt: 1,
  retryCount: 0,
  timedOut: false,
  aborted: false,
  connectionLost: false
}
swarm.chat.failure {
  requestId: '25402de1-e8c3-4c83-9a6a-90d54a662170',
  durationMs: 19,
  stage: 'review',
  category: 'network',
  status: undefined,
  attempt: 3,
  retryCount: 2,
  timedOut: false,
  aborted: false,
  connectionLost: true
}
swarm.chat.failure {
  requestId: 'b3646f42-6e65-41e1-96f6-e5a9d1b777ba',
  durationMs: 10,
  stage: 'plan',
  category: 'server',
  status: 503,
  attempt: 1,
  retryCount: 0,
  timedOut: false,
  aborted: false,
  connectionLost: false
}
swarm.chat.failure {
  requestId: '57cda037-68e5-42c1-8f98-8fbdc0ad0c61',
  durationMs: 15,
  stage: 'chat',
  category: 'network',
  status: undefined,
  attempt: 1,
  retryCount: 0,
  timedOut: false,
  aborted: false,
  connectionLost: true
}
swarm.chat.failure {
  requestId: '7aa76acf-ac54-4282-b7e7-e2d816f14b1e',
  durationMs: 19,
  stage: 'chat',
  category: 'rate_limit',
  status: 429,
  attempt: 1,
  retryCount: 0,
  timedOut: false,
  aborted: false,
  connectionLost: false
}
swarm.chat.failure {
  requestId: '4190722e-0262-4087-a4fd-e14877d6f375',
  durationMs: 5,
  stage: 'plan',
  category: 'rate_limit',
  status: 429,
  attempt: 1,
  retryCount: 0,
  timedOut: false,
  aborted: false,
  connectionLost: false
}
swarm.chat.failure {
  requestId: '95bc919e-713b-4616-837b-5efcf34f53e3',
  durationMs: 9,
  stage: 'chat',
  category: 'server',
  status: 503,
  attempt: 1,
  retryCount: 0,
  timedOut: false,
  aborted: false,
  connectionLost: false
}
swarm.chat.failure {
  requestId: '544559da-a7f7-4527-9e1b-28df6fde1bd5',
  durationMs: 23,
  stage: 'review',
  category: 'network',
  status: undefined,
  attempt: 3,
  retryCount: 2,
  timedOut: false,
  aborted: false,
  connectionLost: true
}
swarm.chat.failure {
  requestId: 'adda8bb4-bf1b-415d-a144-d9b13a0c863b',
  durationMs: 7,
  stage: 'chat',
  category: 'rate_limit',
  status: 429,
  attempt: 1,
  retryCount: 0,
  timedOut: false,
  aborted: false,
  connectionLost: false
}
swarm.chat.failure {
  requestId: '77005e8a-4e48-43e3-8fb4-d3b652479e8e',
  durationMs: 10,
  stage: 'chat',
  category: 'network',
  status: undefined,
  attempt: 1,
  retryCount: 0,
  timedOut: false,
  aborted: false,
  connectionLost: true
}
swarm.chat.failure {
  requestId: '4472bd37-e53c-4c6b-8252-525f30ea9191',
  durationMs: 15,
  stage: 'plan',
  category: 'server',
  status: 503,
  attempt: 1,
  retryCount: 0,
  timedOut: false,
  aborted: false,
  connectionLost: false
}
swarm.chat.failure {
  requestId: 'f8a81883-684f-4b16-9ab3-7771eeb02289',
  durationMs: 10,
  stage: 'chat',
  category: 'server',
  status: 503,
  attempt: 1,
  retryCount: 0,
  timedOut: false,
  aborted: false,
  connectionLost: false
}
swarm.chat.failure {
  requestId: '213ab1b7-a669-4026-9326-cff2fcd3f2d3',
  durationMs: 12,
  stage: 'plan',
  category: 'rate_limit',
  status: 429,
  attempt: 1,
  retryCount: 0,
  timedOut: false,
  aborted: false,
  connectionLost: false
}
swarm.chat.failure {
  requestId: 'b3de862f-085b-427c-bed2-bf4e016290ba',
  durationMs: 20,
  stage: 'review',
  category: 'network',
  status: undefined,
  attempt: 3,
  retryCount: 2,
  timedOut: false,
  aborted: false,
  connectionLost: true
}
swarm.chat.failure {
  requestId: 'd96b2088-394d-4f38-a89e-74d384d9873b',
  durationMs: 9,
  stage: 'chat',
  category: 'network',
  status: undefined,
  attempt: 1,
  retryCount: 0,
  timedOut: false,
  aborted: false,
  connectionLost: true
}
swarm.chat.failure {
  requestId: '195b37df-6484-45cf-b566-b9610ae6ff6d',
  durationMs: 13,
  stage: 'chat',
  category: 'rate_limit',
  status: 429,
  attempt: 1,
  retryCount: 0,
  timedOut: false,
  aborted: false,
  connectionLost: false
}
swarm.chat.failure {
  requestId: 'fbaac73f-cb0b-41f7-9e7b-33ec2020ffd0',
  durationMs: 16,
  stage: 'plan',
  category: 'server',
  status: 503,
  attempt: 1,
  retryCount: 0,
  timedOut: false,
  aborted: false,
  connectionLost: false
}
swarm.chat.failure {
  requestId: 'e35ada14-fbfa-4fb6-b771-98bc6e7c1dfc',
  durationMs: 14,
  stage: 'chat',
  category: 'server',
  status: 503,
  attempt: 1,
  retryCount: 0,
  timedOut: false,
  aborted: false,
  connectionLost: false
}
swarm.chat.failure {
  requestId: '3e5c9064-06ad-483a-a4ee-42fbeeef192e',
  durationMs: 26,
  stage: 'plan',
  category: 'rate_limit',
  status: 429,
  attempt: 1,
  retryCount: 0,
  timedOut: false,
  aborted: false,
  connectionLost: false
}
swarm.chat.failure {
  requestId: 'bb349bfa-3c5b-4e5a-b9b3-ebd83a2e27cf',
  durationMs: 32,
  stage: 'review',
  category: 'network',
  status: undefined,
  attempt: 3,
  retryCount: 2,
  timedOut: false,
  aborted: false,
  connectionLost: true
}
swarm.chat.failure {
  requestId: 'f52299c6-53f5-4328-8766-d667c8cc1fce',
  durationMs: 7,
  stage: 'chat',
  category: 'rate_limit',
  status: 429,
  attempt: 1,
  retryCount: 0,
  timedOut: false,
  aborted: false,
  connectionLost: false
}
swarm.chat.failure {
  requestId: '1e39bcf0-d85c-4ba1-a886-d141ec4192f8',
  durationMs: 9,
  stage: 'chat',
  category: 'network',
  status: undefined,
  attempt: 1,
  retryCount: 0,
  timedOut: false,
  aborted: false,
  connectionLost: true
}
swarm.chat.failure {
  requestId: 'a69e2107-e26a-4a4c-b89b-32c07097636f',
  durationMs: 17,
  stage: 'plan',
  category: 'server',
  status: 503,
  attempt: 1,
  retryCount: 0,
  timedOut: false,
  aborted: false,
  connectionLost: false
}
swarm.chat.failure {
  requestId: '2fedf76a-b428-4d4a-93c5-90af020f47cc',
  durationMs: 7,
  stage: 'chat',
  category: 'server',
  status: 503,
  attempt: 1,
  retryCount: 0,
  timedOut: false,
  aborted: false,
  connectionLost: false
}
swarm.chat.failure {
  requestId: 'f2268791-48e3-4ed9-9bad-61830701bb03',
  durationMs: 11,
  stage: 'plan',
  category: 'rate_limit',
  status: 429,
  attempt: 1,
  retryCount: 0,
  timedOut: false,
  aborted: false,
  connectionLost: false
}
swarm.chat.failure {
  requestId: 'b0f90398-0b92-446a-99e8-e5336a5544ba',
  durationMs: 20,
  stage: 'review',
  category: 'network',
  status: undefined,
  attempt: 3,
  retryCount: 2,
  timedOut: false,
  aborted: false,
  connectionLost: true
}
swarm.chat.failure {
  requestId: '93366428-7194-4766-80d9-542fff05715a',
  durationMs: 6,
  stage: 'chat',
  category: 'network',
  status: undefined,
  attempt: 1,
  retryCount: 0,
  timedOut: false,
  aborted: false,
  connectionLost: true
}
swarm.chat.failure {
  requestId: 'f9484268-8716-4c5c-a3be-387f5154ffc2',
  durationMs: 8,
  stage: 'chat',
  category: 'rate_limit',
  status: 429,
  attempt: 1,
  retryCount: 0,
  timedOut: false,
  aborted: false,
  connectionLost: false
}
swarm.chat.failure {
  requestId: '65eaba26-8286-4223-8f02-254bc304f946',
  durationMs: 14,
  stage: 'plan',
  category: 'server',
  status: 503,
  attempt: 1,
  retryCount: 0,
  timedOut: false,
  aborted: false,
  connectionLost: false
}
swarm.chat.failure {
  requestId: 'bd8b7165-dba2-49e0-bf99-c29fb001541f',
  durationMs: 6,
  stage: 'chat',
  category: 'server',
  status: 503,
  attempt: 1,
  retryCount: 0,
  timedOut: false,
  aborted: false,
  connectionLost: false
}
swarm.chat.failure {
  requestId: '9b9a4bf0-2b54-4511-8b3d-09cf01a77c96',
  durationMs: 12,
  stage: 'plan',
  category: 'rate_limit',
  status: 429,
  attempt: 1,
  retryCount: 0,
  timedOut: false,
  aborted: false,
  connectionLost: false
}
swarm.chat.failure {
  requestId: 'aaff69d0-670c-43db-b2ff-2d2b241792eb',
  durationMs: 23,
  stage: 'review',
  category: 'network',
  status: undefined,
  attempt: 3,
  retryCount: 2,
  timedOut: false,
  aborted: false,
  connectionLost: true
}
swarm.chat.failure {
  requestId: '81ac655c-086e-4091-8aec-9b65dee926bb',
  durationMs: 11,
  stage: 'chat',
  category: 'rate_limit',
  status: 429,
  attempt: 1,
  retryCount: 0,
  timedOut: false,
  aborted: false,
  connectionLost: false
}
swarm.chat.failure {
  requestId: '4c35150e-6d35-46e0-9ee1-2847bd31e5d8',
  durationMs: 13,
  stage: 'chat',
  category: 'network',
  status: undefined,
  attempt: 1,
  retryCount: 0,
  timedOut: false,
  aborted: false,
  connectionLost: true
}
swarm.chat.failure {
  requestId: '7bb59438-7237-446a-8220-fa934bae7f15',
  durationMs: 23,
  stage: 'plan',
  category: 'server',
  status: 503,
  attempt: 1,
  retryCount: 0,
  timedOut: false,
  aborted: false,
  connectionLost: false
}
swarm.chat.failure {
  requestId: '1163aee1-9654-4bd7-ae8e-5572c7696105',
  durationMs: 15,
  stage: 'chat',
  category: 'server',
  status: 503,
  attempt: 1,
  retryCount: 0,
  timedOut: false,
  aborted: false,
  connectionLost: false
}
swarm.chat.failure {
  requestId: '03bf05fb-c451-4f78-b337-96cd4723e78d',
  durationMs: 17,
  stage: 'plan',
  category: 'rate_limit',
  status: 429,
  attempt: 1,
  retryCount: 0,
  timedOut: false,
  aborted: false,
  connectionLost: false
}
swarm.chat.failure {
  requestId: 'b30923e9-9bf6-4b31-8c41-f32726d366c9',
  durationMs: 28,
  stage: 'review',
  category: 'network',
  status: undefined,
  attempt: 3,
  retryCount: 2,
  timedOut: false,
  aborted: false,
  connectionLost: true
}
swarm.chat.failure {
  requestId: '7cd7a894-7604-4b59-9b01-a3fc2a4468e7',
  durationMs: 6,
  stage: 'chat',
  category: 'network',
  status: undefined,
  attempt: 1,
  retryCount: 0,
  timedOut: false,
  aborted: false,
  connectionLost: true
}
swarm.chat.failure {
  requestId: '618a6cf5-636c-4b0a-842d-7c8219701cb1',
  durationMs: 12,
  stage: 'plan',
  category: 'server',
  status: 503,
  attempt: 1,
  retryCount: 0,
  timedOut: false,
  aborted: false,
  connectionLost: false
}
swarm.chat.failure {
  requestId: '12868114-17da-4d70-a9b3-c28076858675',
  durationMs: 15,
  stage: 'chat',
  category: 'rate_limit',
  status: 429,
  attempt: 1,
  retryCount: 0,
  timedOut: false,
  aborted: false,
  connectionLost: false
}
swarm.chat.failure {
  requestId: 'ab8c5161-9a65-4500-9951-4d38f395f400',
  durationMs: 18,
  stage: 'chat',
  category: 'server',
  status: 503,
  attempt: 1,
  retryCount: 0,
  timedOut: false,
  aborted: false,
  connectionLost: false
}
swarm.chat.failure {
  requestId: '29507085-33f5-47a5-bde1-b27f9573e837',
  durationMs: 32,
  stage: 'plan',
  category: 'rate_limit',
  status: 429,
  attempt: 1,
  retryCount: 0,
  timedOut: false,
  aborted: false,
  connectionLost: false
}
swarm.chat.failure {
  requestId: '8745af01-96dc-4a88-879a-194d6cdb777e',
  durationMs: 75,
  stage: 'review',
  category: 'network',
  status: undefined,
  attempt: 3,
  retryCount: 2,
  timedOut: false,
  aborted: false,
  connectionLost: true
}
swarm.chat.failure {
  requestId: '3fd634df-bd68-4c5d-89d1-420cba80ce21',
  durationMs: 21,
  stage: 'chat',
  category: 'rate_limit',
  status: 429,
  attempt: 1,
  retryCount: 0,
  timedOut: false,
  aborted: false,
  connectionLost: false
}
swarm.chat.failure {
  requestId: 'e9a49df3-2b9a-4151-aec9-80211c9ee612',
  durationMs: 24,
  stage: 'chat',
  category: 'network',
  status: undefined,
  attempt: 1,
  retryCount: 0,
  timedOut: false,
  aborted: false,
  connectionLost: true
}
swarm.chat.failure {
  requestId: 'd5de1d81-d0d6-49c1-816f-c245fdbf3e8e',
  durationMs: 29,
  stage: 'plan',
  category: 'server',
  status: 503,
  attempt: 1,
  retryCount: 0,
  timedOut: false,
  aborted: false,
  connectionLost: false
}
swarm.chat.failure {
  requestId: 'b1b6f3f5-d59e-45d8-ad3f-d8840e2103a2',
  durationMs: 28,
  stage: 'chat',
  category: 'server',
  status: 503,
  attempt: 1,
  retryCount: 0,
  timedOut: false,
  aborted: false,
  connectionLost: false
}
swarm.chat.failure {
  requestId: '1ce4bf63-fb2d-4887-a056-4b9e0b9305e3',
  durationMs: 55,
  stage: 'plan',
  category: 'rate_limit',
  status: 429,
  attempt: 1,
  retryCount: 0,
  timedOut: false,
  aborted: false,
  connectionLost: false
}
swarm.chat.failure {
  requestId: 'e01dbdcf-7a02-456b-bbfe-051d89827229',
  durationMs: 90,
  stage: 'review',
  category: 'network',
  status: undefined,
  attempt: 3,
  retryCount: 2,
  timedOut: false,
  aborted: false,
  connectionLost: true
}
swarm.chat.failure {
  requestId: 'dd6eca1d-2c24-479b-9e0c-1814054900bc',
  durationMs: 7,
  stage: 'plan',
  category: 'server',
  status: 503,
  attempt: 1,
  retryCount: 0,
  timedOut: false,
  aborted: false,
  connectionLost: false
}
swarm.chat.failure {
  requestId: 'dedd88c7-720d-4d5b-b06d-cd49ccf4da4c',
  durationMs: 11,
  stage: 'chat',
  category: 'rate_limit',
  status: 429,
  attempt: 1,
  retryCount: 0,
  timedOut: false,
  aborted: false,
  connectionLost: false
}
swarm.chat.failure {
  requestId: 'c60f439f-91ea-427a-b41a-c368ec8523a4',
  durationMs: 14,
  stage: 'chat',
  category: 'network',
  status: undefined,
  attempt: 1,
  retryCount: 0,
  timedOut: false,
  aborted: false,
  connectionLost: true
}
swarm.chat.failure {
  requestId: '896f2f8e-daee-458f-8fb4-eaa29ef2ef88',
  durationMs: 5,
  stage: 'plan',
  category: 'rate_limit',
  status: 429,
  attempt: 1,
  retryCount: 0,
  timedOut: false,
  aborted: false,
  connectionLost: false
}
swarm.chat.failure {
  requestId: 'add15de7-e6a3-4ca5-a7c4-259846684eeb',
  durationMs: 11,
  stage: 'chat',
  category: 'server',
  status: 503,
  attempt: 1,
  retryCount: 0,
  timedOut: false,
  aborted: false,
  connectionLost: false
}
swarm.chat.failure {
  requestId: '7beddeb3-056a-4d9e-9b04-3cbaf3eddad7',
  durationMs: 21,
  stage: 'review',
  category: 'network',
  status: undefined,
  attempt: 3,
  retryCount: 2,
  timedOut: false,
  aborted: false,
  connectionLost: true
}
swarm.chat.failure {
  requestId: '0ca262fa-44bc-4d6c-b7d6-1cbeebf186ef',
  durationMs: 8,
  stage: 'chat',
  category: 'rate_limit',
  status: 429,
  attempt: 1,
  retryCount: 0,
  timedOut: false,
  aborted: false,
  connectionLost: false
}
swarm.chat.failure {
  requestId: '5b18f01b-11a5-41d6-9656-6f163878146c',
  durationMs: 14,
  stage: 'plan',
  category: 'server',
  status: 503,
  attempt: 1,
  retryCount: 0,
  timedOut: false,
  aborted: false,
  connectionLost: false
}
swarm.chat.failure {
  requestId: '7d22eb5d-d059-43cc-a3bb-ae5fc7a2068e',
  durationMs: 19,
  stage: 'chat',
  category: 'network',
  status: undefined,
  attempt: 1,
  retryCount: 0,
  timedOut: false,
  aborted: false,
  connectionLost: true
}
swarm.chat.failure {
  requestId: '9ab2d71d-f91c-4216-91ab-34e16c47b2a5',
  durationMs: 10,
  stage: 'plan',
  category: 'rate_limit',
  status: 429,
  attempt: 1,
  retryCount: 0,
  timedOut: false,
  aborted: false,
  connectionLost: false
}
swarm.chat.failure {
  requestId: '514f210b-91a8-4949-a1ff-647b8603f211',
  durationMs: 13,
  stage: 'chat',
  category: 'server',
  status: 503,
  attempt: 1,
  retryCount: 0,
  timedOut: false,
  aborted: false,
  connectionLost: false
}
swarm.chat.failure {
  requestId: '6c7c4bc6-73da-4e6d-8610-3ee39a8b7c60',
  durationMs: 33,
  stage: 'review',
  category: 'network',
  status: undefined,
  attempt: 3,
  retryCount: 2,
  timedOut: false,
  aborted: false,
  connectionLost: true
}
swarm.chat.failure {
  requestId: '44c2e63f-1b12-4b5e-8a33-01eff7c2aad6',
  durationMs: 10,
  stage: 'chat',
  category: 'network',
  status: undefined,
  attempt: 1,
  retryCount: 0,
  timedOut: false,
  aborted: false,
  connectionLost: true
}
swarm.chat.failure {
  requestId: 'e2c2a3f7-b0fe-42a8-9564-97206b0aaf19',
  durationMs: 12,
  stage: 'chat',
  category: 'rate_limit',
  status: 429,
  attempt: 1,
  retryCount: 0,
  timedOut: false,
  aborted: false,
  connectionLost: false
}
swarm.chat.failure {
  requestId: '5825710e-742b-43a3-af0a-2c5ebf124095',
  durationMs: 20,
  stage: 'plan',
  category: 'server',
  status: 503,
  attempt: 1,
  retryCount: 0,
  timedOut: false,
  aborted: false,
  connectionLost: false
}
swarm.chat.failure {
  requestId: 'e006cca1-f557-4fb0-9e8b-b35620486fd6',
  durationMs: 8,
  stage: 'chat',
  category: 'server',
  status: 503,
  attempt: 1,
  retryCount: 0,
  timedOut: false,
  aborted: false,
  connectionLost: false
}
swarm.chat.failure {
  requestId: 'b0319b40-1ca6-4c5b-b9f9-eb116460fa96',
  durationMs: 15,
  stage: 'plan',
  category: 'rate_limit',
  status: 429,
  attempt: 1,
  retryCount: 0,
  timedOut: false,
  aborted: false,
  connectionLost: false
}
swarm.chat.failure {
  requestId: 'f47d06b2-ff62-42c3-928c-1a344d2550db',
  durationMs: 23,
  stage: 'review',
  category: 'network',
  status: undefined,
  attempt: 3,
  retryCount: 2,
  timedOut: false,
  aborted: false,
  connectionLost: true
}
swarm.chat.failure {
  requestId: '86722c47-2121-4d9e-8506-8cdbe94f2a87',
  durationMs: 9,
  stage: 'chat',
  category: 'rate_limit',
  status: 429,
  attempt: 1,
  retryCount: 0,
  timedOut: false,
  aborted: false,
  connectionLost: false
}
swarm.chat.failure {
  requestId: '5b59f234-8555-47e7-9809-2de52c187886',
  durationMs: 15,
  stage: 'chat',
  category: 'network',
  status: undefined,
  attempt: 1,
  retryCount: 0,
  timedOut: false,
  aborted: false,
  connectionLost: true
}
swarm.chat.failure {
  requestId: 'c5ca31e9-c9f6-45e0-96b5-d57c9122d96f',
  durationMs: 18,
  stage: 'plan',
  category: 'server',
  status: 503,
  attempt: 1,
  retryCount: 0,
  timedOut: false,
  aborted: false,
  connectionLost: false
}
swarm.chat.failure {
  requestId: '8b2b915d-0961-47e6-a408-01617838e3b9',
  durationMs: 6,
  stage: 'chat',
  category: 'server',
  status: 503,
  attempt: 1,
  retryCount: 0,
  timedOut: false,
  aborted: false,
  connectionLost: false
}
swarm.chat.failure {
  requestId: '6c1e2abb-57f7-4bcd-874d-edac538d86bb',
  durationMs: 13,
  stage: 'plan',
  category: 'rate_limit',
  status: 429,
  attempt: 1,
  retryCount: 0,
  timedOut: false,
  aborted: false,
  connectionLost: false
}
swarm.chat.failure {
  requestId: '6bf73d0d-424d-44a9-8dba-ddc12453b7df',
  durationMs: 17,
  stage: 'review',
  category: 'network',
  status: undefined,
  attempt: 3,
  retryCount: 2,
  timedOut: false,
  aborted: false,
  connectionLost: true
}
swarm.chat.failure {
  requestId: '6f903245-3550-4d88-bef6-d2e0fb95968b',
  durationMs: 8,
  stage: 'plan',
  category: 'server',
  status: 503,
  attempt: 1,
  retryCount: 0,
  timedOut: false,
  aborted: false,
  connectionLost: false
}
swarm.chat.failure {
  requestId: '6132b014-f5ae-4d70-bbc8-76944709c7ec',
  durationMs: 13,
  stage: 'chat',
  category: 'network',
  status: undefined,
  attempt: 1,
  retryCount: 0,
  timedOut: false,
  aborted: false,
  connectionLost: true
}
swarm.chat.failure {
  requestId: 'e128c17e-cb9c-4fb0-a282-423e9a9018b3',
  durationMs: 17,
  stage: 'chat',
  category: 'rate_limit',
  status: 429,
  attempt: 1,
  retryCount: 0,
  timedOut: false,
  aborted: false,
  connectionLost: false
}
swarm.chat.failure {
  requestId: 'e9ea885a-20e1-4efc-a526-718dade9a6a4',
  durationMs: 7,
  stage: 'plan',
  category: 'rate_limit',
  status: 429,
  attempt: 1,
  retryCount: 0,
  timedOut: false,
  aborted: false,
  connectionLost: false
}
swarm.chat.failure {
  requestId: '7e0e4c64-3273-415c-ac53-08fb05445a05',
  durationMs: 11,
  stage: 'chat',
  category: 'server',
  status: 503,
  attempt: 1,
  retryCount: 0,
  timedOut: false,
  aborted: false,
  connectionLost: false
}
swarm.chat.failure {
  requestId: 'a927494f-a6d7-49b7-9c8b-78c59a9caf66',
  durationMs: 28,
  stage: 'review',
  category: 'network',
  status: undefined,
  attempt: 3,
  retryCount: 2,
  timedOut: false,
  aborted: false,
  connectionLost: true
}
swarm.chat.failure {
  requestId: 'dede8402-6a57-4893-9d37-fcb0ce0e397e',
  durationMs: 8,
  stage: 'chat',
  category: 'rate_limit',
  status: 429,
  attempt: 1,
  retryCount: 0,
  timedOut: false,
  aborted: false,
  connectionLost: false
}
swarm.chat.failure {
  requestId: '4fe6c2c3-1702-4752-97bc-6ff2b7de48f3',
  durationMs: 11,
  stage: 'chat',
  category: 'network',
  status: undefined,
  attempt: 1,
  retryCount: 0,
  timedOut: false,
  aborted: false,
  connectionLost: true
}
swarm.chat.failure {
  requestId: 'a00c15df-56e2-4a5e-b856-9a0f2b18a15c',
  durationMs: 14,
  stage: 'plan',
  category: 'server',
  status: 503,
  attempt: 1,
  retryCount: 0,
  timedOut: false,
  aborted: false,
  connectionLost: false
}
swarm.chat.failure {
  requestId: '237082ae-dd74-4f07-ab18-ce60e7d061d8',
  durationMs: 12,
  stage: 'chat',
  category: 'server',
  status: 503,
  attempt: 1,
  retryCount: 0,
  timedOut: false,
  aborted: false,
  connectionLost: false
}
swarm.chat.failure {
  requestId: 'bb793ccc-c254-4eea-9f82-ae2d047237e0',
  durationMs: 18,
  stage: 'plan',
  category: 'rate_limit',
  status: 429,
  attempt: 1,
  retryCount: 0,
  timedOut: false,
  aborted: false,
  connectionLost: false
}
swarm.chat.failure {
  requestId: 'f267fe89-c18a-49a7-b8e1-a0e16605a3ed',
  durationMs: 32,
  stage: 'review',
  category: 'network',
  status: undefined,
  attempt: 3,
  retryCount: 2,
  timedOut: false,
  aborted: false,
  connectionLost: true
}
swarm.chat.failure {
  requestId: 'f7122134-489b-4a7e-85b3-bd16759964bc',
  durationMs: 8,
  stage: 'chat',
  category: 'network',
  status: undefined,
  attempt: 1,
  retryCount: 0,
  timedOut: false,
  aborted: false,
  connectionLost: true
}
swarm.chat.failure {
  requestId: '95ee1fb0-e82c-412f-bea0-e18090c05ebc',
  durationMs: 12,
  stage: 'chat',
  category: 'rate_limit',
  status: 429,
  attempt: 1,
  retryCount: 0,
  timedOut: false,
  aborted: false,
  connectionLost: false
}
swarm.chat.failure {
  requestId: 'f25f131b-92a4-4fd6-9ac9-565de3150317',
  durationMs: 17,
  stage: 'plan',
  category: 'server',
  status: 503,
  attempt: 1,
  retryCount: 0,
  timedOut: false,
  aborted: false,
  connectionLost: false
}
swarm.chat.failure {
  requestId: 'cf44bfe5-9d51-49fc-92b0-154fb677d8ab',
  durationMs: 8,
  stage: 'chat',
  category: 'server',
  status: 503,
  attempt: 1,
  retryCount: 0,
  timedOut: false,
  aborted: false,
  connectionLost: false
}
swarm.chat.failure {
  requestId: '99adc037-fc29-4738-beb7-36dc3167bb87',
  durationMs: 14,
  stage: 'plan',
  category: 'rate_limit',
  status: 429,
  attempt: 1,
  retryCount: 0,
  timedOut: false,
  aborted: false,
  connectionLost: false
}
swarm.chat.failure {
  requestId: '094ee87f-ae46-4859-9ea1-d8956060e51b',
  durationMs: 27,
  stage: 'review',
  category: 'network',
  status: undefined,
  attempt: 3,
  retryCount: 2,
  timedOut: false,
  aborted: false,
  connectionLost: true
}
swarm.chat.failure {
  requestId: 'fb43bfb7-96c5-47bf-ad36-ce69420b8f08',
  durationMs: 7,
  stage: 'chat',
  category: 'rate_limit',
  status: 429,
  attempt: 1,
  retryCount: 0,
  timedOut: false,
  aborted: false,
  connectionLost: false
}
swarm.chat.failure {
  requestId: 'd8cc37ee-5baf-464f-972a-0e28a0c4052f',
  durationMs: 14,
  stage: 'chat',
  category: 'network',
  status: undefined,
  attempt: 1,
  retryCount: 0,
  timedOut: false,
  aborted: false,
  connectionLost: true
}
swarm.chat.failure {
  requestId: 'c800ce11-33b8-4e0e-940e-7b68558cabdb',
  durationMs: 18,
  stage: 'plan',
  category: 'server',
  status: 503,
  attempt: 1,
  retryCount: 0,
  timedOut: false,
  aborted: false,
  connectionLost: false
}
swarm.chat.failure {
  requestId: '189be2a2-2386-4669-979d-82a03cbf4c51',
  durationMs: 8,
  stage: 'chat',
  category: 'server',
  status: 503,
  attempt: 1,
  retryCount: 0,
  timedOut: false,
  aborted: false,
  connectionLost: false
}
swarm.chat.failure {
  requestId: '73cdb2c7-e8cd-4740-9f45-8f64b47f5801',
  durationMs: 19,
  stage: 'plan',
  category: 'rate_limit',
  status: 429,
  attempt: 1,
  retryCount: 0,
  timedOut: false,
  aborted: false,
  connectionLost: false
}
swarm.chat.failure {
  requestId: '58d4a9a5-eca4-494d-b439-ccb5f3d2b351',
  durationMs: 23,
  stage: 'review',
  category: 'network',
  status: undefined,
  attempt: 3,
  retryCount: 2,
  timedOut: false,
  aborted: false,
  connectionLost: true
}
swarm.chat.failure {
  requestId: '52f63aa1-48d5-460f-9b38-60bd0cad35ef',
  durationMs: 6,
  stage: 'chat',
  category: 'network',
  status: undefined,
  attempt: 1,
  retryCount: 0,
  timedOut: false,
  aborted: false,
  connectionLost: true
}
swarm.chat.failure {
  requestId: 'b4c9b98b-257c-4536-9a7e-77cc9fee5068',
  durationMs: 9,
  stage: 'chat',
  category: 'rate_limit',
  status: 429,
  attempt: 1,
  retryCount: 0,
  timedOut: false,
  aborted: false,
  connectionLost: false
}
swarm.chat.failure {
  requestId: 'ba1b3f18-f457-409b-8ffb-55d5c1e2e9e8',
  durationMs: 12,
  stage: 'plan',
  category: 'server',
  status: 503,
  attempt: 1,
  retryCount: 0,
  timedOut: false,
  aborted: false,
  connectionLost: false
}
swarm.chat.failure {
  requestId: '94b4eb38-50f9-4041-8d88-30d57e99f711',
  durationMs: 10,
  stage: 'chat',
  category: 'server',
  status: 503,
  attempt: 1,
  retryCount: 0,
  timedOut: false,
  aborted: false,
  connectionLost: false
}
swarm.chat.failure {
  requestId: '3b88e611-77ba-406f-82b0-5657d54c0dcd',
  durationMs: 16,
  stage: 'plan',
  category: 'rate_limit',
  status: 429,
  attempt: 1,
  retryCount: 0,
  timedOut: false,
  aborted: false,
  connectionLost: false
}
swarm.chat.failure {
  requestId: 'ee7294d4-c184-4dd2-9b3b-14d5d5041120',
  durationMs: 49,
  stage: 'review',
  category: 'network',
  status: undefined,
  attempt: 3,
  retryCount: 2,
  timedOut: false,
  aborted: false,
  connectionLost: true
}
swarm.chat.failure {
  requestId: 'beb71042-7ef0-441c-ade8-e43ee834b80f',
  durationMs: 6,
  stage: 'chat',
  category: 'rate_limit',
  status: 429,
  attempt: 1,
  retryCount: 0,
  timedOut: false,
  aborted: false,
  connectionLost: false
}
swarm.chat.failure {
  requestId: '5fbd60be-65d3-4f84-898b-64feeec90b7e',
  durationMs: 8,
  stage: 'chat',
  category: 'network',
  status: undefined,
  attempt: 1,
  retryCount: 0,
  timedOut: false,
  aborted: false,
  connectionLost: true
}
swarm.chat.failure {
  requestId: '07a7f1bf-5a1b-42a4-b66c-9ac22a1d21c9',
  durationMs: 15,
  stage: 'plan',
  category: 'server',
  status: 503,
  attempt: 1,
  retryCount: 0,
  timedOut: false,
  aborted: false,
  connectionLost: false
}
swarm.chat.failure {
  requestId: '39dc4468-2571-4236-9f69-b265532ab221',
  durationMs: 14,
  stage: 'chat',
  category: 'server',
  status: 503,
  attempt: 1,
  retryCount: 0,
  timedOut: false,
  aborted: false,
  connectionLost: false
}
swarm.chat.failure {
  requestId: '295a777a-c8e7-4251-9f25-205755155978',
  durationMs: 17,
  stage: 'plan',
  category: 'rate_limit',
  status: 429,
  attempt: 1,
  retryCount: 0,
  timedOut: false,
  aborted: false,
  connectionLost: false
}
swarm.chat.failure {
  requestId: '7f937783-7f85-4a19-81c6-38bae68c9ff5',
  durationMs: 22,
  stage: 'review',
  category: 'network',
  status: undefined,
  attempt: 3,
  retryCount: 2,
  timedOut: false,
  aborted: false,
  connectionLost: true
}
swarm.chat.failure {
  requestId: 'b01be116-0915-4b46-8eea-e5c388542ddf',
  durationMs: 7,
  stage: 'plan',
  category: 'server',
  status: 503,
  attempt: 1,
  retryCount: 0,
  timedOut: false,
  aborted: false,
  connectionLost: false
}
swarm.chat.failure {
  requestId: '563425f8-0b55-495b-a656-58119dc08725',
  durationMs: 10,
  stage: 'chat',
  category: 'rate_limit',
  status: 429,
  attempt: 1,
  retryCount: 0,
  timedOut: false,
  aborted: false,
  connectionLost: false
}
swarm.chat.failure {
  requestId: '4853bd96-7c0e-44a2-b901-62d400bb1144',
  durationMs: 14,
  stage: 'chat',
  category: 'network',
  status: undefined,
  attempt: 1,
  retryCount: 0,
  timedOut: false,
  aborted: false,
  connectionLost: true
}
swarm.chat.failure {
  requestId: '375f99f8-a3d6-4a9c-b560-cdb57ea2209b',
  durationMs: 7,
  stage: 'chat',
  category: 'server',
  status: 503,
  attempt: 1,
  retryCount: 0,
  timedOut: false,
  aborted: false,
  connectionLost: false
}
swarm.chat.failure {
  requestId: 'a2ad5bdb-5b17-463c-b0d6-9b6f90172552',
  durationMs: 10,
  stage: 'plan',
  category: 'rate_limit',
  status: 429,
  attempt: 1,
  retryCount: 0,
  timedOut: false,
  aborted: false,
  connectionLost: false
}
swarm.chat.failure {
  requestId: '99f22e31-4b36-457d-a98e-0a8189c42073',
  durationMs: 26,
  stage: 'review',
  category: 'network',
  status: undefined,
  attempt: 3,
  retryCount: 2,
  timedOut: false,
  aborted: false,
  connectionLost: true
}
swarm.chat.failure {
  requestId: '662ee78d-b2a9-46c8-bb43-ead7d05e4e22',
  durationMs: 9,
  stage: 'chat',
  category: 'rate_limit',
  status: 429,
  attempt: 1,
  retryCount: 0,
  timedOut: false,
  aborted: false,
  connectionLost: false
}
swarm.chat.failure {
  requestId: 'bb3514d6-e078-4a48-9ee8-b0a4a80545b5',
  durationMs: 17,
  stage: 'plan',
  category: 'server',
  status: 503,
  attempt: 1,
  retryCount: 0,
  timedOut: false,
  aborted: false,
  connectionLost: false
}
swarm.chat.failure {
  requestId: 'ae5382ea-1d62-4e50-bd18-c70211912efa',
  durationMs: 76,
  stage: 'chat',
  category: 'network',
  status: undefined,
  attempt: 1,
  retryCount: 0,
  timedOut: false,
  aborted: false,
  connectionLost: true
}
swarm.chat.failure {
  requestId: 'b15e476a-59e8-4e5c-8757-54a63d20c561',
  durationMs: 16,
  stage: 'plan',
  category: 'rate_limit',
  status: 429,
  attempt: 1,
  retryCount: 0,
  timedOut: false,
  aborted: false,
  connectionLost: false
}
swarm.chat.failure {
  requestId: '6967b47d-4e7d-4f6e-90cf-b226ea684e90',
  durationMs: 22,
  stage: 'chat',
  category: 'server',
  status: 503,
  attempt: 1,
  retryCount: 0,
  timedOut: false,
  aborted: false,
  connectionLost: false
}
swarm.chat.failure {
  requestId: 'af8fe9e5-5f50-4c79-af9e-a843f150cfd2',
  durationMs: 27,
  stage: 'review',
  category: 'network',
  status: undefined,
  attempt: 3,
  retryCount: 2,
  timedOut: false,
  aborted: false,
  connectionLost: true
}
swarm.chat.failure {
  requestId: '37208e98-74e2-452c-b21d-01dc5febc9dc',
  durationMs: 5,
  stage: 'chat',
  category: 'network',
  status: undefined,
  attempt: 1,
  retryCount: 0,
  timedOut: false,
  aborted: false,
  connectionLost: true
}
swarm.chat.failure {
  requestId: 'a212f565-2635-4eb3-98cf-fc145c0e85f8',
  durationMs: 8,
  stage: 'chat',
  category: 'rate_limit',
  status: 429,
  attempt: 1,
  retryCount: 0,
  timedOut: false,
  aborted: false,
  connectionLost: false
}
swarm.chat.failure {
  requestId: '045e9189-93e9-4c9a-bb33-f8539624a691',
  durationMs: 11,
  stage: 'plan',
  category: 'server',
  status: 503,
  attempt: 1,
  retryCount: 0,
  timedOut: false,
  aborted: false,
  connectionLost: false
}
swarm.chat.failure {
  requestId: 'bec126d3-4c76-48cc-920a-10142380cd50',
  durationMs: 10,
  stage: 'chat',
  category: 'server',
  status: 503,
  attempt: 1,
  retryCount: 0,
  timedOut: false,
  aborted: false,
  connectionLost: false
}
swarm.chat.failure {
  requestId: 'd07e3770-845e-4552-b0c7-ab60c482fd9a',
  durationMs: 17,
  stage: 'plan',
  category: 'rate_limit',
  status: 429,
  attempt: 1,
  retryCount: 0,
  timedOut: false,
  aborted: false,
  connectionLost: false
}
swarm.chat.failure {
  requestId: 'e80fc31c-1798-4177-942a-f1371bd1d6ff',
  durationMs: 38,
  stage: 'review',
  category: 'network',
  status: undefined,
  attempt: 3,
  retryCount: 2,
  timedOut: false,
  aborted: false,
  connectionLost: true
}
swarm.chat.failure {
  requestId: '496c7c1e-2053-4d24-8989-38c19b863033',
  durationMs: 23,
  stage: 'chat',
  category: 'rate_limit',
  status: 429,
  attempt: 1,
  retryCount: 0,
  timedOut: false,
  aborted: false,
  connectionLost: false
}
swarm.chat.failure {
  requestId: 'c607f7f2-4262-4c0e-9198-4fcbbd022af8',
  durationMs: 46,
  stage: 'chat',
  category: 'network',
  status: undefined,
  attempt: 1,
  retryCount: 0,
  timedOut: false,
  aborted: false,
  connectionLost: true
}
swarm.chat.failure {
  requestId: '382c7a5d-217f-4a70-ab18-244e3bc8960a',
  durationMs: 56,
  stage: 'plan',
  category: 'server',
  status: 503,
  attempt: 1,
  retryCount: 0,
  timedOut: false,
  aborted: false,
  connectionLost: false
}
swarm.chat.failure {
  requestId: '078dc3f2-3f9d-41c6-a65d-f7cf5577e47b',
  durationMs: 28,
  stage: 'chat',
  category: 'server',
  status: 503,
  attempt: 1,
  retryCount: 0,
  timedOut: false,
  aborted: false,
  connectionLost: false
}
swarm.chat.failure {
  requestId: 'cea0070f-c1ca-4239-b34c-97407a1f0bab',
  durationMs: 53,
  stage: 'plan',
  category: 'rate_limit',
  status: 429,
  attempt: 1,
  retryCount: 0,
  timedOut: false,
  aborted: false,
  connectionLost: false
}
swarm.chat.failure {
  requestId: '4113d12c-7d05-4f16-9bf0-a3cc600dd365',
  durationMs: 71,
  stage: 'review',
  category: 'network',
  status: undefined,
  attempt: 3,
  retryCount: 2,
  timedOut: false,
  aborted: false,
  connectionLost: true
}
swarm.chat.failure {
  requestId: '5200154f-6e2a-4856-aab8-a7aa7579aae1',
  durationMs: 8,
  stage: 'chat',
  category: 'network',
  status: undefined,
  attempt: 1,
  retryCount: 0,
  timedOut: false,
  aborted: false,
  connectionLost: true
}
swarm.chat.failure {
  requestId: 'b094dfed-3ec6-4791-b84d-9249a59e5e54',
  durationMs: 14,
  stage: 'plan',
  category: 'server',
  status: 503,
  attempt: 1,
  retryCount: 0,
  timedOut: false,
  aborted: false,
  connectionLost: false
}
swarm.chat.failure {
  requestId: '1e4af563-07a6-403d-9168-68c068bdc653',
  durationMs: 17,
  stage: 'chat',
  category: 'rate_limit',
  status: 429,
  attempt: 1,
  retryCount: 0,
  timedOut: false,
  aborted: false,
  connectionLost: false
}
swarm.chat.failure {
  requestId: '6aad582e-e7b1-41fd-b1f8-0db2056ce576',
  durationMs: 8,
  stage: 'chat',
  category: 'server',
  status: 503,
  attempt: 1,
  retryCount: 0,
  timedOut: false,
  aborted: false,
  connectionLost: false
}
swarm.chat.failure {
  requestId: '614073eb-b74c-464e-a877-ed1f2b7b107b',
  durationMs: 15,
  stage: 'plan',
  category: 'rate_limit',
  status: 429,
  attempt: 1,
  retryCount: 0,
  timedOut: false,
  aborted: false,
  connectionLost: false
}
swarm.chat.failure {
  requestId: 'b60a1697-b6dd-4628-92b5-187ecebf4cf3',
  durationMs: 27,
  stage: 'review',
  category: 'network',
  status: undefined,
  attempt: 3,
  retryCount: 2,
  timedOut: false,
  aborted: false,
  connectionLost: true
}
swarm.chat.failure {
  requestId: 'd6ad7464-bdf4-4186-9b01-07aa0884f435',
  durationMs: 9,
  stage: 'chat',
  category: 'rate_limit',
  status: 429,
  attempt: 1,
  retryCount: 0,
  timedOut: false,
  aborted: false,
  connectionLost: false
}
swarm.chat.failure {
  requestId: '4237b61a-754d-4f59-9ad9-f79fdf1729e5',
  durationMs: 13,
  stage: 'chat',
  category: 'network',
  status: undefined,
  attempt: 1,
  retryCount: 0,
  timedOut: false,
  aborted: false,
  connectionLost: true
}
swarm.chat.failure {
  requestId: 'bef95c45-b00b-4c11-8d9d-7e06a8e1ae5d',
  durationMs: 19,
  stage: 'plan',
  category: 'server',
  status: 503,
  attempt: 1,
  retryCount: 0,
  timedOut: false,
  aborted: false,
  connectionLost: false
}
swarm.chat.failure {
  requestId: 'a72e34fc-40e5-4fc5-a2c7-fb7763d63f33',
  durationMs: 14,
  stage: 'chat',
  category: 'server',
  status: 503,
  attempt: 1,
  retryCount: 0,
  timedOut: false,
  aborted: false,
  connectionLost: false
}
swarm.chat.failure {
  requestId: 'd60a838c-f865-4c19-8c3c-d93c34ea80ee',
  durationMs: 17,
  stage: 'plan',
  category: 'rate_limit',
  status: 429,
  attempt: 1,
  retryCount: 0,
  timedOut: false,
  aborted: false,
  connectionLost: false
}
swarm.chat.failure {
  requestId: '86f22d28-bd3c-49af-91b2-dc4949fe31ca',
  durationMs: 28,
  stage: 'review',
  category: 'network',
  status: undefined,
  attempt: 3,
  retryCount: 2,
  timedOut: false,
  aborted: false,
  connectionLost: true
}
swarm.chat.failure {
  requestId: '6b53e4d4-4455-4fc7-b0f9-9f84894b148c',
  durationMs: 5,
  stage: 'plan',
  category: 'server',
  status: 503,
  attempt: 1,
  retryCount: 0,
  timedOut: false,
  aborted: false,
  connectionLost: false
}
swarm.chat.failure {
  requestId: 'c190f307-c6d9-4b2e-8854-66482580b719',
  durationMs: 8,
  stage: 'chat',
  category: 'network',
  status: undefined,
  attempt: 1,
  retryCount: 0,
  timedOut: false,
  aborted: false,
  connectionLost: true
}
swarm.chat.failure {
  requestId: 'bd4784ce-0b34-4da2-9182-02bbca19156b',
  durationMs: 10,
  stage: 'chat',
  category: 'rate_limit',
  status: 429,
  attempt: 1,
  retryCount: 0,
  timedOut: false,
  aborted: false,
  connectionLost: false
}
swarm.chat.failure {
  requestId: '8dd2b64e-46b0-48a0-bf69-d3a4fda72b79',
  durationMs: 6,
  stage: 'plan',
  category: 'rate_limit',
  status: 429,
  attempt: 1,
  retryCount: 0,
  timedOut: false,
  aborted: false,
  connectionLost: false
}
swarm.chat.failure {
  requestId: 'cda21980-9a88-458b-8380-836fcb332b71',
  durationMs: 12,
  stage: 'chat',
  category: 'server',
  status: 503,
  attempt: 1,
  retryCount: 0,
  timedOut: false,
  aborted: false,
  connectionLost: false
}
swarm.chat.failure {
  requestId: '044d9975-81c3-49f8-a990-53c747111b56',
  durationMs: 25,
  stage: 'review',
  category: 'network',
  status: undefined,
  attempt: 3,
  retryCount: 2,
  timedOut: false,
  aborted: false,
  connectionLost: true
}
swarm.chat.failure {
  requestId: 'a9b9cdc3-cbe1-4519-9e61-69d27b50bae2',
  durationMs: 6,
  stage: 'plan',
  category: 'server',
  status: 503,
  attempt: 1,
  retryCount: 0,
  timedOut: false,
  aborted: false,
  connectionLost: false
}
swarm.chat.failure {
  requestId: '41ead858-9ef8-4f0b-90c3-721f23bad0ec',
  durationMs: 8,
  stage: 'chat',
  category: 'rate_limit',
  status: 429,
  attempt: 1,
  retryCount: 0,
  timedOut: false,
  aborted: false,
  connectionLost: false
}
swarm.chat.failure {
  requestId: '33c6566a-0538-48bf-91e8-9272a9e87145',
  durationMs: 11,
  stage: 'chat',
  category: 'network',
  status: undefined,
  attempt: 1,
  retryCount: 0,
  timedOut: false,
  aborted: false,
  connectionLost: true
}
swarm.chat.failure {
  requestId: 'f581f2bb-18c7-4de1-8d72-9852434a14a2',
  durationMs: 17,
  stage: 'plan',
  category: 'rate_limit',
  status: 429,
  attempt: 1,
  retryCount: 0,
  timedOut: false,
  aborted: false,
  connectionLost: false
}
swarm.chat.failure {
  requestId: '27855dd6-12e3-4e5a-aaca-894fc68cbf2d',
  durationMs: 21,
  stage: 'chat',
  category: 'server',
  status: 503,
  attempt: 1,
  retryCount: 0,
  timedOut: false,
  aborted: false,
  connectionLost: false
}
swarm.chat.failure {
  requestId: '91d25b6d-3bfa-4515-9b6d-052dc0e5d5f8',
  durationMs: 32,
  stage: 'review',
  category: 'network',
  status: undefined,
  attempt: 3,
  retryCount: 2,
  timedOut: false,
  aborted: false,
  connectionLost: true
}
swarm.chat.failure {
  requestId: '0875f5f5-0f9c-4088-8b18-30e88f51ab99',
  durationMs: 6,
  stage: 'chat',
  category: 'network',
  status: undefined,
  attempt: 1,
  retryCount: 0,
  timedOut: false,
  aborted: false,
  connectionLost: true
}
swarm.chat.failure {
  requestId: '1d34614b-f39a-45ff-a6bc-2db05ebfb2c3',
  durationMs: 9,
  stage: 'chat',
  category: 'rate_limit',
  status: 429,
  attempt: 1,
  retryCount: 0,
  timedOut: false,
  aborted: false,
  connectionLost: false
}
swarm.chat.failure {
  requestId: '3ee14361-cf09-4e5a-9183-8ec5849ccfae',
  durationMs: 14,
  stage: 'plan',
  category: 'server',
  status: 503,
  attempt: 1,
  retryCount: 0,
  timedOut: false,
  aborted: false,
  connectionLost: false
}
swarm.chat.failure {
  requestId: 'c77a0238-c040-431b-a6cc-be71c41c627c',
  durationMs: 6,
  stage: 'chat',
  category: 'server',
  status: 503,
  attempt: 1,
  retryCount: 0,
  timedOut: false,
  aborted: false,
  connectionLost: false
}
swarm.chat.failure {
  requestId: '0b26be80-202b-459c-bea9-878e29a14df9',
  durationMs: 12,
  stage: 'plan',
  category: 'rate_limit',
  status: 429,
  attempt: 1,
  retryCount: 0,
  timedOut: false,
  aborted: false,
  connectionLost: false
}
swarm.chat.failure {
  requestId: '1ca9fbdf-a0dc-472c-aabc-8d4bd3d2e854',
  durationMs: 22,
  stage: 'review',
  category: 'network',
  status: undefined,
  attempt: 3,
  retryCount: 2,
  timedOut: false,
  aborted: false,
  connectionLost: true
}
swarm.chat.failure {
  requestId: '3ca6e433-2d7d-4d01-8db9-f0ae2f4504b0',
  durationMs: 7,
  stage: 'chat',
  category: 'rate_limit',
  status: 429,
  attempt: 1,
  retryCount: 0,
  timedOut: false,
  aborted: false,
  connectionLost: false
}
swarm.chat.failure {
  requestId: '67e6f287-89ae-49da-87f6-3b7597145723',
  durationMs: 10,
  stage: 'chat',
  category: 'network',
  status: undefined,
  attempt: 1,
  retryCount: 0,
  timedOut: false,
  aborted: false,
  connectionLost: true
}
swarm.chat.failure {
  requestId: '15c41259-e28e-4b86-9f63-cbc1c3ddf229',
  durationMs: 16,
  stage: 'plan',
  category: 'server',
  status: 503,
  attempt: 1,
  retryCount: 0,
  timedOut: false,
  aborted: false,
  connectionLost: false
}
swarm.chat.failure {
  requestId: 'dd4c9ddc-b962-4198-a955-3e6d12001543',
  durationMs: 13,
  stage: 'chat',
  category: 'server',
  status: 503,
  attempt: 1,
  retryCount: 0,
  timedOut: false,
  aborted: false,
  connectionLost: false
}
swarm.chat.failure {
  requestId: '1da0bb4d-fc5f-4322-b487-6ccb648fc5c9',
  durationMs: 17,
  stage: 'plan',
  category: 'rate_limit',
  status: 429,
  attempt: 1,
  retryCount: 0,
  timedOut: false,
  aborted: false,
  connectionLost: false
}
swarm.chat.failure {
  requestId: 'bd766d84-6ff0-47ac-a019-3953a426491f',
  durationMs: 25,
  stage: 'review',
  category: 'network',
  status: undefined,
  attempt: 3,
  retryCount: 2,
  timedOut: false,
  aborted: false,
  connectionLost: true
}
swarm.chat.failure {
  requestId: 'e998ad8b-f80a-4fee-8df7-8cac02a884d4',
  durationMs: 10,
  stage: 'chat',
  category: 'network',
  status: undefined,
  attempt: 1,
  retryCount: 0,
  timedOut: false,
  aborted: false,
  connectionLost: true
}
swarm.chat.failure {
  requestId: 'cd7c8247-7384-44ef-96c9-cda603c298fe',
  durationMs: 14,
  stage: 'chat',
  category: 'rate_limit',
  status: 429,
  attempt: 1,
  retryCount: 0,
  timedOut: false,
  aborted: false,
  connectionLost: false
}
swarm.chat.failure {
  requestId: '5feceddf-98ee-4b5e-a842-c04bc7511a68',
  durationMs: 22,
  stage: 'plan',
  category: 'server',
  status: 503,
  attempt: 1,
  retryCount: 0,
  timedOut: false,
  aborted: false,
  connectionLost: false
}
swarm.chat.failure {
  requestId: 'eea27d90-5e7a-4b56-af66-4b21379ddc66',
  durationMs: 6,
  stage: 'chat',
  category: 'server',
  status: 503,
  attempt: 1,
  retryCount: 0,
  timedOut: false,
  aborted: false,
  connectionLost: false
}
swarm.chat.failure {
  requestId: 'ced7ec38-c392-43d8-a762-3edcc64783a0',
  durationMs: 16,
  stage: 'plan',
  category: 'rate_limit',
  status: 429,
  attempt: 1,
  retryCount: 0,
  timedOut: false,
  aborted: false,
  connectionLost: false
}
swarm.chat.failure {
  requestId: '835ccecc-b436-4eb4-933b-2bbd4315d197',
  durationMs: 23,
  stage: 'review',
  category: 'network',
  status: undefined,
  attempt: 3,
  retryCount: 2,
  timedOut: false,
  aborted: false,
  connectionLost: true
}
swarm.chat.failure {
  requestId: '3d5d1fb4-3f51-4f61-91ac-d7305d6a6a26',
  durationMs: 7,
  stage: 'chat',
  category: 'rate_limit',
  status: 429,
  attempt: 1,
  retryCount: 0,
  timedOut: false,
  aborted: false,
  connectionLost: false
}
swarm.chat.failure {
  requestId: '27d847aa-2d99-43d8-8762-8bbb707fc430',
  durationMs: 11,
  stage: 'chat',
  category: 'network',
  status: undefined,
  attempt: 1,
  retryCount: 0,
  timedOut: false,
  aborted: false,
  connectionLost: true
}
swarm.chat.failure {
  requestId: '072f7fa7-2ba1-471a-b3fa-b83ded0f7833',
  durationMs: 16,
  stage: 'plan',
  category: 'server',
  status: 503,
  attempt: 1,
  retryCount: 0,
  timedOut: false,
  aborted: false,
  connectionLost: false
}
swarm.chat.failure {
  requestId: 'c9a6998f-318e-4c9f-bce0-481449f3d7a5',
  durationMs: 19,
  stage: 'chat',
  category: 'server',
  status: 503,
  attempt: 1,
  retryCount: 0,
  timedOut: false,
  aborted: false,
  connectionLost: false
}
swarm.chat.failure {
  requestId: '3d86527f-e260-4587-9c80-7cf972963c97',
  durationMs: 35,
  stage: 'plan',
  category: 'rate_limit',
  status: 429,
  attempt: 1,
  retryCount: 0,
  timedOut: false,
  aborted: false,
  connectionLost: false
}
swarm.chat.failure {
  requestId: '972bdcbf-5d58-4ed9-b824-5803100935c4',
  durationMs: 47,
  stage: 'review',
  category: 'network',
  status: undefined,
  attempt: 3,
  retryCount: 2,
  timedOut: false,
  aborted: false,
  connectionLost: true
}
swarm.chat.failure {
  requestId: '6da6d8ab-6a47-4105-a9a9-f32e3a0c73c0',
  durationMs: 5,
  stage: 'chat',
  category: 'network',
  status: undefined,
  attempt: 1,
  retryCount: 0,
  timedOut: false,
  aborted: false,
  connectionLost: true
}
swarm.chat.failure {
  requestId: '10281c10-b235-40b5-9d0f-08cd00dabe53',
  durationMs: 8,
  stage: 'plan',
  category: 'server',
  status: 503,
  attempt: 1,
  retryCount: 0,
  timedOut: false,
  aborted: false,
  connectionLost: false
}
swarm.chat.failure {
  requestId: '46556980-68ac-4010-b011-7250ec0546b0',
  durationMs: 13,
  stage: 'chat',
  category: 'rate_limit',
  status: 429,
  attempt: 1,
  retryCount: 0,
  timedOut: false,
  aborted: false,
  connectionLost: false
}
swarm.chat.failure {
  requestId: '55b5d5fb-54ad-4192-8299-1706c0561fda',
  durationMs: 15,
  stage: 'chat',
  category: 'server',
  status: 503,
  attempt: 1,
  retryCount: 0,
  timedOut: false,
  aborted: false,
  connectionLost: false
}
swarm.chat.failure {
  requestId: '9890fa7b-a80f-4b52-8c58-1323d3a1b40d',
  durationMs: 27,
  stage: 'plan',
  category: 'rate_limit',
  status: 429,
  attempt: 1,
  retryCount: 0,
  timedOut: false,
  aborted: false,
  connectionLost: false
}
swarm.chat.failure {
  requestId: '9de218a7-4ec2-494b-9322-32b13b111be1',
  durationMs: 57,
  stage: 'review',
  category: 'network',
  status: undefined,
  attempt: 3,
  retryCount: 2,
  timedOut: false,
  aborted: false,
  connectionLost: true
}
swarm.chat.failure {
  requestId: 'd84a056c-5466-4bbe-b0ac-0db301c2f87f',
  durationMs: 8,
  stage: 'chat',
  category: 'rate_limit',
  status: 429,
  attempt: 1,
  retryCount: 0,
  timedOut: false,
  aborted: false,
  connectionLost: false
}
swarm.chat.failure {
  requestId: '9231d7a5-e1dc-458a-ba0c-8f7a0eb17879',
  durationMs: 16,
  stage: 'chat',
  category: 'network',
  status: undefined,
  attempt: 1,
  retryCount: 0,
  timedOut: false,
  aborted: false,
  connectionLost: true
}
swarm.chat.failure {
  requestId: '23c0bcab-5121-4191-b116-72c578c2f790',
  durationMs: 20,
  stage: 'plan',
  category: 'server',
  status: 503,
  attempt: 1,
  retryCount: 0,
  timedOut: false,
  aborted: false,
  connectionLost: false
}
swarm.chat.failure {
  requestId: '1a35cc78-63c5-4e52-b000-b19ad217f5d8',
  durationMs: 12,
  stage: 'chat',
  category: 'server',
  status: 503,
  attempt: 1,
  retryCount: 0,
  timedOut: false,
  aborted: false,
  connectionLost: false
}
swarm.chat.failure {
  requestId: '92d7f518-9778-41e4-9820-205b4fd21a2b',
  durationMs: 20,
  stage: 'plan',
  category: 'rate_limit',
  status: 429,
  attempt: 1,
  retryCount: 0,
  timedOut: false,
  aborted: false,
  connectionLost: false
}
swarm.chat.failure {
  requestId: '8f5b2f80-19d0-4aee-ab8a-78e6d0de8a07',
  durationMs: 35,
  stage: 'review',
  category: 'network',
  status: undefined,
  attempt: 3,
  retryCount: 2,
  timedOut: false,
  aborted: false,
  connectionLost: true
}
swarm.chat.failure {
  requestId: '0e765cb5-fe7e-4f5a-bf76-3fc0ec5b3912',
  durationMs: 10,
  stage: 'chat',
  category: 'network',
  status: undefined,
  attempt: 1,
  retryCount: 0,
  timedOut: false,
  aborted: false,
  connectionLost: true
}
swarm.chat.failure {
  requestId: 'ea7d04cb-6fbb-4d5b-95a5-400f90dee6f8',
  durationMs: 14,
  stage: 'plan',
  category: 'server',
  status: 503,
  attempt: 1,
  retryCount: 0,
  timedOut: false,
  aborted: false,
  connectionLost: false
}
swarm.chat.failure {
  requestId: 'a8151e6e-2958-46ec-8922-31e6fa3bcc3c',
  durationMs: 19,
  stage: 'chat',
  category: 'rate_limit',
  status: 429,
  attempt: 1,
  retryCount: 0,
  timedOut: false,
  aborted: false,
  connectionLost: false
}
swarm.chat.failure {
  requestId: '508cf585-4132-482d-b106-e7484ff47fb8',
  durationMs: 9,
  stage: 'chat',
  category: 'server',
  status: 503,
  attempt: 1,
  retryCount: 0,
  timedOut: false,
  aborted: false,
  connectionLost: false
}
swarm.chat.failure {
  requestId: 'c40eb9f8-6b53-4052-80cf-817184708174',
  durationMs: 11,
  stage: 'plan',
  category: 'rate_limit',
  status: 429,
  attempt: 1,
  retryCount: 0,
  timedOut: false,
  aborted: false,
  connectionLost: false
}
swarm.chat.failure {
  requestId: '019d323f-4fe1-46b4-ab76-b989049611d4',
  durationMs: 32,
  stage: 'review',
  category: 'network',
  status: undefined,
  attempt: 3,
  retryCount: 2,
  timedOut: false,
  aborted: false,
  connectionLost: true
}
swarm.chat.failure {
  requestId: '63c3fd43-57ea-4e5e-810e-b9bd889e4658',
  durationMs: 5,
  stage: 'chat',
  category: 'rate_limit',
  status: 429,
  attempt: 1,
  retryCount: 0,
  timedOut: false,
  aborted: false,
  connectionLost: false
}
swarm.chat.failure {
  requestId: '170acb38-416b-45b7-97ff-ff1ca12e0318',
  durationMs: 8,
  stage: 'chat',
  category: 'network',
  status: undefined,
  attempt: 1,
  retryCount: 0,
  timedOut: false,
  aborted: false,
  connectionLost: true
}
swarm.chat.failure {
  requestId: '0bce594c-c990-4753-955b-a8e62d377168',
  durationMs: 12,
  stage: 'plan',
  category: 'server',
  status: 503,
  attempt: 1,
  retryCount: 0,
  timedOut: false,
  aborted: false,
  connectionLost: false
}
swarm.chat.failure {
  requestId: 'bf2be852-cca3-49ae-901a-46da52852c03',
  durationMs: 10,
  stage: 'chat',
  category: 'server',
  status: 503,
  attempt: 1,
  retryCount: 0,
  timedOut: false,
  aborted: false,
  connectionLost: false
}
swarm.chat.failure {
  requestId: '4e40008a-53b4-46e6-aaac-7303855553fa',
  durationMs: 14,
  stage: 'plan',
  category: 'rate_limit',
  status: 429,
  attempt: 1,
  retryCount: 0,
  timedOut: false,
  aborted: false,
  connectionLost: false
}
swarm.chat.failure {
  requestId: '7bdf627e-2866-497c-89b8-378ef3e36ce7',
  durationMs: 21,
  stage: 'review',
  category: 'network',
  status: undefined,
  attempt: 3,
  retryCount: 2,
  timedOut: false,
  aborted: false,
  connectionLost: true
}
swarm.chat.failure {
  requestId: '836907ee-5f7d-4519-94e8-b792b9a8098d',
  durationMs: 5,
  stage: 'chat',
  category: 'network',
  status: undefined,
  attempt: 1,
  retryCount: 0,
  timedOut: false,
  aborted: false,
  connectionLost: true
}
swarm.chat.failure {
  requestId: 'd69d752c-68f8-48e0-af2e-0d7f310ba0c2',
  durationMs: 7,
  stage: 'plan',
  category: 'server',
  status: 503,
  attempt: 1,
  retryCount: 0,
  timedOut: false,
  aborted: false,
  connectionLost: false
}
swarm.chat.failure {
  requestId: 'c3c750f6-4e15-4c8f-bebc-3e7a7326cd3e',
  durationMs: 11,
  stage: 'chat',
  category: 'rate_limit',
  status: 429,
  attempt: 1,
  retryCount: 0,
  timedOut: false,
  aborted: false,
  connectionLost: false
}
swarm.chat.failure {
  requestId: 'ab343b9d-d34a-47e0-ae0a-d1b77c8c3863',
  durationMs: 6,
  stage: 'chat',
  category: 'server',
  status: 503,
  attempt: 1,
  retryCount: 0,
  timedOut: false,
  aborted: false,
  connectionLost: false
}
swarm.chat.failure {
  requestId: '0ff51e9c-f18b-4289-b62e-dc20d4db89ee',
  durationMs: 11,
  stage: 'plan',
  category: 'rate_limit',
  status: 429,
  attempt: 1,
  retryCount: 0,
  timedOut: false,
  aborted: false,
  connectionLost: false
}
swarm.chat.failure {
  requestId: 'df5feda4-2b25-4156-83b3-012ac07caf58',
  durationMs: 18,
  stage: 'review',
  category: 'network',
  status: undefined,
  attempt: 3,
  retryCount: 2,
  timedOut: false,
  aborted: false,
  connectionLost: true
}
swarm.chat.failure {
  requestId: '3e46c881-b31c-454d-a978-dfafff8b3581',
  durationMs: 6,
  stage: 'chat',
  category: 'rate_limit',
  status: 429,
  attempt: 1,
  retryCount: 0,
  timedOut: false,
  aborted: false,
  connectionLost: false
}
swarm.chat.failure {
  requestId: 'cb29e10a-09df-426d-94a9-2a97e69bbd8b',
  durationMs: 8,
  stage: 'chat',
  category: 'network',
  status: undefined,
  attempt: 1,
  retryCount: 0,
  timedOut: false,
  aborted: false,
  connectionLost: true
}
swarm.chat.failure {
  requestId: '8a407fcf-5122-41b8-b2e4-a6e62216f52b',
  durationMs: 10,
  stage: 'plan',
  category: 'server',
  status: 503,
  attempt: 1,
  retryCount: 0,
  timedOut: false,
  aborted: false,
  connectionLost: false
}
swarm.chat.failure {
  requestId: '40a084f9-bd5c-4697-bdec-877d41000670',
  durationMs: 9,
  stage: 'chat',
  category: 'server',
  status: 503,
  attempt: 1,
  retryCount: 0,
  timedOut: false,
  aborted: false,
  connectionLost: false
}
swarm.chat.failure {
  requestId: '1611abfb-d4b7-4b5b-a4eb-9dc7589233d0',
  durationMs: 11,
  stage: 'plan',
  category: 'rate_limit',
  status: 429,
  attempt: 1,
  retryCount: 0,
  timedOut: false,
  aborted: false,
  connectionLost: false
}
swarm.chat.failure {
  requestId: '3140ac0f-3ed8-41cf-94c3-7eed3185e50f',
  durationMs: 18,
  stage: 'review',
  category: 'network',
  status: undefined,
  attempt: 3,
  retryCount: 2,
  timedOut: false,
  aborted: false,
  connectionLost: true
}
swarm.chat.failure {
  requestId: '16765f59-6399-47b6-8b63-90bb75a112f8',
  durationMs: 9,
  stage: 'chat',
  category: 'network',
  status: undefined,
  attempt: 1,
  retryCount: 0,
  timedOut: false,
  aborted: false,
  connectionLost: true
}
swarm.chat.failure {
  requestId: '4d2c3d55-5d76-4492-8490-f57a707bc4fe',
  durationMs: 10,
  stage: 'chat',
  category: 'rate_limit',
  status: 429,
  attempt: 1,
  retryCount: 0,
  timedOut: false,
  aborted: false,
  connectionLost: false
}
swarm.chat.failure {
  requestId: '56e00f20-8297-4ac2-b5d8-9f762172b859',
  durationMs: 14,
  stage: 'plan',
  category: 'server',
  status: 503,
  attempt: 1,
  retryCount: 0,
  timedOut: false,
  aborted: false,
  connectionLost: false
}
swarm.chat.failure {
  requestId: '41bcc65d-9131-4e36-b169-25f66a6e08c6',
  durationMs: 5,
  stage: 'chat',
  category: 'server',
  status: 503,
  attempt: 1,
  retryCount: 0,
  timedOut: false,
  aborted: false,
  connectionLost: false
}
swarm.chat.failure {
  requestId: '6cfd8a46-8196-4087-982d-42b3fede6a5b',
  durationMs: 11,
  stage: 'plan',
  category: 'rate_limit',
  status: 429,
  attempt: 1,
  retryCount: 0,
  timedOut: false,
  aborted: false,
  connectionLost: false
}
swarm.chat.failure {
  requestId: 'f124c774-5fc2-4db5-9466-4a68b7e3447e',
  durationMs: 24,
  stage: 'review',
  category: 'network',
  status: undefined,
  attempt: 3,
  retryCount: 2,
  timedOut: false,
  aborted: false,
  connectionLost: true
}
swarm.chat.failure {
  requestId: '21ffa7aa-a9d2-453c-b353-966ed08548f9',
  durationMs: 7,
  stage: 'chat',
  category: 'rate_limit',
  status: 429,
  attempt: 1,
  retryCount: 0,
  timedOut: false,
  aborted: false,
  connectionLost: false
}
swarm.chat.failure {
  requestId: 'd267d126-608d-4e01-b314-8d7ae6be1442',
  durationMs: 14,
  stage: 'chat',
  category: 'network',
  status: undefined,
  attempt: 1,
  retryCount: 0,
  timedOut: false,
  aborted: false,
  connectionLost: true
}
swarm.chat.failure {
  requestId: '298ffe14-a488-41ea-82a5-76add40a805a',
  durationMs: 17,
  stage: 'plan',
  category: 'server',
  status: 503,
  attempt: 1,
  retryCount: 0,
  timedOut: false,
  aborted: false,
  connectionLost: false
}
swarm.chat.failure {
  requestId: '1db1b469-f52b-4fff-b027-757f6018b25a',
  durationMs: 7,
  stage: 'chat',
  category: 'server',
  status: 503,
  attempt: 1,
  retryCount: 0,
  timedOut: false,
  aborted: false,
  connectionLost: false
}
swarm.chat.failure {
  requestId: '6b0563fa-4f56-47cc-9127-4e222acf03a7',
  durationMs: 16,
  stage: 'plan',
  category: 'rate_limit',
  status: 429,
  attempt: 1,
  retryCount: 0,
  timedOut: false,
  aborted: false,
  connectionLost: false
}
swarm.chat.failure {
  requestId: '0adf0228-1a80-4eb1-8b8d-26a79b0207ad',
  durationMs: 20,
  stage: 'review',
  category: 'network',
  status: undefined,
  attempt: 3,
  retryCount: 2,
  timedOut: false,
  aborted: false,
  connectionLost: true
}
swarm.chat.failure {
  requestId: '0a25d304-1b8e-4533-b464-50527a09db4a',
  durationMs: 10,
  stage: 'chat',
  category: 'network',
  status: undefined,
  attempt: 1,
  retryCount: 0,
  timedOut: false,
  aborted: false,
  connectionLost: true
}
swarm.chat.failure {
  requestId: 'f1f7ea56-30df-44e9-b343-512bf45e62b9',
  durationMs: 13,
  stage: 'chat',
  category: 'rate_limit',
  status: 429,
  attempt: 1,
  retryCount: 0,
  timedOut: false,
  aborted: false,
  connectionLost: false
}
swarm.chat.failure {
  requestId: '7332bb53-98da-472e-9790-58935a61a47b',
  durationMs: 16,
  stage: 'plan',
  category: 'server',
  status: 503,
  attempt: 1,
  retryCount: 0,
  timedOut: false,
  aborted: false,
  connectionLost: false
}
swarm.chat.failure {
  requestId: '2431b0b4-d46a-4da7-b519-d14d64cadff5',
  durationMs: 7,
  stage: 'chat',
  category: 'server',
  status: 503,
  attempt: 1,
  retryCount: 0,
  timedOut: false,
  aborted: false,
  connectionLost: false
}
swarm.chat.failure {
  requestId: '09c0ba52-edc0-40ed-85af-9f01989dddac',
  durationMs: 14,
  stage: 'plan',
  category: 'rate_limit',
  status: 429,
  attempt: 1,
  retryCount: 0,
  timedOut: false,
  aborted: false,
  connectionLost: false
}
swarm.chat.failure {
  requestId: '4565dbca-7c2b-4dea-a125-bb48f3831cd9',
  durationMs: 19,
  stage: 'review',
  category: 'network',
  status: undefined,
  attempt: 3,
  retryCount: 2,
  timedOut: false,
  aborted: false,
  connectionLost: true
}
swarm.chat.failure {
  requestId: '04a49abd-31f6-49b6-8663-5dd8125698a1',
  durationMs: 11,
  stage: 'chat',
  category: 'rate_limit',
  status: 429,
  attempt: 1,
  retryCount: 0,
  timedOut: false,
  aborted: false,
  connectionLost: false
}
swarm.chat.failure {
  requestId: 'f24a3031-9fc8-46b2-bc7c-97ca3d57defc',
  durationMs: 15,
  stage: 'chat',
  category: 'network',
  status: undefined,
  attempt: 1,
  retryCount: 0,
  timedOut: false,
  aborted: false,
  connectionLost: true
}
swarm.chat.failure {
  requestId: '3ca9d39d-8206-4988-8020-ac8457160265',
  durationMs: 16,
  stage: 'plan',
  category: 'server',
  status: 503,
  attempt: 1,
  retryCount: 0,
  timedOut: false,
  aborted: false,
  connectionLost: false
}
swarm.chat.failure {
  requestId: '6a2e5673-3d30-4e5e-8ab9-cd006be6b9b2',
  durationMs: 12,
  stage: 'chat',
  category: 'server',
  status: 503,
  attempt: 1,
  retryCount: 0,
  timedOut: false,
  aborted: false,
  connectionLost: false
}
swarm.chat.failure {
  requestId: 'cfa081f9-8ba4-4eab-aa44-3e962fe1b495',
  durationMs: 16,
  stage: 'plan',
  category: 'rate_limit',
  status: 429,
  attempt: 1,
  retryCount: 0,
  timedOut: false,
  aborted: false,
  connectionLost: false
}
swarm.chat.failure {
  requestId: '086a6261-2d22-4984-aac0-75aba693571c',
  durationMs: 26,
  stage: 'review',
  category: 'network',
  status: undefined,
  attempt: 3,
  retryCount: 2,
  timedOut: false,
  aborted: false,
  connectionLost: true
}
swarm.chat.failure {
  requestId: 'bfe6aec4-4561-4f9a-a166-da1b83ad1389',
  durationMs: 7,
  stage: 'plan',
  category: 'server',
  status: 503,
  attempt: 1,
  retryCount: 0,
  timedOut: false,
  aborted: false,
  connectionLost: false
}
swarm.chat.failure {
  requestId: '1a774a0e-1f94-4ffb-b0a7-565025b5daec',
  durationMs: 11,
  stage: 'chat',
  category: 'network',
  status: undefined,
  attempt: 1,
  retryCount: 0,
  timedOut: false,
  aborted: false,
  connectionLost: true
}
swarm.chat.failure {
  requestId: '48fb26bf-d4d7-405e-9d0e-64d08fdb3e7c',
  durationMs: 12,
  stage: 'chat',
  category: 'rate_limit',
  status: 429,
  attempt: 1,
  retryCount: 0,
  timedOut: false,
  aborted: false,
  connectionLost: false
}
swarm.chat.failure {
  requestId: '481add46-5408-440b-a134-63a866729208',
  durationMs: 10,
  stage: 'chat',
  category: 'server',
  status: 503,
  attempt: 1,
  retryCount: 0,
  timedOut: false,
  aborted: false,
  connectionLost: false
}
swarm.chat.failure {
  requestId: '7643c49e-6fe0-47b7-be29-351a1dc55b41',
  durationMs: 14,
  stage: 'plan',
  category: 'rate_limit',
  status: 429,
  attempt: 1,
  retryCount: 0,
  timedOut: false,
  aborted: false,
  connectionLost: false
}
swarm.chat.failure {
  requestId: '88e5a869-0b94-4fed-a850-b9b52859b603',
  durationMs: 31,
  stage: 'review',
  category: 'network',
  status: undefined,
  attempt: 3,
  retryCount: 2,
  timedOut: false,
  aborted: false,
  connectionLost: true
}
swarm.chat.failure {
  requestId: '100cad2f-4e79-4c96-96ab-267646a34834',
  durationMs: 8,
  stage: 'chat',
  category: 'rate_limit',
  status: 429,
  attempt: 1,
  retryCount: 0,
  timedOut: false,
  aborted: false,
  connectionLost: false
}
swarm.chat.failure {
  requestId: 'ae411bf8-3860-4edd-aa37-2dd0779faa94',
  durationMs: 10,
  stage: 'chat',
  category: 'network',
  status: undefined,
  attempt: 1,
  retryCount: 0,
  timedOut: false,
  aborted: false,
  connectionLost: true
}
swarm.chat.failure {
  requestId: '17fbbff3-ea26-441d-9cbf-aca1bf5b6fed',
  durationMs: 16,
  stage: 'plan',
  category: 'server',
  status: 503,
  attempt: 1,
  retryCount: 0,
  timedOut: false,
  aborted: false,
  connectionLost: false
}
swarm.chat.failure {
  requestId: 'f08f2994-76ea-48ad-941f-db7b7ba83286',
  durationMs: 26,
  stage: 'chat',
  category: 'server',
  status: 503,
  attempt: 1,
  retryCount: 0,
  timedOut: false,
  aborted: false,
  connectionLost: false
}
swarm.chat.failure {
  requestId: '7f6f589b-ba6a-4630-8894-0698b57eb80f',
  durationMs: 40,
  stage: 'plan',
  category: 'rate_limit',
  status: 429,
  attempt: 1,
  retryCount: 0,
  timedOut: false,
  aborted: false,
  connectionLost: false
}
swarm.chat.failure {
  requestId: '7be64119-5f58-4f07-b18c-013981ada904',
  durationMs: 55,
  stage: 'review',
  category: 'network',
  status: undefined,
  attempt: 3,
  retryCount: 2,
  timedOut: false,
  aborted: false,
  connectionLost: true
}
swarm.chat.failure {
  requestId: 'cb2246e8-61b1-4015-a2a3-e8d32eea5381',
  durationMs: 7,
  stage: 'chat',
  category: 'network',
  status: undefined,
  attempt: 1,
  retryCount: 0,
  timedOut: false,
  aborted: false,
  connectionLost: true
}
swarm.chat.failure {
  requestId: '88a4d51b-dfec-4af5-81fb-819e7f4e4205',
  durationMs: 9,
  stage: 'plan',
  category: 'server',
  status: 503,
  attempt: 1,
  retryCount: 0,
  timedOut: false,
  aborted: false,
  connectionLost: false
}
swarm.chat.failure {
  requestId: '7a349aa3-f3de-4aad-bbb3-18f1eb405d92',
  durationMs: 11,
  stage: 'chat',
  category: 'rate_limit',
  status: 429,
  attempt: 1,
  retryCount: 0,
  timedOut: false,
  aborted: false,
  connectionLost: false
}
swarm.chat.failure {
  requestId: '555beee0-07ec-4e36-8fd6-9009afd9246b',
  durationMs: 6,
  stage: 'chat',
  category: 'server',
  status: 503,
  attempt: 1,
  retryCount: 0,
  timedOut: false,
  aborted: false,
  connectionLost: false
}
swarm.chat.failure {
  requestId: '9da47df0-1b58-490a-9b59-fc0a9775a965',
  durationMs: 9,
  stage: 'plan',
  category: 'rate_limit',
  status: 429,
  attempt: 1,
  retryCount: 0,
  timedOut: false,
  aborted: false,
  connectionLost: false
}
swarm.chat.failure {
  requestId: 'e19a45fa-8629-4269-9365-f449ecb3772d',
  durationMs: 37,
  stage: 'review',
  category: 'network',
  status: undefined,
  attempt: 3,
  retryCount: 2,
  timedOut: false,
  aborted: false,
  connectionLost: true
}
swarm.chat.failure {
  requestId: 'c3b042db-a7e5-421d-921e-00590ebb9b1e',
  durationMs: 6,
  stage: 'chat',
  category: 'rate_limit',
  status: 429,
  attempt: 1,
  retryCount: 0,
  timedOut: false,
  aborted: false,
  connectionLost: false
}
swarm.chat.failure {
  requestId: '5db8ebf0-dbd7-46cc-84e1-e4d0f7019806',
  durationMs: 7,
  stage: 'chat',
  category: 'network',
  status: undefined,
  attempt: 1,
  retryCount: 0,
  timedOut: false,
  aborted: false,
  connectionLost: true
}
swarm.chat.failure {
  requestId: 'dcef67ac-c2c9-4507-9356-aa68b46025ae',
  durationMs: 12,
  stage: 'plan',
  category: 'server',
  status: 503,
  attempt: 1,
  retryCount: 0,
  timedOut: false,
  aborted: false,
  connectionLost: false
}
swarm.chat.failure {
  requestId: '1b2bd524-6898-4b95-ba6e-a22a2e80de2d',
  durationMs: 13,
  stage: 'chat',
  category: 'server',
  status: 503,
  attempt: 1,
  retryCount: 0,
  timedOut: false,
  aborted: false,
  connectionLost: false
}
swarm.chat.failure {
  requestId: '27b54a9b-acc6-4c3d-b05e-5cfd0b5f644f',
  durationMs: 15,
  stage: 'plan',
  category: 'rate_limit',
  status: 429,
  attempt: 1,
  retryCount: 0,
  timedOut: false,
  aborted: false,
  connectionLost: false
}
swarm.chat.failure {
  requestId: 'cf13f09e-f06d-4ec4-943f-0bd7a86922ff',
  durationMs: 20,
  stage: 'review',
  category: 'network',
  status: undefined,
  attempt: 3,
  retryCount: 2,
  timedOut: false,
  aborted: false,
  connectionLost: true
}
swarm.chat.failure {
  requestId: '71314509-d69a-4727-bc39-d096fb4d2972',
  durationMs: 6,
  stage: 'chat',
  category: 'network',
  status: undefined,
  attempt: 1,
  retryCount: 0,
  timedOut: false,
  aborted: false,
  connectionLost: true
}
swarm.chat.failure {
  requestId: 'e42aead0-2818-4b06-8941-c1d044c783af',
  durationMs: 9,
  stage: 'plan',
  category: 'server',
  status: 503,
  attempt: 1,
  retryCount: 0,
  timedOut: false,
  aborted: false,
  connectionLost: false
}
swarm.chat.failure {
  requestId: 'd4c51658-eee1-4f15-9b6c-37e3ee24a313',
  durationMs: 11,
  stage: 'chat',
  category: 'rate_limit',
  status: 429,
  attempt: 1,
  retryCount: 0,
  timedOut: false,
  aborted: false,
  connectionLost: false
}
swarm.chat.failure {
  requestId: 'b3092502-f8e2-4183-9c80-a3de0baf5e60',
  durationMs: 10,
  stage: 'plan',
  category: 'rate_limit',
  status: 429,
  attempt: 1,
  retryCount: 0,
  timedOut: false,
  aborted: false,
  connectionLost: false
}
swarm.chat.failure {
  requestId: '36d4346f-281b-4c33-bab7-6df1b1e05d64',
  durationMs: 16,
  stage: 'chat',
  category: 'server',
  status: 503,
  attempt: 1,
  retryCount: 0,
  timedOut: false,
  aborted: false,
  connectionLost: false
}
swarm.chat.failure {
  requestId: 'c7fbb62a-e53c-4ddf-85ee-ec7d1fb3eaae',
  durationMs: 24,
  stage: 'review',
  category: 'network',
  status: undefined,
  attempt: 3,
  retryCount: 2,
  timedOut: false,
  aborted: false,
  connectionLost: true
}
swarm.chat.failure {
  requestId: 'abc4cc24-7963-4272-93a3-be7cbb999ed7',
  durationMs: 9,
  stage: 'chat',
  category: 'rate_limit',
  status: 429,
  attempt: 1,
  retryCount: 0,
  timedOut: false,
  aborted: false,
  connectionLost: false
}
swarm.chat.failure {
  requestId: '31daabe8-c92b-40b4-86c8-144bd9802790',
  durationMs: 11,
  stage: 'plan',
  category: 'server',
  status: 503,
  attempt: 1,
  retryCount: 0,
  timedOut: false,
  aborted: false,
  connectionLost: false
}
swarm.chat.failure {
  requestId: '63d4e201-656e-495e-889c-44ff9101f747',
  durationMs: 15,
  stage: 'chat',
  category: 'network',
  status: undefined,
  attempt: 1,
  retryCount: 0,
  timedOut: false,
  aborted: false,
  connectionLost: true
}
swarm.chat.failure {
  requestId: '0e54e517-b526-4c40-8a1f-b662c294a564',
  durationMs: 10,
  stage: 'plan',
  category: 'rate_limit',
  status: 429,
  attempt: 1,
  retryCount: 0,
  timedOut: false,
  aborted: false,
  connectionLost: false
}
swarm.chat.failure {
  requestId: 'b7dfc83a-f9fc-47ee-9ed1-089e37df9c46',
  durationMs: 14,
  stage: 'chat',
  category: 'server',
  status: 503,
  attempt: 1,
  retryCount: 0,
  timedOut: false,
  aborted: false,
  connectionLost: false
}
swarm.chat.failure {
  requestId: 'ae9ac4e8-e723-4140-9a3b-6e530568de05',
  durationMs: 18,
  stage: 'review',
  category: 'network',
  status: undefined,
  attempt: 3,
  retryCount: 2,
  timedOut: false,
  aborted: false,
  connectionLost: true
}
swarm.chat.failure {
  requestId: '23597cf0-6513-4a60-883a-acffbcb9a0b0',
  durationMs: 7,
  stage: 'chat',
  category: 'network',
  status: undefined,
  attempt: 1,
  retryCount: 0,
  timedOut: false,
  aborted: false,
  connectionLost: true
}
swarm.chat.failure {
  requestId: '2e7fdd84-7e74-4c90-8c36-976e18f1b1eb',
  durationMs: 8,
  stage: 'chat',
  category: 'rate_limit',
  status: 429,
  attempt: 1,
  retryCount: 0,
  timedOut: false,
  aborted: false,
  connectionLost: false
}
swarm.chat.failure {
  requestId: '1190201e-d235-4544-a89d-6b98f7b36b6c',
  durationMs: 11,
  stage: 'plan',
  category: 'server',
  status: 503,
  attempt: 1,
  retryCount: 0,
  timedOut: false,
  aborted: false,
  connectionLost: false
}
swarm.chat.failure {
  requestId: '1f23f1d4-5d5f-4d6e-be07-7cc6209108c1',
  durationMs: 5,
  stage: 'chat',
  category: 'server',
  status: 503,
  attempt: 1,
  retryCount: 0,
  timedOut: false,
  aborted: false,
  connectionLost: false
}
swarm.chat.failure {
  requestId: '8917e52e-2422-4ccb-8041-3a1a2da5551e',
  durationMs: 9,
  stage: 'plan',
  category: 'rate_limit',
  status: 429,
  attempt: 1,
  retryCount: 0,
  timedOut: false,
  aborted: false,
  connectionLost: false
}
swarm.chat.failure {
  requestId: 'f40c8736-32d9-48ab-9a47-d4ae63ed826d',
  durationMs: 18,
  stage: 'review',
  category: 'network',
  status: undefined,
  attempt: 3,
  retryCount: 2,
  timedOut: false,
  aborted: false,
  connectionLost: true
}
swarm.chat.failure {
  requestId: '8e1ec7db-7622-46da-8a17-8033f2060c8c',
  durationMs: 7,
  stage: 'chat',
  category: 'rate_limit',
  status: 429,
  attempt: 1,
  retryCount: 0,
  timedOut: false,
  aborted: false,
  connectionLost: false
}
swarm.chat.failure {
  requestId: 'dbcdfc0a-1608-4242-acfc-8b5a4b595b3d',
  durationMs: 14,
  stage: 'chat',
  category: 'network',
  status: undefined,
  attempt: 1,
  retryCount: 0,
  timedOut: false,
  aborted: false,
  connectionLost: true
}
swarm.chat.failure {
  requestId: 'ff709e5c-0d8d-4779-9ba3-c864d62ab537',
  durationMs: 21,
  stage: 'plan',
  category: 'server',
  status: 503,
  attempt: 1,
  retryCount: 0,
  timedOut: false,
  aborted: false,
  connectionLost: false
}
swarm.chat.failure {
  requestId: '7e3bfa63-7c10-4e15-a29b-7c263a919b13',
  durationMs: 6,
  stage: 'chat',
  category: 'server',
  status: 503,
  attempt: 1,
  retryCount: 0,
  timedOut: false,
  aborted: false,
  connectionLost: false
}
swarm.chat.failure {
  requestId: '5d16b0f5-58ef-440d-9e66-58c49d92af9d',
  durationMs: 15,
  stage: 'plan',
  category: 'rate_limit',
  status: 429,
  attempt: 1,
  retryCount: 0,
  timedOut: false,
  aborted: false,
  connectionLost: false
}
swarm.chat.failure {
  requestId: '881fc30d-533a-49bd-80ea-9eb8d59536c5',
  durationMs: 18,
  stage: 'review',
  category: 'network',
  status: undefined,
  attempt: 3,
  retryCount: 2,
  timedOut: false,
  aborted: false,
  connectionLost: true
}
swarm.chat.failure {
  requestId: 'afef026e-cfbb-453b-9717-6d6d914dea49',
  durationMs: 6,
  stage: 'chat',
  category: 'network',
  status: undefined,
  attempt: 1,
  retryCount: 0,
  timedOut: false,
  aborted: false,
  connectionLost: true
}
swarm.chat.failure {
  requestId: '8f767eb1-e05c-4955-a25e-85b00d9f799d',
  durationMs: 7,
  stage: 'chat',
  category: 'rate_limit',
  status: 429,
  attempt: 1,
  retryCount: 0,
  timedOut: false,
  aborted: false,
  connectionLost: false
}
swarm.chat.failure {
  requestId: 'c887c838-30b2-4158-86d4-b906ce0d0c31',
  durationMs: 11,
  stage: 'plan',
  category: 'server',
  status: 503,
  attempt: 1,
  retryCount: 0,
  timedOut: false,
  aborted: false,
  connectionLost: false
}
swarm.chat.failure {
  requestId: '338511c0-dd68-4a3a-a528-bcb675d858b6',
  durationMs: 6,
  stage: 'chat',
  category: 'server',
  status: 503,
  attempt: 1,
  retryCount: 0,
  timedOut: false,
  aborted: false,
  connectionLost: false
}
swarm.chat.failure {
  requestId: '4667eac3-d0ca-47a4-b267-a54829fd7223',
  durationMs: 10,
  stage: 'plan',
  category: 'rate_limit',
  status: 429,
  attempt: 1,
  retryCount: 0,
  timedOut: false,
  aborted: false,
  connectionLost: false
}
swarm.chat.failure {
  requestId: '396591b3-5ef9-4611-b793-53fe0dcb3e32',
  durationMs: 26,
  stage: 'review',
  category: 'network',
  status: undefined,
  attempt: 3,
  retryCount: 2,
  timedOut: false,
  aborted: false,
  connectionLost: true
}
swarm.chat.failure {
  requestId: 'cc8d564b-8621-4739-82c2-49aafeb09968',
  durationMs: 6,
  stage: 'chat',
  category: 'rate_limit',
  status: 429,
  attempt: 1,
  retryCount: 0,
  timedOut: false,
  aborted: false,
  connectionLost: false
}
swarm.chat.failure {
  requestId: '2b88afe4-7f93-4f38-bdfe-130d0b86e9f4',
  durationMs: 10,
  stage: 'chat',
  category: 'network',
  status: undefined,
  attempt: 1,
  retryCount: 0,
  timedOut: false,
  aborted: false,
  connectionLost: true
}
swarm.chat.failure {
  requestId: '8938a0f0-5c34-499a-93fe-9ef1e6e1358e',
  durationMs: 15,
  stage: 'plan',
  category: 'server',
  status: 503,
  attempt: 1,
  retryCount: 0,
  timedOut: false,
  aborted: false,
  connectionLost: false
}
swarm.chat.failure {
  requestId: '48fec247-443e-473d-99ef-647776d673d8',
  durationMs: 7,
  stage: 'chat',
  category: 'server',
  status: 503,
  attempt: 1,
  retryCount: 0,
  timedOut: false,
  aborted: false,
  connectionLost: false
}
swarm.chat.failure {
  requestId: '0ed0039e-4bb3-4720-ac54-c751f682a8f2',
  durationMs: 14,
  stage: 'plan',
  category: 'rate_limit',
  status: 429,
  attempt: 1,
  retryCount: 0,
  timedOut: false,
  aborted: false,
  connectionLost: false
}
swarm.chat.failure {
  requestId: '6ba8fad9-2812-451b-957a-a2f7d4f8d24f',
  durationMs: 21,
  stage: 'review',
  category: 'network',
  status: undefined,
  attempt: 3,
  retryCount: 2,
  timedOut: false,
  aborted: false,
  connectionLost: true
}
swarm.chat.failure {
  requestId: '2e42be40-7664-4c5a-8610-7bc6a704aaed',
  durationMs: 6,
  stage: 'plan',
  category: 'server',
  status: 503,
  attempt: 1,
  retryCount: 0,
  timedOut: false,
  aborted: false,
  connectionLost: false
}
swarm.chat.failure {
  requestId: '3613aaf5-036c-4982-a157-79cbc929f5c4',
  durationMs: 9,
  stage: 'chat',
  category: 'network',
  status: undefined,
  attempt: 1,
  retryCount: 0,
  timedOut: false,
  aborted: false,
  connectionLost: true
}
swarm.chat.failure {
  requestId: 'e61cd751-d0f3-4356-acc5-57ef60249e9e',
  durationMs: 13,
  stage: 'chat',
  category: 'rate_limit',
  status: 429,
  attempt: 1,
  retryCount: 0,
  timedOut: false,
  aborted: false,
  connectionLost: false
}
swarm.chat.failure {
  requestId: 'bc4d1698-2c82-48d2-b4c7-bf248ad5ae0b',
  durationMs: 5,
  stage: 'chat',
  category: 'server',
  status: 503,
  attempt: 1,
  retryCount: 0,
  timedOut: false,
  aborted: false,
  connectionLost: false
}
swarm.chat.failure {
  requestId: 'f484cce6-339d-4b6e-b6e8-1f0d2fb5a554',
  durationMs: 9,
  stage: 'plan',
  category: 'rate_limit',
  status: 429,
  attempt: 1,
  retryCount: 0,
  timedOut: false,
  aborted: false,
  connectionLost: false
}
swarm.chat.failure {
  requestId: '005b6a69-4374-405c-904b-7bb50ec10b50',
  durationMs: 27,
  stage: 'review',
  category: 'network',
  status: undefined,
  attempt: 3,
  retryCount: 2,
  timedOut: false,
  aborted: false,
  connectionLost: true
}
swarm.chat.failure {
  requestId: '477c7d94-db28-4e9a-8753-fd9d2171390e',
  durationMs: 6,
  stage: 'chat',
  category: 'rate_limit',
  status: 429,
  attempt: 1,
  retryCount: 0,
  timedOut: false,
  aborted: false,
  connectionLost: false
}
swarm.chat.failure {
  requestId: '6879073d-e3fd-4b4e-83da-678000229a6d',
  durationMs: 10,
  stage: 'chat',
  category: 'network',
  status: undefined,
  attempt: 1,
  retryCount: 0,
  timedOut: false,
  aborted: false,
  connectionLost: true
}
swarm.chat.failure {
  requestId: 'e3b8d63a-13cc-48c9-8745-44fe9b82ab12',
  durationMs: 16,
  stage: 'plan',
  category: 'server',
  status: 503,
  attempt: 1,
  retryCount: 0,
  timedOut: false,
  aborted: false,
  connectionLost: false
}
swarm.chat.failure {
  requestId: 'a21d4ebb-5782-4a33-aced-951c60a287d6',
  durationMs: 8,
  stage: 'chat',
  category: 'server',
  status: 503,
  attempt: 1,
  retryCount: 0,
  timedOut: false,
  aborted: false,
  connectionLost: false
}
swarm.chat.failure {
  requestId: '5201461f-8a0e-41f0-9c0a-89d55ded852f',
  durationMs: 15,
  stage: 'plan',
  category: 'rate_limit',
  status: 429,
  attempt: 1,
  retryCount: 0,
  timedOut: false,
  aborted: false,
  connectionLost: false
}
swarm.chat.failure {
  requestId: '9d034dd1-2404-48c2-80ff-9084e20e8770',
  durationMs: 20,
  stage: 'review',
  category: 'network',
  status: undefined,
  attempt: 3,
  retryCount: 2,
  timedOut: false,
  aborted: false,
  connectionLost: true
}
swarm.chat.failure {
  requestId: '61d6e226-2ec3-4077-aab8-ba4749f530ec',
  durationMs: 6,
  stage: 'plan',
  category: 'server',
  status: 503,
  attempt: 1,
  retryCount: 0,
  timedOut: false,
  aborted: false,
  connectionLost: false
}
swarm.chat.failure {
  requestId: 'a67df4ef-9ed8-4a5b-943c-83d8334f5ede',
  durationMs: 10,
  stage: 'chat',
  category: 'network',
  status: undefined,
  attempt: 1,
  retryCount: 0,
  timedOut: false,
  aborted: false,
  connectionLost: true
}
swarm.chat.failure {
  requestId: 'cd1dcd0c-5393-46a6-884a-8b379d3adbd8',
  durationMs: 12,
  stage: 'chat',
  category: 'rate_limit',
  status: 429,
  attempt: 1,
  retryCount: 0,
  timedOut: false,
  aborted: false,
  connectionLost: false
}
swarm.chat.failure {
  requestId: 'a53fe1c1-b1f1-43d8-902a-1cda328dd116',
  durationMs: 6,
  stage: 'chat',
  category: 'server',
  status: 503,
  attempt: 1,
  retryCount: 0,
  timedOut: false,
  aborted: false,
  connectionLost: false
}
swarm.chat.failure {
  requestId: 'acc3445a-2ef3-4c7c-a024-fbddf680b89e',
  durationMs: 8,
  stage: 'plan',
  category: 'rate_limit',
  status: 429,
  attempt: 1,
  retryCount: 0,
  timedOut: false,
  aborted: false,
  connectionLost: false
}
swarm.chat.failure {
  requestId: 'ec7c64da-d156-4991-8e73-57fd5cafd731',
  durationMs: 26,
  stage: 'review',
  category: 'network',
  status: undefined,
  attempt: 3,
  retryCount: 2,
  timedOut: false,
  aborted: false,
  connectionLost: true
}
swarm.chat.failure {
  requestId: '5179d851-7c34-4331-b0c1-5514f7f8efc1',
  durationMs: 6,
  stage: 'chat',
  category: 'rate_limit',
  status: 429,
  attempt: 1,
  retryCount: 0,
  timedOut: false,
  aborted: false,
  connectionLost: false
}
swarm.chat.failure {
  requestId: '36a7e16b-0c0c-40d9-a828-b2478654e85b',
  durationMs: 10,
  stage: 'chat',
  category: 'network',
  status: undefined,
  attempt: 1,
  retryCount: 0,
  timedOut: false,
  aborted: false,
  connectionLost: true
}
swarm.chat.failure {
  requestId: '3a10a9c2-161a-4056-b578-32e2748daa07',
  durationMs: 15,
  stage: 'plan',
  category: 'server',
  status: 503,
  attempt: 1,
  retryCount: 0,
  timedOut: false,
  aborted: false,
  connectionLost: false
}
swarm.chat.failure {
  requestId: '522351ff-b49d-4a6b-8366-b03f2280ad0e',
  durationMs: 11,
  stage: 'chat',
  category: 'server',
  status: 503,
  attempt: 1,
  retryCount: 0,
  timedOut: false,
  aborted: false,
  connectionLost: false
}
swarm.chat.failure {
  requestId: '3484403c-6039-4ccb-84bf-aa493ab2b507',
  durationMs: 13,
  stage: 'plan',
  category: 'rate_limit',
  status: 429,
  attempt: 1,
  retryCount: 0,
  timedOut: false,
  aborted: false,
  connectionLost: false
}
swarm.chat.failure {
  requestId: 'da502b77-8abb-471d-8b47-ff0ee78e7e14',
  durationMs: 19,
  stage: 'review',
  category: 'network',
  status: undefined,
  attempt: 3,
  retryCount: 2,
  timedOut: false,
  aborted: false,
  connectionLost: true
}
swarm.chat.failure {
  requestId: 'b973d397-0d06-4d36-9bb0-56e5e8cc5e20',
  durationMs: 10,
  stage: 'chat',
  category: 'network',
  status: undefined,
  attempt: 1,
  retryCount: 0,
  timedOut: false,
  aborted: false,
  connectionLost: true
}
swarm.chat.failure {
  requestId: 'd176f7b7-b1cc-48c0-9ab8-e555a14f2004',
  durationMs: 17,
  stage: 'plan',
  category: 'server',
  status: 503,
  attempt: 1,
  retryCount: 0,
  timedOut: false,
  aborted: false,
  connectionLost: false
}
swarm.chat.failure {
  requestId: '21e58c36-c7ef-4a3a-97d1-dd41f6c64fac',
  durationMs: 21,
  stage: 'chat',
  category: 'rate_limit',
  status: 429,
  attempt: 1,
  retryCount: 0,
  timedOut: false,
  aborted: false,
  connectionLost: false
}
swarm.chat.failure {
  requestId: '362fc013-acd5-46cc-8604-34f3fe493b63',
  durationMs: 7,
  stage: 'chat',
  category: 'server',
  status: 503,
  attempt: 1,
  retryCount: 0,
  timedOut: false,
  aborted: false,
  connectionLost: false
}
swarm.chat.failure {
  requestId: '0bc40826-0fbd-448e-8836-fffdde39104a',
  durationMs: 11,
  stage: 'plan',
  category: 'rate_limit',
  status: 429,
  attempt: 1,
  retryCount: 0,
  timedOut: false,
  aborted: false,
  connectionLost: false
}
swarm.chat.failure {
  requestId: '1cfc8ac9-8792-4222-aab2-0e23fe075ad5',
  durationMs: 23,
  stage: 'review',
  category: 'network',
  status: undefined,
  attempt: 3,
  retryCount: 2,
  timedOut: false,
  aborted: false,
  connectionLost: true
}
swarm.chat.failure {
  requestId: '26220ee6-4f82-466c-abe9-ca910dc11c66',
  durationMs: 7,
  stage: 'chat',
  category: 'rate_limit',
  status: 429,
  attempt: 1,
  retryCount: 0,
  timedOut: false,
  aborted: false,
  connectionLost: false
}
swarm.chat.failure {
  requestId: 'd7630260-e0a9-4716-8eef-6de8017035cc',
  durationMs: 11,
  stage: 'chat',
  category: 'network',
  status: undefined,
  attempt: 1,
  retryCount: 0,
  timedOut: false,
  aborted: false,
  connectionLost: true
}
swarm.chat.failure {
  requestId: 'a3d4f6d6-2a7a-4411-969e-31383f73183d',
  durationMs: 14,
  stage: 'plan',
  category: 'server',
  status: 503,
  attempt: 1,
  retryCount: 0,
  timedOut: false,
  aborted: false,
  connectionLost: false
}
swarm.chat.failure {
  requestId: '87a769ee-9c70-4d2f-a17e-d7e558596ce9',
  durationMs: 9,
  stage: 'chat',
  category: 'server',
  status: 503,
  attempt: 1,
  retryCount: 0,
  timedOut: false,
  aborted: false,
  connectionLost: false
}
swarm.chat.failure {
  requestId: '9d921312-2b08-4101-87a3-c5d221b7e87a',
  durationMs: 11,
  stage: 'plan',
  category: 'rate_limit',
  status: 429,
  attempt: 1,
  retryCount: 0,
  timedOut: false,
  aborted: false,
  connectionLost: false
}
swarm.chat.failure {
  requestId: '242c07b8-9b35-4209-bc16-c3a9b4b03b32',
  durationMs: 18,
  stage: 'review',
  category: 'network',
  status: undefined,
  attempt: 3,
  retryCount: 2,
  timedOut: false,
  aborted: false,
  connectionLost: true
}
swarm.chat.failure {
  requestId: 'af275ab2-ea46-4318-b195-cdb95e14c939',
  durationMs: 15,
  stage: 'chat',
  category: 'network',
  status: undefined,
  attempt: 1,
  retryCount: 0,
  timedOut: false,
  aborted: false,
  connectionLost: true
}
swarm.chat.failure {
  requestId: '4ac0c94d-82e8-4b4d-bc2d-880a2d5ee663',
  durationMs: 21,
  stage: 'plan',
  category: 'server',
  status: 503,
  attempt: 1,
  retryCount: 0,
  timedOut: false,
  aborted: false,
  connectionLost: false
}
swarm.chat.failure {
  requestId: 'f54fb820-0f36-466e-8b20-41d8fa9b1b89',
  durationMs: 23,
  stage: 'chat',
  category: 'rate_limit',
  status: 429,
  attempt: 1,
  retryCount: 0,
  timedOut: false,
  aborted: false,
  connectionLost: false
}
swarm.chat.failure {
  requestId: 'edca3553-ea4f-4464-ae76-db1a2b1787d1',
  durationMs: 5,
  stage: 'chat',
  category: 'server',
  status: 503,
  attempt: 1,
  retryCount: 0,
  timedOut: false,
  aborted: false,
  connectionLost: false
}
swarm.chat.failure {
  requestId: '93f8fc90-d2d6-4a09-b632-244bb51c599f',
  durationMs: 8,
  stage: 'plan',
  category: 'rate_limit',
  status: 429,
  attempt: 1,
  retryCount: 0,
  timedOut: false,
  aborted: false,
  connectionLost: false
}
swarm.chat.failure {
  requestId: '3f62a515-cbb3-4ef6-983e-da7085e4d876',
  durationMs: 22,
  stage: 'review',
  category: 'network',
  status: undefined,
  attempt: 3,
  retryCount: 2,
  timedOut: false,
  aborted: false,
  connectionLost: true
}
swarm.chat.failure {
  requestId: '2dbe34e2-e363-4834-8b41-81faf283fa28',
  durationMs: 8,
  stage: 'chat',
  category: 'rate_limit',
  status: 429,
  attempt: 1,
  retryCount: 0,
  timedOut: false,
  aborted: false,
  connectionLost: false
}
swarm.chat.failure {
  requestId: 'ad27aba4-b3ff-4ccd-9b5f-b571c1b76a0c',
  durationMs: 11,
  stage: 'chat',
  category: 'network',
  status: undefined,
  attempt: 1,
  retryCount: 0,
  timedOut: false,
  aborted: false,
  connectionLost: true
}
swarm.chat.failure {
  requestId: 'c02d5def-0a83-45cf-ad77-fb2e99f1d33c',
  durationMs: 14,
  stage: 'plan',
  category: 'server',
  status: 503,
  attempt: 1,
  retryCount: 0,
  timedOut: false,
  aborted: false,
  connectionLost: false
}
swarm.chat.failure {
  requestId: 'ad407ef3-15a7-47df-94b6-380927880532',
  durationMs: 11,
  stage: 'chat',
  category: 'server',
  status: 503,
  attempt: 1,
  retryCount: 0,
  timedOut: false,
  aborted: false,
  connectionLost: false
}
swarm.chat.failure {
  requestId: 'a1db4155-2176-4b20-90e3-091a94451c39',
  durationMs: 14,
  stage: 'plan',
  category: 'rate_limit',
  status: 429,
  attempt: 1,
  retryCount: 0,
  timedOut: false,
  aborted: false,
  connectionLost: false
}
swarm.chat.failure {
  requestId: '2cd09823-3416-4b8d-8d54-a2ca6d387de3',
  durationMs: 21,
  stage: 'review',
  category: 'network',
  status: undefined,
  attempt: 3,
  retryCount: 2,
  timedOut: false,
  aborted: false,
  connectionLost: true
}
swarm.chat.failure {
  requestId: 'f75e51d8-e67f-4152-821b-f59cd3ecf3a4',
  durationMs: 11,
  stage: 'chat',
  category: 'network',
  status: undefined,
  attempt: 1,
  retryCount: 0,
  timedOut: false,
  aborted: false,
  connectionLost: true
}
swarm.chat.failure {
  requestId: '6632aa62-3cef-4d69-8b80-058d9dea548a',
  durationMs: 14,
  stage: 'plan',
  category: 'server',
  status: 503,
  attempt: 1,
  retryCount: 0,
  timedOut: false,
  aborted: false,
  connectionLost: false
}
swarm.chat.failure {
  requestId: '2a20e9ca-e28c-472e-b293-af44b3902261',
  durationMs: 17,
  stage: 'chat',
  category: 'rate_limit',
  status: 429,
  attempt: 1,
  retryCount: 0,
  timedOut: false,
  aborted: false,
  connectionLost: false
}
swarm.chat.failure {
  requestId: '3b6b723e-e09c-40a3-9618-14b51afe82ca',
  durationMs: 6,
  stage: 'chat',
  category: 'server',
  status: 503,
  attempt: 1,
  retryCount: 0,
  timedOut: false,
  aborted: false,
  connectionLost: false
}
swarm.chat.failure {
  requestId: 'f97b1e4c-ccba-4a5a-965c-35150742b62f',
  durationMs: 9,
  stage: 'plan',
  category: 'rate_limit',
  status: 429,
  attempt: 1,
  retryCount: 0,
  timedOut: false,
  aborted: false,
  connectionLost: false
}
swarm.chat.failure {
  requestId: '0bb86590-2fe5-4ba8-9a34-6dd4709a31b9',
  durationMs: 20,
  stage: 'review',
  category: 'network',
  status: undefined,
  attempt: 3,
  retryCount: 2,
  timedOut: false,
  aborted: false,
  connectionLost: true
}
swarm.chat.failure {
  requestId: '94d2e36f-eaaf-4c8a-9177-bc329f58e863',
  durationMs: 5,
  stage: 'chat',
  category: 'rate_limit',
  status: 429,
  attempt: 1,
  retryCount: 0,
  timedOut: false,
  aborted: false,
  connectionLost: false
}
swarm.chat.failure {
  requestId: '8e4cc780-ae30-459d-8b0c-693509eae4d1',
  durationMs: 11,
  stage: 'chat',
  category: 'network',
  status: undefined,
  attempt: 1,
  retryCount: 0,
  timedOut: false,
  aborted: false,
  connectionLost: true
}
swarm.chat.failure {
  requestId: '4e51a100-76c4-4f3b-be42-c19026fbae34',
  durationMs: 14,
  stage: 'plan',
  category: 'server',
  status: 503,
  attempt: 1,
  retryCount: 0,
  timedOut: false,
  aborted: false,
  connectionLost: false
}
swarm.chat.failure {
  requestId: '629bb9f1-59a5-420e-825e-f6e460a0d10c',
  durationMs: 7,
  stage: 'chat',
  category: 'server',
  status: 503,
  attempt: 1,
  retryCount: 0,
  timedOut: false,
  aborted: false,
  connectionLost: false
}
swarm.chat.failure {
  requestId: 'd18e68c9-26b3-4b8a-9a1c-ec8c45114d08',
  durationMs: 18,
  stage: 'plan',
  category: 'rate_limit',
  status: 429,
  attempt: 1,
  retryCount: 0,
  timedOut: false,
  aborted: false,
  connectionLost: false
}
swarm.chat.failure {
  requestId: 'ee95a1fc-5232-46e3-9703-5370e9054784',
  durationMs: 28,
  stage: 'review',
  category: 'network',
  status: undefined,
  attempt: 3,
  retryCount: 2,
  timedOut: false,
  aborted: false,
  connectionLost: true
}
swarm.chat.failure {
  requestId: '934fb3f5-79f6-44a3-95de-740e28f0f62a',
  durationMs: 6,
  stage: 'chat',
  category: 'network',
  status: undefined,
  attempt: 1,
  retryCount: 0,
  timedOut: false,
  aborted: false,
  connectionLost: true
}
swarm.chat.failure {
  requestId: '079b4e4d-3df6-4dda-b2a0-5cc3a4e7d0ab',
  durationMs: 9,
  stage: 'chat',
  category: 'rate_limit',
  status: 429,
  attempt: 1,
  retryCount: 0,
  timedOut: false,
  aborted: false,
  connectionLost: false
}
swarm.chat.failure {
  requestId: '7f56d189-7497-4901-a375-8f8fac9ffbfb',
  durationMs: 16,
  stage: 'plan',
  category: 'server',
  status: 503,
  attempt: 1,
  retryCount: 0,
  timedOut: false,
  aborted: false,
  connectionLost: false
}
swarm.chat.failure {
  requestId: '4b8abaef-35f9-46c8-afb8-d3807fb551c6',
  durationMs: 6,
  stage: 'chat',
  category: 'server',
  status: 503,
  attempt: 1,
  retryCount: 0,
  timedOut: false,
  aborted: false,
  connectionLost: false
}
swarm.chat.failure {
  requestId: '924abb38-5361-4ae9-9981-a4af8554ca96',
  durationMs: 13,
  stage: 'plan',
  category: 'rate_limit',
  status: 429,
  attempt: 1,
  retryCount: 0,
  timedOut: false,
  aborted: false,
  connectionLost: false
}
swarm.chat.failure {
  requestId: '5e122f82-39a2-46b3-a284-cac7fcf42727',
  durationMs: 19,
  stage: 'review',
  category: 'network',
  status: undefined,
  attempt: 3,
  retryCount: 2,
  timedOut: false,
  aborted: false,
  connectionLost: true
}
swarm.chat.failure {
  requestId: '12b5a66b-722f-407f-8564-043c031166bc',
  durationMs: 5,
  stage: 'chat',
  category: 'rate_limit',
  status: 429,
  attempt: 1,
  retryCount: 0,
  timedOut: false,
  aborted: false,
  connectionLost: false
}
swarm.chat.failure {
  requestId: '97905582-910f-4fbc-87e8-b744a58c5926',
  durationMs: 12,
  stage: 'chat',
  category: 'network',
  status: undefined,
  attempt: 1,
  retryCount: 0,
  timedOut: false,
  aborted: false,
  connectionLost: true
}
swarm.chat.failure {
  requestId: '0b152092-1823-47d9-8b26-b5416a504df7',
  durationMs: 15,
  stage: 'plan',
  category: 'server',
  status: 503,
  attempt: 1,
  retryCount: 0,
  timedOut: false,
  aborted: false,
  connectionLost: false
}
swarm.chat.failure {
  requestId: 'bd70db5d-da05-4499-957c-767153d6abaf',
  durationMs: 6,
  stage: 'chat',
  category: 'server',
  status: 503,
  attempt: 1,
  retryCount: 0,
  timedOut: false,
  aborted: false,
  connectionLost: false
}
swarm.chat.failure {
  requestId: '688a3bee-e04b-40fe-970f-61fab5bb1f45',
  durationMs: 11,
  stage: 'plan',
  category: 'rate_limit',
  status: 429,
  attempt: 1,
  retryCount: 0,
  timedOut: false,
  aborted: false,
  connectionLost: false
}
swarm.chat.failure {
  requestId: 'a826593d-3743-49e5-a373-7e89b9032c2b',
  durationMs: 24,
  stage: 'review',
  category: 'network',
  status: undefined,
  attempt: 3,
  retryCount: 2,
  timedOut: false,
  aborted: false,
  connectionLost: true
}
swarm.chat.failure {
  requestId: '9e4058c8-9b2c-4935-b6b7-82fa5f98f945',
  durationMs: 7,
  stage: 'plan',
  category: 'server',
  status: 503,
  attempt: 1,
  retryCount: 0,
  timedOut: false,
  aborted: false,
  connectionLost: false
}
swarm.chat.failure {
  requestId: '7cfd9608-496d-416e-9dfc-bd9056c60534',
  durationMs: 9,
  stage: 'chat',
  category: 'rate_limit',
  status: 429,
  attempt: 1,
  retryCount: 0,
  timedOut: false,
  aborted: false,
  connectionLost: false
}
swarm.chat.failure {
  requestId: '64a6e389-9db4-4426-abdb-d7008944021d',
  durationMs: 12,
  stage: 'chat',
  category: 'network',
  status: undefined,
  attempt: 1,
  retryCount: 0,
  timedOut: false,
  aborted: false,
  connectionLost: true
}
swarm.chat.failure {
  requestId: '644921be-f5bb-40f5-aa34-61235a237890',
  durationMs: 6,
  stage: 'plan',
  category: 'rate_limit',
  status: 429,
  attempt: 1,
  retryCount: 0,
  timedOut: false,
  aborted: false,
  connectionLost: false
}
swarm.chat.failure {
  requestId: 'fb894b82-8ec4-4b0c-86db-07c9746fd686',
  durationMs: 15,
  stage: 'chat',
  category: 'server',
  status: 503,
  attempt: 1,
  retryCount: 0,
  timedOut: false,
  aborted: false,
  connectionLost: false
}
swarm.chat.failure {
  requestId: 'da394245-2fdb-430d-90ba-cb8ece15a906',
  durationMs: 23,
  stage: 'review',
  category: 'network',
  status: undefined,
  attempt: 3,
  retryCount: 2,
  timedOut: false,
  aborted: false,
  connectionLost: true
}
swarm.chat.failure {
  requestId: '4a978ce2-c40c-4702-948a-2b2f7cbb7750',
  durationMs: 7,
  stage: 'plan',
  category: 'server',
  status: 503,
  attempt: 1,
  retryCount: 0,
  timedOut: false,
  aborted: false,
  connectionLost: false
}
swarm.chat.failure {
  requestId: '91a18579-0c46-4dfc-b239-0c98b09b9853',
  durationMs: 10,
  stage: 'chat',
  category: 'rate_limit',
  status: 429,
  attempt: 1,
  retryCount: 0,
  timedOut: false,
  aborted: false,
  connectionLost: false
}
swarm.chat.failure {
  requestId: '8e59d908-1c0f-402c-a41b-520c948feb05',
  durationMs: 12,
  stage: 'chat',
  category: 'network',
  status: undefined,
  attempt: 1,
  retryCount: 0,
  timedOut: false,
  aborted: false,
  connectionLost: true
}
swarm.chat.failure {
  requestId: 'd43c0986-64ae-4824-9cba-053972bc2c29',
  durationMs: 8,
  stage: 'plan',
  category: 'rate_limit',
  status: 429,
  attempt: 1,
  retryCount: 0,
  timedOut: false,
  aborted: false,
  connectionLost: false
}
swarm.chat.failure {
  requestId: '09981156-5180-4465-b8db-126d989f629d',
  durationMs: 13,
  stage: 'chat',
  category: 'server',
  status: 503,
  attempt: 1,
  retryCount: 0,
  timedOut: false,
  aborted: false,
  connectionLost: false
}
swarm.chat.failure {
  requestId: '422b398b-d643-45ff-99aa-e0338ba838dc',
  durationMs: 21,
  stage: 'review',
  category: 'network',
  status: undefined,
  attempt: 3,
  retryCount: 2,
  timedOut: false,
  aborted: false,
  connectionLost: true
}
swarm.chat.failure {
  requestId: 'f5711294-a0e2-4185-9d78-3fb0f4574286',
  durationMs: 7,
  stage: 'chat',
  category: 'network',
  status: undefined,
  attempt: 1,
  retryCount: 0,
  timedOut: false,
  aborted: false,
  connectionLost: true
}
swarm.chat.failure {
  requestId: '367fccaa-b97e-47fb-8068-a9bfca0e1b51',
  durationMs: 8,
  stage: 'chat',
  category: 'rate_limit',
  status: 429,
  attempt: 1,
  retryCount: 0,
  timedOut: false,
  aborted: false,
  connectionLost: false
}
swarm.chat.failure {
  requestId: '7ab87dcc-7553-4faf-b847-619dec8d5f95',
  durationMs: 12,
  stage: 'plan',
  category: 'server',
  status: 503,
  attempt: 1,
  retryCount: 0,
  timedOut: false,
  aborted: false,
  connectionLost: false
}
swarm.chat.failure {
  requestId: '2f653349-3318-4b5d-a5fd-462e648339e5',
  durationMs: 7,
  stage: 'chat',
  category: 'server',
  status: 503,
  attempt: 1,
  retryCount: 0,
  timedOut: false,
  aborted: false,
  connectionLost: false
}
swarm.chat.failure {
  requestId: '15c6da83-8da0-4c8a-91dc-289127f0486e',
  durationMs: 11,
  stage: 'plan',
  category: 'rate_limit',
  status: 429,
  attempt: 1,
  retryCount: 0,
  timedOut: false,
  aborted: false,
  connectionLost: false
}
swarm.chat.failure {
  requestId: '975a1781-70c9-4cda-a4d8-b6fd7bb1534b',
  durationMs: 24,
  stage: 'review',
  category: 'network',
  status: undefined,
  attempt: 3,
  retryCount: 2,
  timedOut: false,
  aborted: false,
  connectionLost: true
}
swarm.chat.failure {
  requestId: '483b55b5-d5f4-4e31-a610-a5b8a7e2c36c',
  durationMs: 11,
  stage: 'chat',
  category: 'rate_limit',
  status: 429,
  attempt: 1,
  retryCount: 0,
  timedOut: false,
  aborted: false,
  connectionLost: false
}
swarm.chat.failure {
  requestId: 'bc2f1c04-d7f4-46e4-a788-b9c54a683226',
  durationMs: 14,
  stage: 'chat',
  category: 'network',
  status: undefined,
  attempt: 1,
  retryCount: 0,
  timedOut: false,
  aborted: false,
  connectionLost: true
}
swarm.chat.failure {
  requestId: 'c3009a8b-b825-4c56-9dec-2ed8f56ae29a',
  durationMs: 18,
  stage: 'plan',
  category: 'server',
  status: 503,
  attempt: 1,
  retryCount: 0,
  timedOut: false,
  aborted: false,
  connectionLost: false
}
swarm.chat.failure {
  requestId: '03dc4b9d-50c2-48bd-82f3-0bc44908188c',
  durationMs: 13,
  stage: 'chat',
  category: 'server',
  status: 503,
  attempt: 1,
  retryCount: 0,
  timedOut: false,
  aborted: false,
  connectionLost: false
}
swarm.chat.failure {
  requestId: 'd2613704-6c11-4447-805d-c966601289a4',
  durationMs: 16,
  stage: 'plan',
  category: 'rate_limit',
  status: 429,
  attempt: 1,
  retryCount: 0,
  timedOut: false,
  aborted: false,
  connectionLost: false
}
swarm.chat.failure {
  requestId: '57d457af-b64a-4684-8c4a-012d382ad8b7',
  durationMs: 27,
  stage: 'review',
  category: 'network',
  status: undefined,
  attempt: 3,
  retryCount: 2,
  timedOut: false,
  aborted: false,
  connectionLost: true
}
swarm.chat.failure {
  requestId: '1a5c0f73-60e6-4787-b84e-0c6bac5be2b4',
  durationMs: 6,
  stage: 'plan',
  category: 'server',
  status: 503,
  attempt: 1,
  retryCount: 0,
  timedOut: false,
  aborted: false,
  connectionLost: false
}
swarm.chat.failure {
  requestId: '160a3c49-0bce-4225-9c7e-e8e5b50db51b',
  durationMs: 10,
  stage: 'chat',
  category: 'network',
  status: undefined,
  attempt: 1,
  retryCount: 0,
  timedOut: false,
  aborted: false,
  connectionLost: true
}
swarm.chat.failure {
  requestId: '94a061a9-4f5f-4605-879c-843e84a3f2e4',
  durationMs: 12,
  stage: 'chat',
  category: 'rate_limit',
  status: 429,
  attempt: 1,
  retryCount: 0,
  timedOut: false,
  aborted: false,
  connectionLost: false
}
swarm.chat.failure {
  requestId: 'de5b1439-148f-4bd6-b786-357e17b352fa',
  durationMs: 6,
  stage: 'chat',
  category: 'server',
  status: 503,
  attempt: 1,
  retryCount: 0,
  timedOut: false,
  aborted: false,
  connectionLost: false
}
swarm.chat.failure {
  requestId: '7c35ef00-d614-429b-8b33-2e32f2842b82',
  durationMs: 9,
  stage: 'plan',
  category: 'rate_limit',
  status: 429,
  attempt: 1,
  retryCount: 0,
  timedOut: false,
  aborted: false,
  connectionLost: false
}
swarm.chat.failure {
  requestId: '904fd454-69e2-46f7-b543-b5d7b12f6809',
  durationMs: 24,
  stage: 'review',
  category: 'network',
  status: undefined,
  attempt: 3,
  retryCount: 2,
  timedOut: false,
  aborted: false,
  connectionLost: true
}
swarm.chat.failure {
  requestId: '7f913dad-bc0b-4d17-b142-0db8564ce54d',
  durationMs: 7,
  stage: 'chat',
  category: 'rate_limit',
  status: 429,
  attempt: 1,
  retryCount: 0,
  timedOut: false,
  aborted: false,
  connectionLost: false
}
swarm.chat.failure {
  requestId: '913d1024-e09f-4943-987a-90a96ed54428',
  durationMs: 9,
  stage: 'chat',
  category: 'network',
  status: undefined,
  attempt: 1,
  retryCount: 0,
  timedOut: false,
  aborted: false,
  connectionLost: true
}
swarm.chat.failure {
  requestId: 'bfa850e1-3588-4bee-b5c9-8db538721408',
  durationMs: 17,
  stage: 'plan',
  category: 'server',
  status: 503,
  attempt: 1,
  retryCount: 0,
  timedOut: false,
  aborted: false,
  connectionLost: false
}
swarm.chat.failure {
  requestId: 'aa8c3f2d-27bb-40af-a0e9-d977c167efa3',
  durationMs: 11,
  stage: 'chat',
  category: 'server',
  status: 503,
  attempt: 1,
  retryCount: 0,
  timedOut: false,
  aborted: false,
  connectionLost: false
}
swarm.chat.failure {
  requestId: '0afa1ef6-6db5-4616-a280-8468fe55b845',
  durationMs: 13,
  stage: 'plan',
  category: 'rate_limit',
  status: 429,
  attempt: 1,
  retryCount: 0,
  timedOut: false,
  aborted: false,
  connectionLost: false
}
swarm.chat.failure {
  requestId: '46fb140e-d863-4e7d-85d7-db4568e47fc0',
  durationMs: 16,
  stage: 'review',
  category: 'network',
  status: undefined,
  attempt: 3,
  retryCount: 2,
  timedOut: false,
  aborted: false,
  connectionLost: true
}
swarm.chat.failure {
  requestId: 'd7d720f8-eace-4758-b0ce-4e0a16dea84f',
  durationMs: 9,
  stage: 'plan',
  category: 'server',
  status: 503,
  attempt: 1,
  retryCount: 0,
  timedOut: false,
  aborted: false,
  connectionLost: false
}
swarm.chat.failure {
  requestId: '7082b41c-87f5-4b82-b0dc-7c6336b28792',
  durationMs: 12,
  stage: 'chat',
  category: 'rate_limit',
  status: 429,
  attempt: 1,
  retryCount: 0,
  timedOut: false,
  aborted: false,
  connectionLost: false
}
swarm.chat.failure {
  requestId: '85e400cd-85e1-49f6-b6b2-87f0b97284f3',
  durationMs: 16,
  stage: 'chat',
  category: 'network',
  status: undefined,
  attempt: 1,
  retryCount: 0,
  timedOut: false,
  aborted: false,
  connectionLost: true
}
swarm.chat.failure {
  requestId: 'd3fa5864-551d-4e72-99b6-f6b33bfd64ca',
  durationMs: 8,
  stage: 'plan',
  category: 'rate_limit',
  status: 429,
  attempt: 1,
  retryCount: 0,
  timedOut: false,
  aborted: false,
  connectionLost: false
}
swarm.chat.failure {
  requestId: '1d8e49a0-4c5e-44db-ae87-9ff12f01e8c6',
  durationMs: 13,
  stage: 'chat',
  category: 'server',
  status: 503,
  attempt: 1,
  retryCount: 0,
  timedOut: false,
  aborted: false,
  connectionLost: false
}
swarm.chat.failure {
  requestId: '12269c05-ee8a-4bce-92d8-0873be614753',
  durationMs: 22,
  stage: 'review',
  category: 'network',
  status: undefined,
  attempt: 3,
  retryCount: 2,
  timedOut: false,
  aborted: false,
  connectionLost: true
}
swarm.chat.failure {
  requestId: 'ebfe8ac2-321d-4d00-a389-ac2fe658d892',
  durationMs: 10,
  stage: 'chat',
  category: 'network',
  status: undefined,
  attempt: 1,
  retryCount: 0,
  timedOut: false,
  aborted: false,
  connectionLost: true
}
swarm.chat.failure {
  requestId: 'ea7a3100-e95a-4735-a5bb-cee1e6c8f562',
  durationMs: 13,
  stage: 'chat',
  category: 'rate_limit',
  status: 429,
  attempt: 1,
  retryCount: 0,
  timedOut: false,
  aborted: false,
  connectionLost: false
}
swarm.chat.failure {
  requestId: '602cb668-5d2b-494a-91b0-4063def50cd8',
  durationMs: 16,
  stage: 'plan',
  category: 'server',
  status: 503,
  attempt: 1,
  retryCount: 0,
  timedOut: false,
  aborted: false,
  connectionLost: false
}
swarm.chat.failure {
  requestId: '6dab0328-b58c-4400-8dbf-87ed9104b065',
  durationMs: 12,
  stage: 'chat',
  category: 'server',
  status: 503,
  attempt: 1,
  retryCount: 0,
  timedOut: false,
  aborted: false,
  connectionLost: false
}
swarm.chat.failure {
  requestId: 'dde7c22c-7c13-4296-844a-2b1a55f03611',
  durationMs: 14,
  stage: 'plan',
  category: 'rate_limit',
  status: 429,
  attempt: 1,
  retryCount: 0,
  timedOut: false,
  aborted: false,
  connectionLost: false
}
swarm.chat.failure {
  requestId: '2f70159e-b532-4142-8e20-392116ef16ae',
  durationMs: 20,
  stage: 'review',
  category: 'network',
  status: undefined,
  attempt: 3,
  retryCount: 2,
  timedOut: false,
  aborted: false,
  connectionLost: true
}
swarm.chat.failure {
  requestId: '95d42368-ac40-435a-9e85-994f5de31ff0',
  durationMs: 6,
  stage: 'plan',
  category: 'server',
  status: 503,
  attempt: 1,
  retryCount: 0,
  timedOut: false,
  aborted: false,
  connectionLost: false
}
swarm.chat.failure {
  requestId: 'c3f95ed8-b2aa-48fe-9201-38327bbf2955',
  durationMs: 11,
  stage: 'chat',
  category: 'rate_limit',
  status: 429,
  attempt: 1,
  retryCount: 0,
  timedOut: false,
  aborted: false,
  connectionLost: false
}
swarm.chat.failure {
  requestId: '078f1c3d-68a4-46ef-8c22-794bbcca4aa7',
  durationMs: 19,
  stage: 'chat',
  category: 'network',
  status: undefined,
  attempt: 1,
  retryCount: 0,
  timedOut: false,
  aborted: false,
  connectionLost: true
}
swarm.chat.failure {
  requestId: '310708d5-4825-45c3-a0b6-116f1e88d8a6',
  durationMs: 6,
  stage: 'chat',
  category: 'server',
  status: 503,
  attempt: 1,
  retryCount: 0,
  timedOut: false,
  aborted: false,
  connectionLost: false
}
swarm.chat.failure {
  requestId: '5d292f38-0778-4d55-ba0b-2c5f231b6a74',
  durationMs: 9,
  stage: 'plan',
  category: 'rate_limit',
  status: 429,
  attempt: 1,
  retryCount: 0,
  timedOut: false,
  aborted: false,
  connectionLost: false
}
swarm.chat.failure {
  requestId: 'b2f256ab-2dd2-47c0-b184-2b631e007860',
  durationMs: 28,
  stage: 'review',
  category: 'network',
  status: undefined,
  attempt: 3,
  retryCount: 2,
  timedOut: false,
  aborted: false,
  connectionLost: true
}
swarm.chat.failure {
  requestId: 'de16e8af-64d8-4958-a9dd-7b89a9067c83',
  durationMs: 7,
  stage: 'chat',
  category: 'rate_limit',
  status: 429,
  attempt: 1,
  retryCount: 0,
  timedOut: false,
  aborted: false,
  connectionLost: false
}
swarm.chat.failure {
  requestId: '9ded988a-a15e-4938-a73f-19f168c8aaa9',
  durationMs: 10,
  stage: 'chat',
  category: 'network',
  status: undefined,
  attempt: 1,
  retryCount: 0,
  timedOut: false,
  aborted: false,
  connectionLost: true
}
swarm.chat.failure {
  requestId: '099d265e-f9c9-4931-ba1f-07c385fd6c3b',
  durationMs: 14,
  stage: 'plan',
  category: 'server',
  status: 503,
  attempt: 1,
  retryCount: 0,
  timedOut: false,
  aborted: false,
  connectionLost: false
}
swarm.chat.failure {
  requestId: 'e3f67b46-5d55-4ee4-9be2-10018de3a952',
  durationMs: 11,
  stage: 'chat',
  category: 'server',
  status: 503,
  attempt: 1,
  retryCount: 0,
  timedOut: false,
  aborted: false,
  connectionLost: false
}
swarm.chat.failure {
  requestId: 'ebd71809-3743-432d-919a-282396a7d101',
  durationMs: 14,
  stage: 'plan',
  category: 'rate_limit',
  status: 429,
  attempt: 1,
  retryCount: 0,
  timedOut: false,
  aborted: false,
  connectionLost: false
}
swarm.chat.failure {
  requestId: '30862c50-08f7-43d4-bc07-ab6fcc4fbf89',
  durationMs: 23,
  stage: 'review',
  category: 'network',
  status: undefined,
  attempt: 3,
  retryCount: 2,
  timedOut: false,
  aborted: false,
  connectionLost: true
}
swarm.chat.failure {
  requestId: '8d430c9f-f77e-452d-91cf-4d67964c1b7a',
  durationMs: 5,
  stage: 'chat',
  category: 'network',
  status: undefined,
  attempt: 1,
  retryCount: 0,
  timedOut: false,
  aborted: false,
  connectionLost: true
}
swarm.chat.failure {
  requestId: '7b75f2cb-0953-4844-8500-31b0df7c7bf2',
  durationMs: 7,
  stage: 'chat',
  category: 'rate_limit',
  status: 429,
  attempt: 1,
  retryCount: 0,
  timedOut: false,
  aborted: false,
  connectionLost: false
}
swarm.chat.failure {
  requestId: '47101b8c-902e-4857-8123-8860466c8156',
  durationMs: 10,
  stage: 'plan',
  category: 'server',
  status: 503,
  attempt: 1,
  retryCount: 0,
  timedOut: false,
  aborted: false,
  connectionLost: false
}
swarm.chat.failure {
  requestId: '46f6bd65-e765-4bec-bdb0-964b96defa93',
  durationMs: 9,
  stage: 'chat',
  category: 'server',
  status: 503,
  attempt: 1,
  retryCount: 0,
  timedOut: false,
  aborted: false,
  connectionLost: false
}
swarm.chat.failure {
  requestId: '0d36b444-7a98-4062-8299-b6fa723bc3d0',
  durationMs: 14,
  stage: 'plan',
  category: 'rate_limit',
  status: 429,
  attempt: 1,
  retryCount: 0,
  timedOut: false,
  aborted: false,
  connectionLost: false
}
swarm.chat.failure {
  requestId: '3c6d1f80-e6be-4c5c-9a74-879860894a1b',
  durationMs: 22,
  stage: 'review',
  category: 'network',
  status: undefined,
  attempt: 3,
  retryCount: 2,
  timedOut: false,
  aborted: false,
  connectionLost: true
}
swarm.chat.failure {
  requestId: '13e888bc-a66b-44c6-a0cb-e3553d443046',
  durationMs: 8,
  stage: 'chat',
  category: 'rate_limit',
  status: 429,
  attempt: 1,
  retryCount: 0,
  timedOut: false,
  aborted: false,
  connectionLost: false
}
swarm.chat.failure {
  requestId: 'ceb59a14-5ce3-4987-b847-7b211d036def',
  durationMs: 12,
  stage: 'chat',
  category: 'network',
  status: undefined,
  attempt: 1,
  retryCount: 0,
  timedOut: false,
  aborted: false,
  connectionLost: true
}
swarm.chat.failure {
  requestId: 'eff7c358-f237-4ce0-a25e-81d66288b386',
  durationMs: 15,
  stage: 'plan',
  category: 'server',
  status: 503,
  attempt: 1,
  retryCount: 0,
  timedOut: false,
  aborted: false,
  connectionLost: false
}
swarm.chat.failure {
  requestId: '6872cac3-22b5-4e32-962c-451e3db75796',
  durationMs: 6,
  stage: 'chat',
  category: 'server',
  status: 503,
  attempt: 1,
  retryCount: 0,
  timedOut: false,
  aborted: false,
  connectionLost: false
}
swarm.chat.failure {
  requestId: 'e8c49f13-0a90-457c-b6cb-6b073fc47e4e',
  durationMs: 12,
  stage: 'plan',
  category: 'rate_limit',
  status: 429,
  attempt: 1,
  retryCount: 0,
  timedOut: false,
  aborted: false,
  connectionLost: false
}
swarm.chat.failure {
  requestId: '5d62aa47-de1e-4ad1-871c-6bd01a0012a0',
  durationMs: 18,
  stage: 'review',
  category: 'network',
  status: undefined,
  attempt: 3,
  retryCount: 2,
  timedOut: false,
  aborted: false,
  connectionLost: true
}
swarm.chat.failure {
  requestId: 'c02b2750-dbb0-4c16-aa25-471c5dc076f3',
  durationMs: 7,
  stage: 'chat',
  category: 'network',
  status: undefined,
  attempt: 1,
  retryCount: 0,
  timedOut: false,
  aborted: false,
  connectionLost: true
}
swarm.chat.failure {
  requestId: '5d093674-1058-47d6-9a76-868ee726596e',
  durationMs: 9,
  stage: 'plan',
  category: 'server',
  status: 503,
  attempt: 1,
  retryCount: 0,
  timedOut: false,
  aborted: false,
  connectionLost: false
}
swarm.chat.failure {
  requestId: '3f481813-c08c-41db-955b-294bf28de646',
  durationMs: 12,
  stage: 'chat',
  category: 'rate_limit',
  status: 429,
  attempt: 1,
  retryCount: 0,
  timedOut: false,
  aborted: false,
  connectionLost: false
}
swarm.chat.failure {
  requestId: '536c8fad-e27a-4528-96da-4901bc34d23a',
  durationMs: 7,
  stage: 'chat',
  category: 'server',
  status: 503,
  attempt: 1,
  retryCount: 0,
  timedOut: false,
  aborted: false,
  connectionLost: false
}
swarm.chat.failure {
  requestId: '4df88be2-2b26-4e30-bcf4-b1b27d039a4f',
  durationMs: 10,
  stage: 'plan',
  category: 'rate_limit',
  status: 429,
  attempt: 1,
  retryCount: 0,
  timedOut: false,
  aborted: false,
  connectionLost: false
}
swarm.chat.failure {
  requestId: 'e060a801-7df3-401e-94c2-0999e792bac4',
  durationMs: 24,
  stage: 'review',
  category: 'network',
  status: undefined,
  attempt: 3,
  retryCount: 2,
  timedOut: false,
  aborted: false,
  connectionLost: true
}
swarm.chat.failure {
  requestId: '98db7e1f-1a91-4642-a7f6-3773e37ead03',
  durationMs: 10,
  stage: 'chat',
  category: 'rate_limit',
  status: 429,
  attempt: 1,
  retryCount: 0,
  timedOut: false,
  aborted: false,
  connectionLost: false
}
swarm.chat.failure {
  requestId: '5cb4d94f-fe94-4ddf-b721-16faabfaff13',
  durationMs: 14,
  stage: 'plan',
  category: 'server',
  status: 503,
  attempt: 1,
  retryCount: 0,
  timedOut: false,
  aborted: false,
  connectionLost: false
}
swarm.chat.failure {
  requestId: '0421ef65-1b9c-41aa-b52e-f95737b5d035',
  durationMs: 23,
  stage: 'chat',
  category: 'network',
  status: undefined,
  attempt: 1,
  retryCount: 0,
  timedOut: false,
  aborted: false,
  connectionLost: true
}
swarm.chat.failure {
  requestId: '9e5e60e3-4da2-4d41-bbed-aa87870729ba',
  durationMs: 8,
  stage: 'chat',
  category: 'server',
  status: 503,
  attempt: 1,
  retryCount: 0,
  timedOut: false,
  aborted: false,
  connectionLost: false
}
swarm.chat.failure {
  requestId: '0ae305b4-d3ed-4411-b540-f70be2e81553',
  durationMs: 11,
  stage: 'plan',
  category: 'rate_limit',
  status: 429,
  attempt: 1,
  retryCount: 0,
  timedOut: false,
  aborted: false,
  connectionLost: false
}
swarm.chat.failure {
  requestId: 'e844ddd1-c01d-4bd0-b9da-9e78b4b58c31',
  durationMs: 25,
  stage: 'review',
  category: 'network',
  status: undefined,
  attempt: 3,
  retryCount: 2,
  timedOut: false,
  aborted: false,
  connectionLost: true
}
swarm.chat.failure {
  requestId: '8858cc1e-37f7-4c5d-a617-c79b6d34ace6',
  durationMs: 9,
  stage: 'chat',
  category: 'network',
  status: undefined,
  attempt: 1,
  retryCount: 0,
  timedOut: false,
  aborted: false,
  connectionLost: true
}
swarm.chat.failure {
  requestId: 'dc549ad0-0b3e-4af7-a454-6cb0cabb50b2',
  durationMs: 13,
  stage: 'plan',
  category: 'server',
  status: 503,
  attempt: 1,
  retryCount: 0,
  timedOut: false,
  aborted: false,
  connectionLost: false
}
swarm.chat.failure {
  requestId: 'df852d08-d992-46d3-a0ee-5676f7ad1ca8',
  durationMs: 15,
  stage: 'chat',
  category: 'rate_limit',
  status: 429,
  attempt: 1,
  retryCount: 0,
  timedOut: false,
  aborted: false,
  connectionLost: false
}
swarm.chat.failure {
  requestId: 'f762ea24-b3e9-453f-8912-f4f02730c9a5',
  durationMs: 6,
  stage: 'chat',
  category: 'server',
  status: 503,
  attempt: 1,
  retryCount: 0,
  timedOut: false,
  aborted: false,
  connectionLost: false
}
swarm.chat.failure {
  requestId: '225f7b02-96d9-4c52-99ca-149f66be7da7',
  durationMs: 11,
  stage: 'plan',
  category: 'rate_limit',
  status: 429,
  attempt: 1,
  retryCount: 0,
  timedOut: false,
  aborted: false,
  connectionLost: false
}
swarm.chat.failure {
  requestId: '15d54487-5952-485e-811b-9713031336b4',
  durationMs: 23,
  stage: 'review',
  category: 'network',
  status: undefined,
  attempt: 3,
  retryCount: 2,
  timedOut: false,
  aborted: false,
  connectionLost: true
}
swarm.chat.failure {
  requestId: 'a65ea4f6-842b-473f-9890-b63f6a386b25',
  durationMs: 7,
  stage: 'chat',
  category: 'rate_limit',
  status: 429,
  attempt: 1,
  retryCount: 0,
  timedOut: false,
  aborted: false,
  connectionLost: false
}
swarm.chat.failure {
  requestId: '77dc42a2-f847-47cf-a968-d0c78efb9e26',
  durationMs: 12,
  stage: 'chat',
  category: 'network',
  status: undefined,
  attempt: 1,
  retryCount: 0,
  timedOut: false,
  aborted: false,
  connectionLost: true
}
swarm.chat.failure {
  requestId: '173a26e9-d86e-4bad-834b-1e21692b0bd1',
  durationMs: 15,
  stage: 'plan',
  category: 'server',
  status: 503,
  attempt: 1,
  retryCount: 0,
  timedOut: false,
  aborted: false,
  connectionLost: false
}
swarm.chat.failure {
  requestId: 'eb551339-7f0e-494a-8e51-b2a12b8c03a8',
  durationMs: 13,
  stage: 'chat',
  category: 'server',
  status: 503,
  attempt: 1,
  retryCount: 0,
  timedOut: false,
  aborted: false,
  connectionLost: false
}
swarm.chat.failure {
  requestId: '930f31f4-6d18-437b-974d-a89251ffa2b3',
  durationMs: 16,
  stage: 'plan',
  category: 'rate_limit',
  status: 429,
  attempt: 1,
  retryCount: 0,
  timedOut: false,
  aborted: false,
  connectionLost: false
}
swarm.chat.failure {
  requestId: '870fe336-cd17-4007-95ac-bcb5da3eb144',
  durationMs: 26,
  stage: 'review',
  category: 'network',
  status: undefined,
  attempt: 3,
  retryCount: 2,
  timedOut: false,
  aborted: false,
  connectionLost: true
}
swarm.chat.failure {
  requestId: 'ce418836-00cd-49a1-9329-c7383ceeb709',
  durationMs: 5,
  stage: 'chat',
  category: 'network',
  status: undefined,
  attempt: 1,
  retryCount: 0,
  timedOut: false,
  aborted: false,
  connectionLost: true
}
swarm.chat.failure {
  requestId: 'f88cd493-0a0d-4604-b803-ba441beffd75',
  durationMs: 7,
  stage: 'plan',
  category: 'server',
  status: 503,
  attempt: 1,
  retryCount: 0,
  timedOut: false,
  aborted: false,
  connectionLost: false
}
swarm.chat.failure {
  requestId: '48d0f501-ed38-46ff-8287-6e6be425ea82',
  durationMs: 11,
  stage: 'chat',
  category: 'rate_limit',
  status: 429,
  attempt: 1,
  retryCount: 0,
  timedOut: false,
  aborted: false,
  connectionLost: false
}
swarm.chat.failure {
  requestId: '0c28811c-56c3-40dd-9ba1-fd821bcde506',
  durationMs: 6,
  stage: 'chat',
  category: 'server',
  status: 503,
  attempt: 1,
  retryCount: 0,
  timedOut: false,
  aborted: false,
  connectionLost: false
}
swarm.chat.failure {
  requestId: '213d8ad6-9fe8-4481-9b83-c473eb20858e',
  durationMs: 13,
  stage: 'plan',
  category: 'rate_limit',
  status: 429,
  attempt: 1,
  retryCount: 0,
  timedOut: false,
  aborted: false,
  connectionLost: false
}
swarm.chat.failure {
  requestId: '09481728-e52f-4dfd-8784-fe49bc5378f8',
  durationMs: 21,
  stage: 'review',
  category: 'network',
  status: undefined,
  attempt: 3,
  retryCount: 2,
  timedOut: false,
  aborted: false,
  connectionLost: true
}
swarm.chat.failure {
  requestId: '735cd0a6-2b3b-4d00-8911-e149a42cf8f4',
  durationMs: 6,
  stage: 'chat',
  category: 'rate_limit',
  status: 429,
  attempt: 1,
  retryCount: 0,
  timedOut: false,
  aborted: false,
  connectionLost: false
}
swarm.chat.failure {
  requestId: '7c1ce120-4662-4b7c-884c-b2c36ef124a5',
  durationMs: 9,
  stage: 'chat',
  category: 'network',
  status: undefined,
  attempt: 1,
  retryCount: 0,
  timedOut: false,
  aborted: false,
  connectionLost: true
}
swarm.chat.failure {
  requestId: 'e1a9663d-23c6-4334-9c52-380678285778',
  durationMs: 11,
  stage: 'plan',
  category: 'server',
  status: 503,
  attempt: 1,
  retryCount: 0,
  timedOut: false,
  aborted: false,
  connectionLost: false
}
swarm.chat.failure {
  requestId: '7d381ef6-fcdd-4d76-a0a9-e3e2d1a34674',
  durationMs: 10,
  stage: 'chat',
  category: 'server',
  status: 503,
  attempt: 1,
  retryCount: 0,
  timedOut: false,
  aborted: false,
  connectionLost: false
}
swarm.chat.failure {
  requestId: '6a7c070b-2038-43d9-898b-a2f3cfb9f183',
  durationMs: 13,
  stage: 'plan',
  category: 'rate_limit',
  status: 429,
  attempt: 1,
  retryCount: 0,
  timedOut: false,
  aborted: false,
  connectionLost: false
}
swarm.chat.failure {
  requestId: 'e84203ec-c3e1-48da-a706-43718e4d9b4e',
  durationMs: 23,
  stage: 'review',
  category: 'network',
  status: undefined,
  attempt: 3,
  retryCount: 2,
  timedOut: false,
  aborted: false,
  connectionLost: true
}
swarm.chat.failure {
  requestId: '4ef3be80-23ae-44a7-8dbf-8ed8d652a1dc',
  durationMs: 8,
  stage: 'chat',
  category: 'network',
  status: undefined,
  attempt: 1,
  retryCount: 0,
  timedOut: false,
  aborted: false,
  connectionLost: true
}
swarm.chat.failure {
  requestId: '6a776117-3087-469f-84a5-9397e0d585b5',
  durationMs: 11,
  stage: 'chat',
  category: 'rate_limit',
  status: 429,
  attempt: 1,
  retryCount: 0,
  timedOut: false,
  aborted: false,
  connectionLost: false
}
swarm.chat.failure {
  requestId: '044aeb11-bce2-42fb-920f-a488a81492f3',
  durationMs: 14,
  stage: 'plan',
  category: 'server',
  status: 503,
  attempt: 1,
  retryCount: 0,
  timedOut: false,
  aborted: false,
  connectionLost: false
}
swarm.chat.failure {
  requestId: 'fe6e8864-6320-4a90-9dad-376f87bf737a',
  durationMs: 5,
  stage: 'chat',
  category: 'server',
  status: 503,
  attempt: 1,
  retryCount: 0,
  timedOut: false,
  aborted: false,
  connectionLost: false
}
swarm.chat.failure {
  requestId: '1c354f32-ddd8-427b-91e5-0710d4d0e16f',
  durationMs: 10,
  stage: 'plan',
  category: 'rate_limit',
  status: 429,
  attempt: 1,
  retryCount: 0,
  timedOut: false,
  aborted: false,
  connectionLost: false
}
swarm.chat.failure {
  requestId: 'b3520b2a-32ca-49c9-9601-5a5f142d59d2',
  durationMs: 21,
  stage: 'review',
  category: 'network',
  status: undefined,
  attempt: 3,
  retryCount: 2,
  timedOut: false,
  aborted: false,
  connectionLost: true
}
swarm.chat.failure {
  requestId: '629bc213-9771-4afc-9cdc-76f16ca8256a',
  durationMs: 6,
  stage: 'chat',
  category: 'rate_limit',
  status: 429,
  attempt: 1,
  retryCount: 0,
  timedOut: false,
  aborted: false,
  connectionLost: false
}
swarm.chat.failure {
  requestId: 'e18a7f01-9919-403a-9e54-636ded1af82e',
  durationMs: 8,
  stage: 'chat',
  category: 'network',
  status: undefined,
  attempt: 1,
  retryCount: 0,
  timedOut: false,
  aborted: false,
  connectionLost: true
}
swarm.chat.failure {
  requestId: 'f77db66b-2e08-431b-a8b9-d99646eec292',
  durationMs: 10,
  stage: 'plan',
  category: 'server',
  status: 503,
  attempt: 1,
  retryCount: 0,
  timedOut: false,
  aborted: false,
  connectionLost: false
}
swarm.chat.failure {
  requestId: '1cb5c261-dbf7-4795-aa65-08ce8e28143c',
  durationMs: 9,
  stage: 'chat',
  category: 'server',
  status: 503,
  attempt: 1,
  retryCount: 0,
  timedOut: false,
  aborted: false,
  connectionLost: false
}
swarm.chat.failure {
  requestId: '6c9de297-2f95-4acf-8667-4834cc0db198',
  durationMs: 12,
  stage: 'plan',
  category: 'rate_limit',
  status: 429,
  attempt: 1,
  retryCount: 0,
  timedOut: false,
  aborted: false,
  connectionLost: false
}
swarm.chat.failure {
  requestId: '1adeb6b2-1f76-4507-a8b6-4f767ea96691',
  durationMs: 19,
  stage: 'review',
  category: 'network',
  status: undefined,
  attempt: 3,
  retryCount: 2,
  timedOut: false,
  aborted: false,
  connectionLost: true
}
swarm.chat.failure {
  requestId: '7c1ea993-7c8d-40fc-995f-7f588e73095d',
  durationMs: 5,
  stage: 'plan',
  category: 'server',
  status: 503,
  attempt: 1,
  retryCount: 0,
  timedOut: false,
  aborted: false,
  connectionLost: false
}
swarm.chat.failure {
  requestId: '28d2517b-7ce1-4158-bdb5-791fe2370b14',
  durationMs: 8,
  stage: 'chat',
  category: 'rate_limit',
  status: 429,
  attempt: 1,
  retryCount: 0,
  timedOut: false,
  aborted: false,
  connectionLost: false
}
swarm.chat.failure {
  requestId: '4aa18900-81f7-46fa-9fe4-2ff0d2b63c2d',
  durationMs: 11,
  stage: 'chat',
  category: 'network',
  status: undefined,
  attempt: 1,
  retryCount: 0,
  timedOut: false,
  aborted: false,
  connectionLost: true
}
swarm.chat.failure {
  requestId: '9d4285e2-bad0-40fc-8efb-ff5943829f2e',
  durationMs: 11,
  stage: 'chat',
  category: 'server',
  status: 503,
  attempt: 1,
  retryCount: 0,
  timedOut: false,
  aborted: false,
  connectionLost: false
}
swarm.chat.failure {
  requestId: '54762ec5-492d-46c0-aee8-dbfd493d4517',
  durationMs: 17,
  stage: 'plan',
  category: 'rate_limit',
  status: 429,
  attempt: 1,
  retryCount: 0,
  timedOut: false,
  aborted: false,
  connectionLost: false
}
swarm.chat.failure {
  requestId: '51af3c40-4bd6-489b-894a-c749c6154e7c',
  durationMs: 51,
  stage: 'review',
  category: 'network',
  status: undefined,
  attempt: 3,
  retryCount: 2,
  timedOut: false,
  aborted: false,
  connectionLost: true
}
swarm.chat.failure {
  requestId: 'f6b20a0b-e7d3-4b8f-8e8d-3591bc48223f',
  durationMs: 8,
  stage: 'chat',
  category: 'rate_limit',
  status: 429,
  attempt: 1,
  retryCount: 0,
  timedOut: false,
  aborted: false,
  connectionLost: false
}
swarm.chat.failure {
  requestId: '32a3ddbf-ec30-4271-a2a9-6ee53e6563ce',
  durationMs: 11,
  stage: 'chat',
  category: 'network',
  status: undefined,
  attempt: 1,
  retryCount: 0,
  timedOut: false,
  aborted: false,
  connectionLost: true
}
swarm.chat.failure {
  requestId: '7d06a5d1-295e-40fd-8ae8-531573ae338d',
  durationMs: 13,
  stage: 'plan',
  category: 'server',
  status: 503,
  attempt: 1,
  retryCount: 0,
  timedOut: false,
  aborted: false,
  connectionLost: false
}
swarm.chat.failure {
  requestId: '5a8a9c6b-b39d-4a37-b9ff-e1c04e466888',
  durationMs: 11,
  stage: 'chat',
  category: 'server',
  status: 503,
  attempt: 1,
  retryCount: 0,
  timedOut: false,
  aborted: false,
  connectionLost: false
}
swarm.chat.failure {
  requestId: '8f1337cc-e200-4229-854c-e6f3fca23b2c',
  durationMs: 14,
  stage: 'plan',
  category: 'rate_limit',
  status: 429,
  attempt: 1,
  retryCount: 0,
  timedOut: false,
  aborted: false,
  connectionLost: false
}
swarm.chat.failure {
  requestId: '693e2d5b-9e72-4871-be60-8c4419f7503e',
  durationMs: 26,
  stage: 'review',
  category: 'network',
  status: undefined,
  attempt: 3,
  retryCount: 2,
  timedOut: false,
  aborted: false,
  connectionLost: true
}
swarm.chat.failure {
  requestId: '39a01492-a875-44cd-8306-8b3124af8a9d',
  durationMs: 5,
  stage: 'plan',
  category: 'server',
  status: 503,
  attempt: 1,
  retryCount: 0,
  timedOut: false,
  aborted: false,
  connectionLost: false
}
swarm.chat.failure {
  requestId: 'caefb4bc-405d-40bb-8913-b74b300246ac',
  durationMs: 8,
  stage: 'chat',
  category: 'network',
  status: undefined,
  attempt: 1,
  retryCount: 0,
  timedOut: false,
  aborted: false,
  connectionLost: true
}
swarm.chat.failure {
  requestId: '3300062a-8984-45e3-9a04-1bba59dbfee5',
  durationMs: 10,
  stage: 'chat',
  category: 'rate_limit',
  status: 429,
  attempt: 1,
  retryCount: 0,
  timedOut: false,
  aborted: false,
  connectionLost: false
}
swarm.chat.failure {
  requestId: '5d239c99-546f-4df7-b8b9-ca07d5bb30a7',
  durationMs: 5,
  stage: 'plan',
  category: 'rate_limit',
  status: 429,
  attempt: 1,
  retryCount: 0,
  timedOut: false,
  aborted: false,
  connectionLost: false
}
swarm.chat.failure {
  requestId: '7dfefc4c-4c59-46a6-b60b-e75e2303f7c0',
  durationMs: 10,
  stage: 'chat',
  category: 'server',
  status: 503,
  attempt: 1,
  retryCount: 0,
  timedOut: false,
  aborted: false,
  connectionLost: false
}
swarm.chat.failure {
  requestId: '0b180229-3e23-40c7-8725-0aede9a025bc',
  durationMs: 23,
  stage: 'review',
  category: 'network',
  status: undefined,
  attempt: 3,
  retryCount: 2,
  timedOut: false,
  aborted: false,
  connectionLost: true
}
swarm.chat.failure {
  requestId: '20bab368-069a-496b-8896-d44b0e43c78f',
  durationMs: 7,
  stage: 'chat',
  category: 'rate_limit',
  status: 429,
  attempt: 1,
  retryCount: 0,
  timedOut: false,
  aborted: false,
  connectionLost: false
}
swarm.chat.failure {
  requestId: '7260df29-2f0c-48c4-81a4-ad01b41d2776',
  durationMs: 9,
  stage: 'plan',
  category: 'server',
  status: 503,
  attempt: 1,
  retryCount: 0,
  timedOut: false,
  aborted: false,
  connectionLost: false
}
swarm.chat.failure {
  requestId: '41af7bd9-b0d0-4ad5-a166-2402331445d6',
  durationMs: 15,
  stage: 'chat',
  category: 'network',
  status: undefined,
  attempt: 1,
  retryCount: 0,
  timedOut: false,
  aborted: false,
  connectionLost: true
}
swarm.chat.failure {
  requestId: '5f9032fc-f9d2-45f8-ad81-d526bb6973e9',
  durationMs: 9,
  stage: 'chat',
  category: 'server',
  status: 503,
  attempt: 1,
  retryCount: 0,
  timedOut: false,
  aborted: false,
  connectionLost: false
}
swarm.chat.failure {
  requestId: '8b88dfe6-7614-45c7-8236-379ac6aaa73b',
  durationMs: 12,
  stage: 'plan',
  category: 'rate_limit',
  status: 429,
  attempt: 1,
  retryCount: 0,
  timedOut: false,
  aborted: false,
  connectionLost: false
}
swarm.chat.failure {
  requestId: '44d60235-f998-4224-844d-7abc9bfd12b0',
  durationMs: 26,
  stage: 'review',
  category: 'network',
  status: undefined,
  attempt: 3,
  retryCount: 2,
  timedOut: false,
  aborted: false,
  connectionLost: true
}
swarm.chat.failure {
  requestId: 'f9e6c1ae-65a8-431d-a6c5-23aaa0c2817e',
  durationMs: 8,
  stage: 'chat',
  category: 'network',
  status: undefined,
  attempt: 1,
  retryCount: 0,
  timedOut: false,
  aborted: false,
  connectionLost: true
}
swarm.chat.failure {
  requestId: 'a9bff835-f343-44a1-a9bb-35ff8b4738a5',
  durationMs: 13,
  stage: 'plan',
  category: 'server',
  status: 503,
  attempt: 1,
  retryCount: 0,
  timedOut: false,
  aborted: false,
  connectionLost: false
}
swarm.chat.failure {
  requestId: '1f7cbe8b-9e11-4b23-b218-458a13d427fb',
  durationMs: 14,
  stage: 'chat',
  category: 'rate_limit',
  status: 429,
  attempt: 1,
  retryCount: 0,
  timedOut: false,
  aborted: false,
  connectionLost: false
}
swarm.chat.failure {
  requestId: '62f296a1-8788-4c28-8249-bcdbb85a5887',
  durationMs: 7,
  stage: 'chat',
  category: 'server',
  status: 503,
  attempt: 1,
  retryCount: 0,
  timedOut: false,
  aborted: false,
  connectionLost: false
}
swarm.chat.failure {
  requestId: '73a20c93-e327-4c0e-b925-008ed220d344',
  durationMs: 15,
  stage: 'plan',
  category: 'rate_limit',
  status: 429,
  attempt: 1,
  retryCount: 0,
  timedOut: false,
  aborted: false,
  connectionLost: false
}
swarm.chat.failure {
  requestId: '821ab7fd-b5ab-4261-a7ba-baab053225e7',
  durationMs: 21,
  stage: 'review',
  category: 'network',
  status: undefined,
  attempt: 3,
  retryCount: 2,
  timedOut: false,
  aborted: false,
  connectionLost: true
}
swarm.chat.failure {
  requestId: '318dcac8-76b7-42fe-b776-e702e9512670',
  durationMs: 8,
  stage: 'chat',
  category: 'rate_limit',
  status: 429,
  attempt: 1,
  retryCount: 0,
  timedOut: false,
  aborted: false,
  connectionLost: false
}
swarm.chat.failure {
  requestId: 'a8f483fa-a464-40f9-8bdc-b9e9c1a7dc3f',
  durationMs: 12,
  stage: 'chat',
  category: 'network',
  status: undefined,
  attempt: 1,
  retryCount: 0,
  timedOut: false,
  aborted: false,
  connectionLost: true
}
swarm.chat.failure {
  requestId: '786a176d-f87a-4673-b5b4-d581b9366747',
  durationMs: 14,
  stage: 'plan',
  category: 'server',
  status: 503,
  attempt: 1,
  retryCount: 0,
  timedOut: false,
  aborted: false,
  connectionLost: false
}
swarm.chat.failure {
  requestId: '076d250a-78f2-44dc-b011-788b064e208b',
  durationMs: 7,
  stage: 'chat',
  category: 'server',
  status: 503,
  attempt: 1,
  retryCount: 0,
  timedOut: false,
  aborted: false,
  connectionLost: false
}
swarm.chat.failure {
  requestId: 'ebeee338-4a59-4cbe-bd2a-44685551ec2c',
  durationMs: 14,
  stage: 'plan',
  category: 'rate_limit',
  status: 429,
  attempt: 1,
  retryCount: 0,
  timedOut: false,
  aborted: false,
  connectionLost: false
}
swarm.chat.failure {
  requestId: '82495804-2e49-494a-98f9-38d1d675991a',
  durationMs: 20,
  stage: 'review',
  category: 'network',
  status: undefined,
  attempt: 3,
  retryCount: 2,
  timedOut: false,
  aborted: false,
  connectionLost: true
}
swarm.chat.failure {
  requestId: '1c4eaacb-2fe8-4023-be99-a4b628d9a634',
  durationMs: 5,
  stage: 'plan',
  category: 'server',
  status: 503,
  attempt: 1,
  retryCount: 0,
  timedOut: false,
  aborted: false,
  connectionLost: false
}
swarm.chat.failure {
  requestId: 'a6e6b54a-87da-4d3f-b928-69db2939e0cd',
  durationMs: 8,
  stage: 'chat',
  category: 'network',
  status: undefined,
  attempt: 1,
  retryCount: 0,
  timedOut: false,
  aborted: false,
  connectionLost: true
}
swarm.chat.failure {
  requestId: 'a5ad303f-d280-4acb-b526-1c4009618ce1',
  durationMs: 11,
  stage: 'chat',
  category: 'rate_limit',
  status: 429,
  attempt: 1,
  retryCount: 0,
  timedOut: false,
  aborted: false,
  connectionLost: false
}
swarm.chat.failure {
  requestId: 'fdf2b3b1-56f4-4674-8c69-0d8a1784fb4b',
  durationMs: 8,
  stage: 'chat',
  category: 'server',
  status: 503,
  attempt: 1,
  retryCount: 0,
  timedOut: false,
  aborted: false,
  connectionLost: false
}
swarm.chat.failure {
  requestId: '3c001668-75c2-4a2f-8b96-2417def70584',
  durationMs: 10,
  stage: 'plan',
  category: 'rate_limit',
  status: 429,
  attempt: 1,
  retryCount: 0,
  timedOut: false,
  aborted: false,
  connectionLost: false
}
swarm.chat.failure {
  requestId: 'a2b11273-955e-473d-a6e7-68fccb2c2b21',
  durationMs: 23,
  stage: 'review',
  category: 'network',
  status: undefined,
  attempt: 3,
  retryCount: 2,
  timedOut: false,
  aborted: false,
  connectionLost: true
}
swarm.chat.failure {
  requestId: '16c285b8-8617-4ac7-bf2b-e72ad97011be',
  durationMs: 7,
  stage: 'chat',
  category: 'rate_limit',
  status: 429,
  attempt: 1,
  retryCount: 0,
  timedOut: false,
  aborted: false,
  connectionLost: false
}
swarm.chat.failure {
  requestId: '96e2ade3-6fd9-4a55-9dba-aaa2d6187c38',
  durationMs: 9,
  stage: 'chat',
  category: 'network',
  status: undefined,
  attempt: 1,
  retryCount: 0,
  timedOut: false,
  aborted: false,
  connectionLost: true
}
swarm.chat.failure {
  requestId: 'c7f78142-e846-4247-9601-de2da3215098',
  durationMs: 15,
  stage: 'plan',
  category: 'server',
  status: 503,
  attempt: 1,
  retryCount: 0,
  timedOut: false,
  aborted: false,
  connectionLost: false
}
swarm.chat.failure {
  requestId: '18fea67b-7678-4bb7-9d65-75c12c1ee0e1',
  durationMs: 10,
  stage: 'chat',
  category: 'server',
  status: 503,
  attempt: 1,
  retryCount: 0,
  timedOut: false,
  aborted: false,
  connectionLost: false
}
swarm.chat.failure {
  requestId: '5d57cbc1-7b56-4b87-aff2-bc1f967cafa4',
  durationMs: 18,
  stage: 'plan',
  category: 'rate_limit',
  status: 429,
  attempt: 1,
  retryCount: 0,
  timedOut: false,
  aborted: false,
  connectionLost: false
}
swarm.chat.failure {
  requestId: '70ebf50a-ae64-4042-a20b-efe1f62c27f0',
  durationMs: 21,
  stage: 'review',
  category: 'network',
  status: undefined,
  attempt: 3,
  retryCount: 2,
  timedOut: false,
  aborted: false,
  connectionLost: true
}
swarm.chat.failure {
  requestId: '231bb918-53b6-4dac-8db0-42b7e7d1d33a',
  durationMs: 5,
  stage: 'chat',
  category: 'network',
  status: undefined,
  attempt: 1,
  retryCount: 0,
  timedOut: false,
  aborted: false,
  connectionLost: true
}
swarm.chat.failure {
  requestId: 'fd00d64d-8c4c-42fc-8ce8-a720d9fa0ded',
  durationMs: 8,
  stage: 'chat',
  category: 'rate_limit',
  status: 429,
  attempt: 1,
  retryCount: 0,
  timedOut: false,
  aborted: false,
  connectionLost: false
}
swarm.chat.failure {
  requestId: 'b82dfc44-dd58-43ff-8bf7-e7545241e02f',
  durationMs: 13,
  stage: 'plan',
  category: 'server',
  status: 503,
  attempt: 1,
  retryCount: 0,
  timedOut: false,
  aborted: false,
  connectionLost: false
}
swarm.chat.failure {
  requestId: '76cce539-e1a6-44fc-a113-76ea61b47f86',
  durationMs: 7,
  stage: 'chat',
  category: 'server',
  status: 503,
  attempt: 1,
  retryCount: 0,
  timedOut: false,
  aborted: false,
  connectionLost: false
}
swarm.chat.failure {
  requestId: 'c3d2919f-4000-4583-b044-c396d0d4e20f',
  durationMs: 11,
  stage: 'plan',
  category: 'rate_limit',
  status: 429,
  attempt: 1,
  retryCount: 0,
  timedOut: false,
  aborted: false,
  connectionLost: false
}
swarm.chat.failure {
  requestId: '7766dcc4-b6e1-44d6-9e61-bf1183a7686f',
  durationMs: 22,
  stage: 'review',
  category: 'network',
  status: undefined,
  attempt: 3,
  retryCount: 2,
  timedOut: false,
  aborted: false,
  connectionLost: true
}
swarm.chat.failure {
  requestId: '4147eeb4-45ec-49a8-8109-6d47d4135682',
  durationMs: 13,
  stage: 'chat',
  category: 'rate_limit',
  status: 429,
  attempt: 1,
  retryCount: 0,
  timedOut: false,
  aborted: false,
  connectionLost: false
}
swarm.chat.failure {
  requestId: '747ad476-c896-4d3b-85a8-304ee1c1e4c5',
  durationMs: 14,
  stage: 'chat',
  category: 'network',
  status: undefined,
  attempt: 1,
  retryCount: 0,
  timedOut: false,
  aborted: false,
  connectionLost: true
}
swarm.chat.failure {
  requestId: 'fee9305f-24f6-4c71-8426-d1985fc83081',
  durationMs: 16,
  stage: 'plan',
  category: 'server',
  status: 503,
  attempt: 1,
  retryCount: 0,
  timedOut: false,
  aborted: false,
  connectionLost: false
}
swarm.chat.failure {
  requestId: 'f80418b3-45c9-488b-8dee-c5a7b55881bc',
  durationMs: 11,
  stage: 'chat',
  category: 'server',
  status: 503,
  attempt: 1,
  retryCount: 0,
  timedOut: false,
  aborted: false,
  connectionLost: false
}
swarm.chat.failure {
  requestId: '0296f35c-1608-4188-a5d2-22de3590c841',
  durationMs: 14,
  stage: 'plan',
  category: 'rate_limit',
  status: 429,
  attempt: 1,
  retryCount: 0,
  timedOut: false,
  aborted: false,
  connectionLost: false
}
swarm.chat.failure {
  requestId: '743eb028-05c3-4d26-83d3-98a72c037393',
  durationMs: 27,
  stage: 'review',
  category: 'network',
  status: undefined,
  attempt: 3,
  retryCount: 2,
  timedOut: false,
  aborted: false,
  connectionLost: true
}
swarm.chat.failure {
  requestId: 'f8871472-844b-4a2c-b70d-4a23a7e27748',
  durationMs: 8,
  stage: 'chat',
  category: 'network',
  status: undefined,
  attempt: 1,
  retryCount: 0,
  timedOut: false,
  aborted: false,
  connectionLost: true
}
swarm.chat.failure {
  requestId: 'e8a00aea-94f9-488f-a1b4-4aeab361954e',
  durationMs: 11,
  stage: 'chat',
  category: 'rate_limit',
  status: 429,
  attempt: 1,
  retryCount: 0,
  timedOut: false,
  aborted: false,
  connectionLost: false
}
swarm.chat.failure {
  requestId: '0cb5ff75-bc1a-4611-815a-be5b388b8da4',
  durationMs: 15,
  stage: 'plan',
  category: 'server',
  status: 503,
  attempt: 1,
  retryCount: 0,
  timedOut: false,
  aborted: false,
  connectionLost: false
}
swarm.chat.failure {
  requestId: '73ec5576-9684-4449-9652-d8bab8146c60',
  durationMs: 6,
  stage: 'chat',
  category: 'server',
  status: 503,
  attempt: 1,
  retryCount: 0,
  timedOut: false,
  aborted: false,
  connectionLost: false
}
swarm.chat.failure {
  requestId: 'b7ea8d30-65f3-40fb-9be7-5262823845fd',
  durationMs: 10,
  stage: 'plan',
  category: 'rate_limit',
  status: 429,
  attempt: 1,
  retryCount: 0,
  timedOut: false,
  aborted: false,
  connectionLost: false
}
swarm.chat.failure {
  requestId: '0aead5a3-c282-4f76-adfe-7a626b74664f',
  durationMs: 21,
  stage: 'review',
  category: 'network',
  status: undefined,
  attempt: 3,
  retryCount: 2,
  timedOut: false,
  aborted: false,
  connectionLost: true
}
swarm.chat.failure {
  requestId: '7c050f85-f05c-47ce-9677-5f755064bfa2',
  durationMs: 7,
  stage: 'chat',
  category: 'rate_limit',
  status: 429,
  attempt: 1,
  retryCount: 0,
  timedOut: false,
  aborted: false,
  connectionLost: false
}
swarm.chat.failure {
  requestId: '60d06e64-0a82-40ae-85c2-ae744ce4a609',
  durationMs: 11,
  stage: 'chat',
  category: 'network',
  status: undefined,
  attempt: 1,
  retryCount: 0,
  timedOut: false,
  aborted: false,
  connectionLost: true
}
swarm.chat.failure {
  requestId: '0ea2abda-8468-4d43-9a69-53028878bcd9',
  durationMs: 13,
  stage: 'plan',
  category: 'server',
  status: 503,
  attempt: 1,
  retryCount: 0,
  timedOut: false,
  aborted: false,
  connectionLost: false
}
swarm.chat.failure {
  requestId: '8ce752e8-385c-4262-bdde-70258bf7dcf9',
  durationMs: 16,
  stage: 'chat',
  category: 'server',
  status: 503,
  attempt: 1,
  retryCount: 0,
  timedOut: false,
  aborted: false,
  connectionLost: false
}
swarm.chat.failure {
  requestId: 'ebaa96e6-17a2-4916-bfc9-5a7c1dd7b37a',
  durationMs: 20,
  stage: 'plan',
  category: 'rate_limit',
  status: 429,
  attempt: 1,
  retryCount: 0,
  timedOut: false,
  aborted: false,
  connectionLost: false
}
swarm.chat.failure {
  requestId: 'baf30f02-fa9a-4469-90f7-29d4be46069c',
  durationMs: 36,
  stage: 'review',
  category: 'network',
  status: undefined,
  attempt: 3,
  retryCount: 2,
  timedOut: false,
  aborted: false,
  connectionLost: true
}
swarm.chat.failure {
  requestId: '5f3ed97d-3679-4a21-a259-92154f64de64',
  durationMs: 6,
  stage: 'plan',
  category: 'server',
  status: 503,
  attempt: 1,
  retryCount: 0,
  timedOut: false,
  aborted: false,
  connectionLost: false
}
swarm.chat.failure {
  requestId: '8b49254a-0387-4088-bb63-f67a0cfa302c',
  durationMs: 10,
  stage: 'chat',
  category: 'network',
  status: undefined,
  attempt: 1,
  retryCount: 0,
  timedOut: false,
  aborted: false,
  connectionLost: true
}
swarm.chat.failure {
  requestId: '16287f8d-a561-4b0f-ae46-e9af2a8c497c',
  durationMs: 12,
  stage: 'chat',
  category: 'rate_limit',
  status: 429,
  attempt: 1,
  retryCount: 0,
  timedOut: false,
  aborted: false,
  connectionLost: false
}
swarm.chat.failure {
  requestId: '321bca68-c02f-419b-9f31-bd2062679b3c',
  durationMs: 6,
  stage: 'chat',
  category: 'server',
  status: 503,
  attempt: 1,
  retryCount: 0,
  timedOut: false,
  aborted: false,
  connectionLost: false
}
swarm.chat.failure {
  requestId: '345c547e-a7a8-4c5d-aca6-d5f068264225',
  durationMs: 8,
  stage: 'plan',
  category: 'rate_limit',
  status: 429,
  attempt: 1,
  retryCount: 0,
  timedOut: false,
  aborted: false,
  connectionLost: false
}
swarm.chat.failure {
  requestId: 'cd8dc6ad-4679-47c6-aa82-0fe8b759ea49',
  durationMs: 22,
  stage: 'review',
  category: 'network',
  status: undefined,
  attempt: 3,
  retryCount: 2,
  timedOut: false,
  aborted: false,
  connectionLost: true
}
swarm.chat.failure {
  requestId: 'c130d3d0-b145-4a8c-bb23-31563ee20055',
  durationMs: 6,
  stage: 'chat',
  category: 'rate_limit',
  status: 429,
  attempt: 1,
  retryCount: 0,
  timedOut: false,
  aborted: false,
  connectionLost: false
}
swarm.chat.failure {
  requestId: 'dde800b2-fb33-4d36-a6b9-c50efe5cec4f',
  durationMs: 8,
  stage: 'chat',
  category: 'network',
  status: undefined,
  attempt: 1,
  retryCount: 0,
  timedOut: false,
  aborted: false,
  connectionLost: true
}
swarm.chat.failure {
  requestId: 'b4d43d21-31df-437b-8158-d1c0ebae55f2',
  durationMs: 13,
  stage: 'plan',
  category: 'server',
  status: 503,
  attempt: 1,
  retryCount: 0,
  timedOut: false,
  aborted: false,
  connectionLost: false
}
swarm.chat.failure {
  requestId: '7da9041c-ff52-44f5-8532-be8c2acfdf38',
  durationMs: 11,
  stage: 'chat',
  category: 'server',
  status: 503,
  attempt: 1,
  retryCount: 0,
  timedOut: false,
  aborted: false,
  connectionLost: false
}
swarm.chat.failure {
  requestId: '41888346-dca8-4507-8ea2-eaa1b339b335',
  durationMs: 14,
  stage: 'plan',
  category: 'rate_limit',
  status: 429,
  attempt: 1,
  retryCount: 0,
  timedOut: false,
  aborted: false,
  connectionLost: false
}
swarm.chat.failure {
  requestId: 'b3827627-512a-49d4-af1d-b34b21c97ec9',
  durationMs: 18,
  stage: 'review',
  category: 'network',
  status: undefined,
  attempt: 3,
  retryCount: 2,
  timedOut: false,
  aborted: false,
  connectionLost: true
}
swarm.chat.failure {
  requestId: '964fe5a1-9681-4042-90af-9e4378bc6b44',
  durationMs: 7,
  stage: 'plan',
  category: 'server',
  status: 503,
  attempt: 1,
  retryCount: 0,
  timedOut: false,
  aborted: false,
  connectionLost: false
}
swarm.chat.failure {
  requestId: '81130f0a-02ef-4236-98f2-b8135e22c8ec',
  durationMs: 10,
  stage: 'chat',
  category: 'rate_limit',
  status: 429,
  attempt: 1,
  retryCount: 0,
  timedOut: false,
  aborted: false,
  connectionLost: false
}
swarm.chat.failure {
  requestId: '5194325b-dda8-4bc0-8948-97f7e89e87c9',
  durationMs: 12,
  stage: 'chat',
  category: 'network',
  status: undefined,
  attempt: 1,
  retryCount: 0,
  timedOut: false,
  aborted: false,
  connectionLost: true
}
swarm.chat.failure {
  requestId: '8a1641e4-7566-46cd-a86f-7b23d050f036',
  durationMs: 6,
  stage: 'chat',
  category: 'server',
  status: 503,
  attempt: 1,
  retryCount: 0,
  timedOut: false,
  aborted: false,
  connectionLost: false
}
swarm.chat.failure {
  requestId: 'c08c1c52-0ce0-47a1-82ac-5eea39c614a7',
  durationMs: 7,
  stage: 'plan',
  category: 'rate_limit',
  status: 429,
  attempt: 1,
  retryCount: 0,
  timedOut: false,
  aborted: false,
  connectionLost: false
}
swarm.chat.failure {
  requestId: 'f214f57e-4fa5-494a-8aaf-68cbcee3809a',
  durationMs: 25,
  stage: 'review',
  category: 'network',
  status: undefined,
  attempt: 3,
  retryCount: 2,
  timedOut: false,
  aborted: false,
  connectionLost: true
}
swarm.chat.failure {
  requestId: 'e7f3bacf-1f87-4324-acf2-4a96a9a4214a',
  durationMs: 5,
  stage: 'chat',
  category: 'rate_limit',
  status: 429,
  attempt: 1,
  retryCount: 0,
  timedOut: false,
  aborted: false,
  connectionLost: false
}
swarm.chat.failure {
  requestId: 'b8609b00-313d-499b-83f7-79b1d7228af8',
  durationMs: 8,
  stage: 'chat',
  category: 'network',
  status: undefined,
  attempt: 1,
  retryCount: 0,
  timedOut: false,
  aborted: false,
  connectionLost: true
}
swarm.chat.failure {
  requestId: 'dc6457b9-6a93-4179-b319-c66a206da0e2',
  durationMs: 14,
  stage: 'plan',
  category: 'server',
  status: 503,
  attempt: 1,
  retryCount: 0,
  timedOut: false,
  aborted: false,
  connectionLost: false
}
swarm.chat.failure {
  requestId: 'c0c481ef-e00b-482f-829f-db183450c51f',
  durationMs: 11,
  stage: 'chat',
  category: 'server',
  status: 503,
  attempt: 1,
  retryCount: 0,
  timedOut: false,
  aborted: false,
  connectionLost: false
}
swarm.chat.failure {
  requestId: '7c84e2a1-b247-456f-9816-8a74c8ce32fd',
  durationMs: 14,
  stage: 'plan',
  category: 'rate_limit',
  status: 429,
  attempt: 1,
  retryCount: 0,
  timedOut: false,
  aborted: false,
  connectionLost: false
}
swarm.chat.failure {
  requestId: 'd1879297-894a-4198-9725-9fbacbb72974',
  durationMs: 27,
  stage: 'review',
  category: 'network',
  status: undefined,
  attempt: 3,
  retryCount: 2,
  timedOut: false,
  aborted: false,
  connectionLost: true
}
swarm.chat.failure {
  requestId: 'd0675f10-11d5-4504-bdc0-ad5fb8ac397e',
  durationMs: 6,
  stage: 'chat',
  category: 'network',
  status: undefined,
  attempt: 1,
  retryCount: 0,
  timedOut: false,
  aborted: false,
  connectionLost: true
}
swarm.chat.failure {
  requestId: '6c0265c2-aa97-4b8e-9cfc-4ae29405f7c5',
  durationMs: 7,
  stage: 'chat',
  category: 'rate_limit',
  status: 429,
  attempt: 1,
  retryCount: 0,
  timedOut: false,
  aborted: false,
  connectionLost: false
}
swarm.chat.failure {
  requestId: '948b31ef-d436-44e9-84c3-2bb259aa8da3',
  durationMs: 12,
  stage: 'plan',
  category: 'server',
  status: 503,
  attempt: 1,
  retryCount: 0,
  timedOut: false,
  aborted: false,
  connectionLost: false
}
swarm.chat.failure {
  requestId: 'c26ad8da-9625-4e9f-9e18-1433583181c6',
  durationMs: 6,
  stage: 'chat',
  category: 'server',
  status: 503,
  attempt: 1,
  retryCount: 0,
  timedOut: false,
  aborted: false,
  connectionLost: false
}
swarm.chat.failure {
  requestId: 'dc5cac70-9114-4977-9af0-1e31226497c7',
  durationMs: 10,
  stage: 'plan',
  category: 'rate_limit',
  status: 429,
  attempt: 1,
  retryCount: 0,
  timedOut: false,
  aborted: false,
  connectionLost: false
}
swarm.chat.failure {
  requestId: 'e115383d-fb4c-4724-8d93-124db523d5cd',
  durationMs: 20,
  stage: 'review',
  category: 'network',
  status: undefined,
  attempt: 3,
  retryCount: 2,
  timedOut: false,
  aborted: false,
  connectionLost: true
}
swarm.chat.failure {
  requestId: '693ce4fa-a1e5-4a58-bdbc-3683a7e4c9b9',
  durationMs: 6,
  stage: 'chat',
  category: 'rate_limit',
  status: 429,
  attempt: 1,
  retryCount: 0,
  timedOut: false,
  aborted: false,
  connectionLost: false
}
swarm.chat.failure {
  requestId: '312219e2-97af-45a6-a516-3a1feeb89a68',
  durationMs: 9,
  stage: 'chat',
  category: 'network',
  status: undefined,
  attempt: 1,
  retryCount: 0,
  timedOut: false,
  aborted: false,
  connectionLost: true
}
swarm.chat.failure {
  requestId: 'a1f987e9-00b4-413e-8b98-3b34d09a1158',
  durationMs: 12,
  stage: 'plan',
  category: 'server',
  status: 503,
  attempt: 1,
  retryCount: 0,
  timedOut: false,
  aborted: false,
  connectionLost: false
}
swarm.chat.failure {
  requestId: 'e560ad0f-6c71-4a81-882a-7e55c72d63ca',
  durationMs: 8,
  stage: 'chat',
  category: 'server',
  status: 503,
  attempt: 1,
  retryCount: 0,
  timedOut: false,
  aborted: false,
  connectionLost: false
}
swarm.chat.failure {
  requestId: 'cbbb96bf-0ecb-4018-be9a-7b8e4f6cd488',
  durationMs: 16,
  stage: 'plan',
  category: 'rate_limit',
  status: 429,
  attempt: 1,
  retryCount: 0,
  timedOut: false,
  aborted: false,
  connectionLost: false
}
swarm.chat.failure {
  requestId: 'a359c263-0422-4609-87dc-93f13dc88cea',
  durationMs: 22,
  stage: 'review',
  category: 'network',
  status: undefined,
  attempt: 3,
  retryCount: 2,
  timedOut: false,
  aborted: false,
  connectionLost: true
}
swarm.chat.failure {
  requestId: '3b521d28-8f56-4654-b20e-568aa33fbf98',
  durationMs: 5,
  stage: 'chat',
  category: 'network',
  status: undefined,
  attempt: 1,
  retryCount: 0,
  timedOut: false,
  aborted: false,
  connectionLost: true
}
swarm.chat.failure {
  requestId: 'fb5d2a27-e182-4fda-8455-9bcf3408cb9b',
  durationMs: 9,
  stage: 'plan',
  category: 'server',
  status: 503,
  attempt: 1,
  retryCount: 0,
  timedOut: false,
  aborted: false,
  connectionLost: false
}
swarm.chat.failure {
  requestId: '1663cd9b-bf0d-4ea3-b531-4ef51e0cd1fa',
  durationMs: 15,
  stage: 'chat',
  category: 'rate_limit',
  status: 429,
  attempt: 1,
  retryCount: 0,
  timedOut: false,
  aborted: false,
  connectionLost: false
}
swarm.chat.failure {
  requestId: 'c242bd65-47ab-4077-bf67-4bf07e6ab983',
  durationMs: 8,
  stage: 'chat',
  category: 'server',
  status: 503,
  attempt: 1,
  retryCount: 0,
  timedOut: false,
  aborted: false,
  connectionLost: false
}
swarm.chat.failure {
  requestId: '445a7ad5-f078-4e0d-b756-f7afd7a2d584',
  durationMs: 12,
  stage: 'plan',
  category: 'rate_limit',
  status: 429,
  attempt: 1,
  retryCount: 0,
  timedOut: false,
  aborted: false,
  connectionLost: false
}
swarm.chat.failure {
  requestId: 'ba7ed6a8-42cb-4ebb-97c5-e72a3afab000',
  durationMs: 23,
  stage: 'review',
  category: 'network',
  status: undefined,
  attempt: 3,
  retryCount: 2,
  timedOut: false,
  aborted: false,
  connectionLost: true
}
swarm.chat.failure {
  requestId: '9b135010-bae9-442b-95b6-bd2f653750e8',
  durationMs: 10,
  stage: 'chat',
  category: 'rate_limit',
  status: 429,
  attempt: 1,
  retryCount: 0,
  timedOut: false,
  aborted: false,
  connectionLost: false
}
swarm.chat.failure {
  requestId: 'cc68c2e4-3969-4f3e-af6a-3985c5188dd1',
  durationMs: 13,
  stage: 'chat',
  category: 'network',
  status: undefined,
  attempt: 1,
  retryCount: 0,
  timedOut: false,
  aborted: false,
  connectionLost: true
}
swarm.chat.failure {
  requestId: 'fe6ef090-861b-4d06-815f-73ba8040f697',
  durationMs: 16,
  stage: 'plan',
  category: 'server',
  status: 503,
  attempt: 1,
  retryCount: 0,
  timedOut: false,
  aborted: false,
  connectionLost: false
}
swarm.chat.failure {
  requestId: '87635e45-eb91-4f66-b06c-02c470bf9076',
  durationMs: 8,
  stage: 'chat',
  category: 'server',
  status: 503,
  attempt: 1,
  retryCount: 0,
  timedOut: false,
  aborted: false,
  connectionLost: false
}
swarm.chat.failure {
  requestId: '3435ea3a-ee62-4e1d-9aa7-91c2c677aa46',
  durationMs: 10,
  stage: 'plan',
  category: 'rate_limit',
  status: 429,
  attempt: 1,
  retryCount: 0,
  timedOut: false,
  aborted: false,
  connectionLost: false
}
swarm.chat.failure {
  requestId: 'ecb51346-475e-48c0-9619-2f238e8f94a8',
  durationMs: 19,
  stage: 'review',
  category: 'network',
  status: undefined,
  attempt: 3,
  retryCount: 2,
  timedOut: false,
  aborted: false,
  connectionLost: true
}
swarm.chat.failure {
  requestId: 'd3e3525f-444b-4248-9a6d-5858b4a34eca',
  durationMs: 6,
  stage: 'plan',
  category: 'server',
  status: 503,
  attempt: 1,
  retryCount: 0,
  timedOut: false,
  aborted: false,
  connectionLost: false
}
swarm.chat.failure {
  requestId: '4351ce7f-123f-4b77-b304-7bd9d55dd219',
  durationMs: 9,
  stage: 'chat',
  category: 'network',
  status: undefined,
  attempt: 1,
  retryCount: 0,
  timedOut: false,
  aborted: false,
  connectionLost: true
}
swarm.chat.failure {
  requestId: '3d56155b-6c3a-4439-8449-d042c43de15b',
  durationMs: 11,
  stage: 'chat',
  category: 'rate_limit',
  status: 429,
  attempt: 1,
  retryCount: 0,
  timedOut: false,
  aborted: false,
  connectionLost: false
}
swarm.chat.failure {
  requestId: 'd1389da9-a62c-4447-9eef-eecadced11ed',
  durationMs: 6,
  stage: 'plan',
  category: 'rate_limit',
  status: 429,
  attempt: 1,
  retryCount: 0,
  timedOut: false,
  aborted: false,
  connectionLost: false
}
swarm.chat.failure {
  requestId: 'e96c85b9-0f63-4e7b-8272-88ac5e357c79',
  durationMs: 12,
  stage: 'chat',
  category: 'server',
  status: 503,
  attempt: 1,
  retryCount: 0,
  timedOut: false,
  aborted: false,
  connectionLost: false
}
swarm.chat.failure {
  requestId: 'feec5f1d-653e-4591-9c0a-685e676b9e29',
  durationMs: 23,
  stage: 'review',
  category: 'network',
  status: undefined,
  attempt: 3,
  retryCount: 2,
  timedOut: false,
  aborted: false,
  connectionLost: true
}
swarm.chat.failure {
  requestId: '80b0c2b5-5ca0-45e0-af13-f7ef45692d11',
  durationMs: 5,
  stage: 'chat',
  category: 'rate_limit',
  status: 429,
  attempt: 1,
  retryCount: 0,
  timedOut: false,
  aborted: false,
  connectionLost: false
}
swarm.chat.failure {
  requestId: '66e9b4eb-c9b6-4b31-9e76-552b2c47f5af',
  durationMs: 8,
  stage: 'plan',
  category: 'server',
  status: 503,
  attempt: 1,
  retryCount: 0,
  timedOut: false,
  aborted: false,
  connectionLost: false
}
swarm.chat.failure {
  requestId: '179a82e5-678b-4350-a630-0c8598fe45ba',
  durationMs: 12,
  stage: 'chat',
  category: 'network',
  status: undefined,
  attempt: 1,
  retryCount: 0,
  timedOut: false,
  aborted: false,
  connectionLost: true
}
swarm.chat.failure {
  requestId: '7bd3eece-de9b-4fcc-b3dd-ba189e032300',
  durationMs: 8,
  stage: 'chat',
  category: 'server',
  status: 503,
  attempt: 1,
  retryCount: 0,
  timedOut: false,
  aborted: false,
  connectionLost: false
}
swarm.chat.failure {
  requestId: '9e7b7f5f-77cd-4c7e-bb98-48455e446ff6',
  durationMs: 10,
  stage: 'plan',
  category: 'rate_limit',
  status: 429,
  attempt: 1,
  retryCount: 0,
  timedOut: false,
  aborted: false,
  connectionLost: false
}
swarm.chat.failure {
  requestId: '09914a4b-6030-4262-95c2-466b7cad18d1',
  durationMs: 21,
  stage: 'review',
  category: 'network',
  status: undefined,
  attempt: 3,
  retryCount: 2,
  timedOut: false,
  aborted: false,
  connectionLost: true
}
swarm.chat.failure {
  requestId: 'a1a29e61-28dd-4498-8104-50cd72e8dc68',
  durationMs: 9,
  stage: 'plan',
  category: 'server',
  status: 503,
  attempt: 1,
  retryCount: 0,
  timedOut: false,
  aborted: false,
  connectionLost: false
}
swarm.chat.failure {
  requestId: 'f4159385-70fc-410b-a087-e4f740848d3c',
  durationMs: 12,
  stage: 'chat',
  category: 'network',
  status: undefined,
  attempt: 1,
  retryCount: 0,
  timedOut: false,
  aborted: false,
  connectionLost: true
}
swarm.chat.failure {
  requestId: '0b7e9425-02d7-42ce-8457-5be51e4b8525',
  durationMs: 13,
  stage: 'chat',
  category: 'rate_limit',
  status: 429,
  attempt: 1,
  retryCount: 0,
  timedOut: false,
  aborted: false,
  connectionLost: false
}
swarm.chat.failure {
  requestId: 'f72089ea-6b10-4b80-bfc1-ec90138eb768',
  durationMs: 12,
  stage: 'chat',
  category: 'server',
  status: 503,
  attempt: 1,
  retryCount: 0,
  timedOut: false,
  aborted: false,
  connectionLost: false
}
swarm.chat.failure {
  requestId: '56f3740f-794e-4f0f-a453-5c0fe7802390',
  durationMs: 15,
  stage: 'plan',
  category: 'rate_limit',
  status: 429,
  attempt: 1,
  retryCount: 0,
  timedOut: false,
  aborted: false,
  connectionLost: false
}
swarm.chat.failure {
  requestId: 'b20f5055-f879-48b5-8aab-488df3c7684d',
  durationMs: 28,
  stage: 'review',
  category: 'network',
  status: undefined,
  attempt: 3,
  retryCount: 2,
  timedOut: false,
  aborted: false,
  connectionLost: true
}
swarm.chat.failure {
  requestId: 'ae48b99e-38bf-40e2-8205-90d6f72c9e7a',
  durationMs: 10,
  stage: 'chat',
  category: 'rate_limit',
  status: 429,
  attempt: 1,
  retryCount: 0,
  timedOut: false,
  aborted: false,
  connectionLost: false
}
swarm.chat.failure {
  requestId: '69490871-cf23-4d82-ab58-aaa4be26a025',
  durationMs: 13,
  stage: 'chat',
  category: 'network',
  status: undefined,
  attempt: 1,
  retryCount: 0,
  timedOut: false,
  aborted: false,
  connectionLost: true
}
swarm.chat.failure {
  requestId: '4f446494-9552-474c-8b01-4b77496b81d1',
  durationMs: 17,
  stage: 'plan',
  category: 'server',
  status: 503,
  attempt: 1,
  retryCount: 0,
  timedOut: false,
  aborted: false,
  connectionLost: false
}
swarm.chat.failure {
  requestId: '129374a1-2d23-49b6-a8ed-a57a38574088',
  durationMs: 11,
  stage: 'chat',
  category: 'server',
  status: 503,
  attempt: 1,
  retryCount: 0,
  timedOut: false,
  aborted: false,
  connectionLost: false
}
swarm.chat.failure {
  requestId: 'b457d1a6-b39d-43e5-a216-2eac5937f3ee',
  durationMs: 16,
  stage: 'plan',
  category: 'rate_limit',
  status: 429,
  attempt: 1,
  retryCount: 0,
  timedOut: false,
  aborted: false,
  connectionLost: false
}
swarm.chat.failure {
  requestId: 'a51c15f4-0786-46ff-9836-2d5e0094a83a',
  durationMs: 37,
  stage: 'review',
  category: 'network',
  status: undefined,
  attempt: 3,
  retryCount: 2,
  timedOut: false,
  aborted: false,
  connectionLost: true
}
swarm.chat.failure {
  requestId: 'd14f6581-fd2b-442b-a19d-12d754e64831',
  durationMs: 13,
  stage: 'chat',
  category: 'network',
  status: undefined,
  attempt: 1,
  retryCount: 0,
  timedOut: false,
  aborted: false,
  connectionLost: true
}
swarm.chat.failure {
  requestId: 'b8e43c36-1970-4bd0-9be0-9abc2b47d522',
  durationMs: 15,
  stage: 'chat',
  category: 'rate_limit',
  status: 429,
  attempt: 1,
  retryCount: 0,
  timedOut: false,
  aborted: false,
  connectionLost: false
}
swarm.chat.failure {
  requestId: 'ef141945-46f0-4be8-a062-5bdeb663899b',
  durationMs: 20,
  stage: 'plan',
  category: 'server',
  status: 503,
  attempt: 1,
  retryCount: 0,
  timedOut: false,
  aborted: false,
  connectionLost: false
}
swarm.chat.failure {
  requestId: 'b70d2ea1-0105-4757-ad6c-b2c2463eb003',
  durationMs: 7,
  stage: 'chat',
  category: 'server',
  status: 503,
  attempt: 1,
  retryCount: 0,
  timedOut: false,
  aborted: false,
  connectionLost: false
}
swarm.chat.failure {
  requestId: '3a7f415b-12ea-4e08-b77d-f4b880480ee5',
  durationMs: 12,
  stage: 'plan',
  category: 'rate_limit',
  status: 429,
  attempt: 1,
  retryCount: 0,
  timedOut: false,
  aborted: false,
  connectionLost: false
}
swarm.chat.failure {
  requestId: 'f2282f20-e19f-46cf-8e35-e68b15514d15',
  durationMs: 23,
  stage: 'review',
  category: 'network',
  status: undefined,
  attempt: 3,
  retryCount: 2,
  timedOut: false,
  aborted: false,
  connectionLost: true
}
swarm.chat.failure {
  requestId: 'c6aa7955-9888-48ff-ade2-b6ffff8ea8af',
  durationMs: 6,
  stage: 'chat',
  category: 'rate_limit',
  status: 429,
  attempt: 1,
  retryCount: 0,
  timedOut: false,
  aborted: false,
  connectionLost: false
}
swarm.chat.failure {
  requestId: '87a91fa2-2b6b-456d-a798-0dfd3b20d496',
  durationMs: 14,
  stage: 'chat',
  category: 'network',
  status: undefined,
  attempt: 1,
  retryCount: 0,
  timedOut: false,
  aborted: false,
  connectionLost: true
}
swarm.chat.failure {
  requestId: '86687f15-0ef5-4d24-a482-d6b0ab05f473',
  durationMs: 18,
  stage: 'plan',
  category: 'server',
  status: 503,
  attempt: 1,
  retryCount: 0,
  timedOut: false,
  aborted: false,
  connectionLost: false
}
swarm.chat.failure {
  requestId: '1275647c-2def-4122-a5e4-afed887d7d3c',
  durationMs: 6,
  stage: 'chat',
  category: 'server',
  status: 503,
  attempt: 1,
  retryCount: 0,
  timedOut: false,
  aborted: false,
  connectionLost: false
}
swarm.chat.failure {
  requestId: '58f539c6-00fd-4608-9064-04d898e5706c',
  durationMs: 12,
  stage: 'plan',
  category: 'rate_limit',
  status: 429,
  attempt: 1,
  retryCount: 0,
  timedOut: false,
  aborted: false,
  connectionLost: false
}
swarm.chat.failure {
  requestId: 'da799537-0c65-425b-9a2c-11f013c2af5a',
  durationMs: 21,
  stage: 'review',
  category: 'network',
  status: undefined,
  attempt: 3,
  retryCount: 2,
  timedOut: false,
  aborted: false,
  connectionLost: true
}
